#
# A fatal error has been detected by the Java Runtime Environment:
#
#  SIGSEGV (0xb) at pc=0x00000000003030f0, pid=276805, tid=276891
#
# JRE version: OpenJDK Runtime Environment (17.0.20.1+1) (build 17.0.20.1+1-nixos)
# Java VM: OpenJDK 64-Bit Server VM (17.0.20.1+1-nixos, mixed mode, sharing, tiered, compressed oops, compressed class ptrs, g1 gc, linux-amd64)
# Problematic frame:
# V  [libjvm.so+0x75142c]  void G1CMTask::process_grey_task_entry<true>(G1TaskQueueEntry)+0xdc
#
# Core dump will be written. Default location: Determined by the following: "/nix/store/426gw1hy7qh6wkmpx4nm6hbisyqadkgb-systemd/lib/systemd/systemd-coredump %P %u %g %s %t %c %h %d %F" (alternatively, falling back to /home/costeer/git/quicklauncher/core.276805)
#
# If you would like to submit a bug report, please visit:
#   https://bugreport.java.com/bugreport/crash.jsp
#

---------------  S U M M A R Y ------------

Command Line: --add-opens=java.base/java.lang=ALL-UNNAMED --add-opens=java.base/java.lang.invoke=ALL-UNNAMED --add-opens=java.base/java.util=ALL-UNNAMED --add-opens=java.prefs/java.util.prefs=ALL-UNNAMED --add-exports=jdk.compiler/com.sun.tools.javac.api=ALL-UNNAMED --add-exports=jdk.compiler/com.sun.tools.javac.util=ALL-UNNAMED --add-opens=java.base/java.util=ALL-UNNAMED --add-opens=java.prefs/java.util.prefs=ALL-UNNAMED --add-opens=java.base/java.nio.charset=ALL-UNNAMED --add-opens=java.base/java.net=ALL-UNNAMED --add-opens=java.base/java.util.concurrent.atomic=ALL-UNNAMED --add-opens=java.xml/javax.xml.namespace=ALL-UNNAMED -Xmx4g -Dfile.encoding=UTF-8 -Duser.country -Duser.language=en -Duser.variant -javaagent:/home/costeer/.gradle/wrapper/dists/gradle-8.13-bin/5xuhj0ry160q40clulazy9h7d/gradle-8.13/lib/agents/gradle-instrumentation-agent-8.13.jar org.gradle.launcher.daemon.bootstrap.GradleDaemon 8.13

Host: AMD Ryzen 5 3600 6-Core Processor, 12 cores, 15G, NixOS 26.05 (Yarara)
Time: Thu Sep 17 17:29:33 2026 CEST elapsed time: 1023.468061 seconds (0d 0h 17m 3s)

---------------  T H R E A D  ---------------

Current thread (0x00007e866c0018e0):  ConcurrentGCThread "G1 Conc#2" [stack: 0x00007e861c2fb000,0x00007e861c3fb000] [id=276891]

Stack: [0x00007e861c2fb000,0x00007e861c3fb000],  sp=0x00007e861c3f9c00,  free space=1019k
Native frames: (J=compiled Java code, j=interpreted, Vv=VM code, C=native code)
V  [libjvm.so+0x75142c]  void G1CMTask::process_grey_task_entry<true>(G1TaskQueueEntry)+0xdc
V  [libjvm.so+0x74a8a4]  G1CMBitMapClosure::do_addr(HeapWordImpl**)+0x24
V  [libjvm.so+0x74d481]  G1CMTask::do_marking_step(double, bool, bool)+0x741
V  [libjvm.so+0x752ad4]  G1CMConcurrentMarkingTask::work(unsigned int)+0xc4
V  [libjvm.so+0xff5c5d]  GangWorker::loop()+0x5d
V  [libjvm.so+0xff5cbe]
V  [libjvm.so+0xf37c1b]  Thread::call_run()+0xab
V  [libjvm.so+0xccc2eb]  thread_native_entry(Thread*)+0xeb
C  [libc.so.6+0x9dd93]  start_thread+0x2e3


siginfo: si_signo: 11 (SIGSEGV), si_code: 1 (SEGV_MAPERR), si_addr: 0x00000000003030f0

Registers:
RAX=0x000000000000e016, RBX=0x00007e869c09b320, RCX=0x00007e86a1bcaaa0, RDX=0x00007e86267e1d68
RSP=0x00007e861c3f9bf8, RBP=0x00007e861c3f9c30, RSI=0x00000007850d5b20, RDI=0x00007e861c3f9cc0
R8 =0x0000000000007e85, R9 =0x0000000000000000, R10=0x0000000000000000, R11=0x0000000000000000
R12=0x00007e869c088680, R13=0x00007e861c3f9cb0, R14=0x00007e861c3f9cc0, R15=0x00007e869c09b320
RIP=0x00000000003030f0, EFLAGS=0x0000000000010246, CSGSFS=0x002b000000000033, ERR=0x0000000000000014
  TRAPNO=0x000000000000000e

XMM[0]=0x00007e869c09b320 0x00007e86a1ad4580
XMM[1]=0x0000000000000000 0x00007e869c09b320
XMM[2]=0x0000000000000000 0x3ff29f94c714158a
XMM[3]=0x0000000000000000 0x3fe0000000000000
XMM[4]=0x0000000000000000 0x3fd3333333333333
XMM[5]=0x40c510bf44b2b777 0x4091ca374bc6a7f3
XMM[6]=0x00007e86a2147937 0x00007e861c3f9e40
XMM[7]=0x0000000000000000 0x0000000000000000
XMM[8]=0xcafebabecafebabe 0xcafebabecafebabe
XMM[9]=0x0000000000000000 0x0000000000000000
XMM[10]=0x3f3f3f3f3f3f3f3f 0x3f3f3f3f3f3f3f3f
XMM[11]=0x9999999999999999 0x9999999999999999
XMM[12]=0x2020202020202020 0x2020202020202020
XMM[13]=0x00007e86a18e6b00 0x00007e86a18e6d6c
XMM[14]=0x00007e86a18e6b80 0x00007e86a18e6d6c
XMM[15]=0xcafebabecafebabe 0xcafebabecafebabe
  MXCSR=0x00001fa0


Register to memory mapping:

RAX=0x000000000000e016 is an unknown value
RBX=0x00007e869c09b320 points into unknown readable memory: 0x00007e86a1ad45c8 | c8 45 ad a1 86 7e 00 00
RCX=0x00007e86a1bcaaa0: <offset 0x00000000013caaa0> in /nix/store/j5n2kxk19rgrrkb5z1w310sy7dkvlhgj-openjdk-headless-17.0.20.1+1/lib/openjdk/lib/server/libjvm.so at 0x00007e86a0800000
RDX=0x00007e86267e1d68 is pointing into metadata
RSP=0x00007e861c3f9bf8 points into unknown readable memory: 0x00007e86a0f5142c | 2c 14 f5 a0 86 7e 00 00
RBP=0x00007e861c3f9c30 points into unknown readable memory: 0x00007e861c3f9c60 | 60 9c 3f 1c 86 7e 00 00
RSI=0x00000007850d5b20 points into unknown readable memory: 0x0000000000000001 | 01 00 00 00 00 00 00 00
RDI=0x00007e861c3f9cc0 points into unknown readable memory: 0x00007e86a1ad4368 | 68 43 ad a1 86 7e 00 00
R8 =0x0000000000007e85 is an unknown value
R9 =0x0 is NULL
R10=0x0 is NULL
R11=0x0 is NULL
R12=0x00007e869c088680 points into unknown readable memory: 0x00007e86a1ad4350 | 50 43 ad a1 86 7e 00 00
R13=0x00007e861c3f9cb0 points into unknown readable memory: 0x00007e869c088630 | 30 86 08 9c 86 7e 00 00
R14=0x00007e861c3f9cc0 points into unknown readable memory: 0x00007e86a1ad4368 | 68 43 ad a1 86 7e 00 00
R15=0x00007e869c09b320 points into unknown readable memory: 0x00007e86a1ad45c8 | c8 45 ad a1 86 7e 00 00


Top of Stack: (sp=0x00007e861c3f9bf8)
0x00007e861c3f9bf8:   00007e86a0f5142c 00007e869c09b320
0x00007e861c3f9c08:   00007e86267e1d68 00000007850d5b20
0x00007e861c3f9c18:   000000000000e016 0000000010a40000
0x00007e861c3f9c28:   0000000010a1ab64 00007e861c3f9c60
0x00007e861c3f9c38:   00007e86a0f4a8a4 4024000000000000
0x00007e861c3f9c48:   0000000010a40000 00007e869c088680
0x00007e861c3f9c58:   00000007850d5b20 00007e861c3f9d20
0x00007e861c3f9c68:   00007e86a0f4d481 00007e8624214010
0x00007e861c3f9c78:   0000000155200000 0000000001f80a90
0x00007e861c3f9c88:   0000000010a4003f 00007e869c09b458
0x00007e861c3f9c98:   00007e861c3f9cb0 0000000000000000
0x00007e861c3f9ca8:   000000000000973d 00007e869c088630
0x00007e861c3f9cb8:   00007e869c09b320 00007e86a1ad4368
0x00007e861c3f9cc8:   00007e869c182ba0 00007e8600000003
0x00007e861c3f9cd8:   00007e869c02c510 00007e869c09b320
0x00007e861c3f9ce8:   00007e86a1eecaed 00007e861c3f9d10
0x00007e861c3f9cf8:   00007e869c09b320 00007e867b2fdb40
0x00007e861c3f9d08:   00007e866c001ba0 00007e86a1bef370
0x00007e861c3f9d18:   00007e86a1b862c0 00007e861c3f9da0
0x00007e861c3f9d28:   00007e86a0f52ad4 00007e85f85de0a0
0x00007e861c3f9d38:   00007e85f85de0b0 00000000000003d8
0x00007e861c3f9d48:   00007e85f85de488 3ff7b71eafee6fb5
0x00007e861c3f9d58:   000000002a6a6200 00007e85f85de0b0
0x00007e861c3f9d68:   00007e85f85de0a0 0000000000000001
0x00007e861c3f9d78:   00007e867b2fdb40 0000000000000000
0x00007e861c3f9d88:   00007e866c0018e0 00007e861c3face4
0x00007e861c3f9d98:   00007e866c0018e0 00007e861c3f9df0
0x00007e861c3f9da8:   00007e86a17f5c5d 0000000000000007
0x00007e861c3f9db8:   ffffffff6c0018e0 00007e866c002160
0x00007e861c3f9dc8:   00007e866c0018e0 00007e866c002160
0x00007e861c3f9dd8:   00007e866c0018e0 00007e861c3face4
0x00007e861c3f9de8:   00007e867b2fd867 00007e861c3f9e10 

Instructions: (pc=0x00007e86a0f5142c)
0x00007e86a0f5132c:   58 e8 4e 1a ef ff 48 83 c4 38 5b 41 5c 41 5d 41
0x00007e86a0f5133c:   5e 41 5f 5d e9 0b 58 57 00 66 2e 0f 1f 84 00 00
0x00007e86a0f5134c:   00 00 00 90 55 48 89 e5 41 56 53 48 89 fb 48 89
0x00007e86a0f5135c:   f7 48 83 ec 20 83 e6 01 74 6a 48 89 fe 48 8d 7b
0x00007e86a0f5136c:   08 48 83 e6 fe e8 9a 25 00 00 48 03 83 a0 00 00
0x00007e86a0f5137c:   00 48 89 83 a0 00 00 00 48 3b 83 a8 00 00 00 73
0x00007e86a0f5138c:   10 48 8b 83 c0 00 00 00 48 39 83 b8 00 00 00 72
0x00007e86a0f5139c:   13 48 89 df e8 cb 70 ff ff 84 c0 75 07 c6 83 d0
0x00007e86a0f513ac:   00 00 00 01 48 83 c4 20 5b 41 5e 5d 31 c0 31 d2
0x00007e86a0f513bc:   31 c9 31 f6 31 ff 45 31 c0 c3 66 2e 0f 1f 84 00
0x00007e86a0f513cc:   00 00 00 00 48 8d 05 16 b2 c7 00 80 38 00 74 64
0x00007e86a0f513dc:   48 8d 05 3d 3f c3 00 8b 57 08 8b 48 08 48 d3 e2
0x00007e86a0f513ec:   48 03 10 81 7a 08 00 00 00 c0 7c 55 4c 8b b3 80
0x00007e86a0f513fc:   00 00 00 48 89 d6 48 89 55 d8 48 89 7d e0 e8 c1
0x00007e86a0f5140c:   d5 ff ff 48 8b 55 d8 48 8b 75 e0 4c 89 f7 48 8d
0x00007e86a0f5141c:   0d 7f 96 c7 00 89 45 e8 4c 63 42 0c 42 ff 14 c1
0x00007e86a0f5142c:   48 63 45 e8 48 03 83 a0 00 00 00 e9 41 ff ff ff
0x00007e86a0f5143c:   0f 1f 40 00 48 8b 57 08 81 7a 08 00 00 00 c0 7d
0x00007e86a0f5144c:   ab 48 89 7d e8 e8 0a eb fe ff 48 8b 7d e8 48 98
0x00007e86a0f5145c:   48 3d ff 0f 00 00 77 34 48 8d 05 82 b1 c7 00 4c
0x00007e86a0f5146c:   8b b3 80 00 00 00 80 38 00 74 39 48 8d 15 a2 3e
0x00007e86a0f5147c:   c3 00 8b 47 08 8b 4a 08 48 d3 e0 48 03 02 48 89
0x00007e86a0f5148c:   c2 e9 6d ff ff ff 66 0f 1f 44 00 00 48 89 fe 48
0x00007e86a0f5149c:   8d 7b 08 e8 fc 21 00 00 48 03 83 a0 00 00 00 e9
0x00007e86a0f514ac:   cd fe ff ff 48 8b 57 08 e9 46 ff ff ff 0f 1f 80
0x00007e86a0f514bc:   00 00 00 00 55 48 89 e5 48 81 ec d0 00 00 00 48
0x00007e86a0f514cc:   89 b5 58 ff ff ff 48 89 95 60 ff ff ff 48 89 8d
0x00007e86a0f514dc:   68 ff ff ff 4c 89 85 70 ff ff ff 4c 89 8d 78 ff
0x00007e86a0f514ec:   ff ff 84 c0 74 20 0f 29 45 80 0f 29 4d 90 0f 29
0x00007e86a0f514fc:   55 a0 0f 29 5d b0 0f 29 65 c0 0f 29 6d d0 0f 29
0x00007e86a0f5150c:   75 e0 0f 29 7d f0 48 8d 45 10 48 8d 8d 38 ff ff
0x00007e86a0f5151c:   ff 48 89 fa be 03 00 00 00 48 89 85 40 ff ff ff 


Stack slot to memory mapping:
stack at sp + 0 slots: 0x00007e869c09b320 points into unknown readable memory: 0x00007e86a1ad45c8 | c8 45 ad a1 86 7e 00 00
stack at sp + 1 slots: 0x00007e86267e1d68 is pointing into metadata
stack at sp + 2 slots: 0x00000007850d5b20 points into unknown readable memory: 0x0000000000000001 | 01 00 00 00 00 00 00 00
stack at sp + 3 slots: 0x000000000000e016 is an unknown value
stack at sp + 4 slots: 0x0000000010a40000 is an unknown value
stack at sp + 5 slots: 0x0000000010a1ab64 is an unknown value
stack at sp + 6 slots: 0x00007e861c3f9c60 points into unknown readable memory: 0x00007e861c3f9d20 | 20 9d 3f 1c 86 7e 00 00
stack at sp + 7 slots: 0x00007e86a0f4a8a4: <offset 0x000000000074a8a4> in /nix/store/j5n2kxk19rgrrkb5z1w310sy7dkvlhgj-openjdk-headless-17.0.20.1+1/lib/openjdk/lib/server/libjvm.so at 0x00007e86a0800000


---------------  P R O C E S S  ---------------

Threads class SMR info:
_java_thread_list=0x00007e84e4b78b80, length=263, elements={
0x00007e869c01b690, 0x00007e869c18a000, 0x00007e869c18b3f0, 0x00007e869c1909c0,
0x00007e869c191d80, 0x00007e869c1931a0, 0x00007e869c194b60, 0x00007e869c1960a0,
0x00007e869c19f510, 0x00007e869c1aabc0, 0x00007e869c264fc0, 0x00007e869d419d90,
0x00007e869d488650, 0x00007e869d4f55b0, 0x00007e85b01b7b40, 0x00007e85b01bf480,
0x00007e85b01ef960, 0x00007e85b1127ad0, 0x00007e85b12ade70, 0x00007e85b12b0620,
0x00007e85b3e9ea70, 0x00007e8508040320, 0x00007e850805c080, 0x00007e850807afa0,
0x00007e85cc016bb0, 0x00007e85c4012420, 0x00007e85f83ba960, 0x00007e85c401e8f0,
0x00007e85c40016c0, 0x00007e85c402e270, 0x00007e850400a120, 0x00007e8504001700,
0x00007e8504072430, 0x00007e8504007bf0, 0x00007e8504012f10, 0x00007e8504077750,
0x00007e8504113480, 0x00007e8504078a90, 0x00007e8504121380, 0x00007e86052fad40,
0x00007e85042e1c60, 0x00007e85041218f0, 0x00007e8504113a80, 0x00007e85041140d0,
0x00007e8504002e50, 0x00007e85040bb6f0, 0x00007e85040bbd40, 0x00007e850411b560,
0x00007e850411c440, 0x00007e8504105cb0, 0x00007e8504106b90, 0x00007e85040c3330,
0x00007e85040c3b80, 0x00007e850411f7a0, 0x00007e8504120610, 0x00007e850411d780,
0x00007e850411e7f0, 0x00007e8504103c70, 0x00007e8504104bb0, 0x00007e850404b240,
0x00007e850404c120, 0x00007e850404d040, 0x00007e85040de490, 0x00007e8504226690,
0x00007e853001eb30, 0x00007e85300a9e80, 0x00007e8528004a50, 0x00007e84d0001500,
0x00007e85280039e0, 0x00007e84d00022f0, 0x00007e8528006bc0, 0x00007e85240017d0,
0x00007e84fc006c40, 0x00007e853007b380, 0x00007e850442db10, 0x00007e8504439f30,
0x00007e8504434c30, 0x00007e85044355a0, 0x00007e850443c590, 0x00007e850443d5e0,
0x00007e850443e660, 0x00007e850443f2f0, 0x00007e8504446390, 0x00007e8504447410,
0x00007e8504448490, 0x00007e8504449510, 0x00007e85044388c0, 0x00007e8504439450,
0x00007e8504443df0, 0x00007e8504444a80, 0x00007e850444e3c0, 0x00007e850444f1d0,
0x00007e8504450250, 0x00007e85044512d0, 0x00007e8504452350, 0x00007e85044533d0,
0x00007e8504454660, 0x00007e850444c270, 0x00007e850443f970, 0x00007e85044403b0,
0x00007e850444d740, 0x00007e8504441040, 0x00007e8504441c90, 0x00007e850445a390,
0x00007e8504461ae0, 0x00007e8504476bf0, 0x00007e8504477700, 0x00007e8504478620,
0x00007e8504479620, 0x00007e850447a2b0, 0x00007e850447eba0, 0x00007e850447f830,
0x00007e85044804c0, 0x00007e8504481150, 0x00007e85044821d0, 0x00007e8504482e60,
0x00007e8504485960, 0x00007e850447daf0, 0x00007e8504486f60, 0x00007e8504487a50,
0x00007e8504488ad0, 0x00007e85044ad390, 0x00007e85044ae3d0, 0x00007e85044af800,
0x00007e8504499900, 0x00007e850449a510, 0x00007e850449b160, 0x00007e850449c1e0,
0x00007e850450a5a0, 0x00007e850450b3b0, 0x00007e850447ac60, 0x00007e850447c080,
0x00007e850452ea80, 0x00007e850452fa40, 0x00007e8504530ad0, 0x00007e8504531b70,
0x00007e8504532c10, 0x00007e8504533ca0, 0x00007e8504534d30, 0x00007e8504535dd0,
0x00007e85044ac280, 0x00007e8504509d80, 0x00007e85044aae90, 0x00007e850453d750,
0x00007e850453e5b0, 0x00007e8504537d40, 0x00007e8504538750, 0x00007e85045399c0,
0x00007e850453a7a0, 0x00007e8504543110, 0x00007e8504543f70, 0x00007e8504545010,
0x00007e85045460a0, 0x00007e850454adf0, 0x00007e85045469f0, 0x00007e8504547a60,
0x00007e8504548700, 0x00007e85045493b0, 0x00007e850454a060, 0x00007e850454c580,
0x00007e850454d610, 0x00007e850454e6b0, 0x00007e850454f750, 0x00007e8504550800,
0x00007e8504551890, 0x00007e850410b9f0, 0x00007e850410d6b0, 0x00007e85a401db30,
0x00007e85a402a990, 0x00007e85a402bc00, 0x00007e85a402cc30, 0x00007e85a402dc60,
0x00007e85a402d6f0, 0x00007e85a402e720, 0x00007e85a402f350, 0x00007e85a402ff90,
0x00007e85a4030fc0, 0x00007e85a4032000, 0x00007e85a4034630, 0x00007e85bc006ff0,
0x00007e85bc008f80, 0x00007e85c800cf00, 0x00007e85b801d6b0, 0x00007e85c8012ce0,
0x00007e85b802abb0, 0x00007e85bc00e170, 0x00007e85c400c2a0, 0x00007e85a86d70a0,
0x00007e85a86d80a0, 0x00007e85c000a1f0, 0x00007e85bc00f7d0, 0x00007e85c40118b0,
0x00007e85c000b740, 0x00007e85b402f210, 0x00007e85a4040f50, 0x00007e85c8010960,
0x00007e85c8012240, 0x00007e85a0088a80, 0x00007e869c1e41a0, 0x00007e869c1e6340,
0x00007e869c1e4710, 0x00007e85c407dd50, 0x00007e85c407ef40, 0x00007e85c407e2c0,
0x00007e85f45ce800, 0x00007e85f45cc230, 0x00007e85f4d800d0, 0x00007e86145db720,
0x00007e85f00273b0, 0x00007e85f0027fd0, 0x00007e85f0034a30, 0x00007e85f0028c10,
0x00007e84e4d2fa30, 0x00007e84e4746bc0, 0x00007e84e518a9e0, 0x00007e85cc075fa0,
0x00007e84e4135e90, 0x00007e85c806efe0, 0x00007e860aaa1420, 0x00007e860c3f94f0,
0x00007e860c3faf40, 0x00007e8524015e20, 0x00007e85214f0470, 0x00007e8519123770,
0x00007e85c8342200, 0x00007e85c81327a0, 0x00007e85c8132060, 0x00007e85c8136660,
0x00007e85c8136f10, 0x00007e85c8137f70, 0x00007e85c8138f90, 0x00007e85c8139fb0,
0x00007e85c813b010, 0x00007e85c813c550, 0x00007e85c82a0190, 0x00007e867071ebb0,
0x00007e857401ae60, 0x00007e8570002070, 0x00007e857c0b3b70, 0x00007e8578176bf0,
0x00007e858400a140, 0x00007e8580020da0, 0x00007e858c027540, 0x00007e8588016350,
0x00007e85940095c0, 0x00007e8590013480, 0x00007e859c0a7dc0, 0x00007e8598046fc0,
0x00007e860c9adc00, 0x00007e860c99b400, 0x00007e84e4ac0cb0, 0x00007e8668024840,
0x00007e85e803ba60, 0x00007e84e42ad9b0, 0x00007e84e474b630, 0x00007e8604770e30,
0x00007e84e48bdef0, 0x00007e85f4d80ae0, 0x00007e84e43781a0, 0x00007e84e4b70390,
0x00007e866800f0e0, 0x00007e85e019edf0, 0x00007e84e5124530
}

Java Threads: ( => current thread )
  0x00007e869c01b690 JavaThread "main" [_thread_blocked, id=276806, stack(0x00007e86a0700000,0x00007e86a0800000)]
  0x00007e869c18a000 JavaThread "Reference Handler" daemon [_thread_blocked, id=276816, stack(0x00007e8678122000,0x00007e8678222000)]
  0x00007e869c18b3f0 JavaThread "Finalizer" daemon [_thread_blocked, id=276817, stack(0x00007e8678022000,0x00007e8678122000)]
  0x00007e869c1909c0 JavaThread "Signal Dispatcher" daemon [_thread_blocked, id=276818, stack(0x00007e861eb00000,0x00007e861ec00000)]
  0x00007e869c191d80 JavaThread "Service Thread" daemon [_thread_blocked, id=276819, stack(0x00007e861ea00000,0x00007e861eb00000)]
  0x00007e869c1931a0 JavaThread "Monitor Deflation Thread" daemon [_thread_blocked, id=276820, stack(0x00007e861e900000,0x00007e861ea00000)]
  0x00007e869c194b60 JavaThread "C2 CompilerThread0" daemon [_thread_in_native, id=276821, stack(0x00007e861e800000,0x00007e861e900000)]
  0x00007e869c1960a0 JavaThread "C1 CompilerThread0" daemon [_thread_blocked, id=276822, stack(0x00007e861e700000,0x00007e861e800000)]
  0x00007e869c19f510 JavaThread "Sweeper thread" daemon [_thread_blocked, id=276823, stack(0x00007e861e600000,0x00007e861e700000)]
  0x00007e869c1aabc0 JavaThread "Common-Cleaner" daemon [_thread_blocked, id=276824, stack(0x00007e861e500000,0x00007e861e600000)]
  0x00007e869c264fc0 JavaThread "Notification Thread" daemon [_thread_blocked, id=276825, stack(0x00007e861e400000,0x00007e861e500000)]
  0x00007e869d419d90 JavaThread "Daemon health stats" [_thread_blocked, id=276849, stack(0x00007e861dafa000,0x00007e861dbfa000)]
  0x00007e869d488650 JavaThread "Incoming local TCP Connector on port 33185" [_thread_in_native, id=276850, stack(0x00007e861d700000,0x00007e861d800000)]
  0x00007e869d4f55b0 JavaThread "Daemon periodic checks" [_thread_blocked, id=276854, stack(0x00007e861d600000,0x00007e861d700000)]
  0x00007e85b01b7b40 JavaThread "Cache worker for journal cache (/home/costeer/.gradle/caches/journal-1)" [_thread_blocked, id=276872, stack(0x00007e861c9fc000,0x00007e861cafc000)]
  0x00007e85b01bf480 JavaThread "File lock request listener" [_thread_in_native, id=276873, stack(0x00007e861c8fc000,0x00007e861c9fc000)]
  0x00007e85b01ef960 JavaThread "Cache worker for file hash cache (/home/costeer/.gradle/caches/8.13/fileHashes)" [_thread_blocked, id=276874, stack(0x00007e861c7fc000,0x00007e861c8fc000)]
  0x00007e85b1127ad0 JavaThread "Cache worker for file content cache (/home/costeer/.gradle/caches/8.13/fileContent)" [_thread_blocked, id=276898, stack(0x00007e861c1fa000,0x00007e861c2fa000)]
  0x00007e85b12ade70 JavaThread "File watcher server" daemon [_thread_in_native, id=276905, stack(0x00007e861c0fa000,0x00007e861c1fa000)]
  0x00007e85b12b0620 JavaThread "File watcher consumer" daemon [_thread_blocked, id=276906, stack(0x00007e856ff00000,0x00007e8570000000)]
  0x00007e85b3e9ea70 JavaThread "Memory manager" [_thread_blocked, id=277272, stack(0x00007e856d2fa000,0x00007e856d3fa000)]
  0x00007e8508040320 JavaThread "process reaper (pid 279118)" daemon [_thread_in_native, id=279119, stack(0x00007e86a06de000,0x00007e86a0700000)]
  0x00007e850805c080 JavaThread "RMI Scheduler(0)" daemon [_thread_blocked, id=279154, stack(0x00007e8494f00000,0x00007e8495000000)]
  0x00007e850807afa0 JavaThread "RMI TCP Accept-0" daemon [_thread_in_native, id=279158, stack(0x00007e8494c00000,0x00007e8494d00000)]
  0x00007e85cc016bb0 JavaThread "Daemon Thread 3" [_thread_blocked, id=310346, stack(0x00007e8494800000,0x00007e8494900000)]
  0x00007e85c4012420 JavaThread "Daemon worker Thread 3" [_thread_blocked, id=310349, stack(0x00007e8494d00000,0x00007e8494e00000)]
  0x00007e85f83ba960 JavaThread "C2 CompilerThread1" daemon [_thread_in_native, id=310356, stack(0x00007e856e4fa000,0x00007e856e5fa000)]
  0x00007e85c401e8f0 JavaThread "VFS cleanup Thread 3" [_thread_blocked, id=310469, stack(0x00007e84a3800000,0x00007e84a3900000)]
  0x00007e85c40016c0 JavaThread "Handler for socket connection from /127.0.0.1:33185 to /127.0.0.1:54992" [_thread_in_native, id=310760, stack(0x00007e849a400000,0x00007e849a500000)]
  0x00007e85c402e270 JavaThread "Cancel handler" [_thread_blocked, id=310761, stack(0x00007e8494a00000,0x00007e8494b00000)]
  0x00007e850400a120 JavaThread "Asynchronous log dispatcher for DefaultDaemonConnection: socket connection from /127.0.0.1:33185 to /127.0.0.1:54992" [_thread_blocked, id=310762, stack(0x00007e8494600000,0x00007e8494700000)]
  0x00007e8504001700 JavaThread "Stdin handler" [_thread_blocked, id=310763, stack(0x00007e861e1ff000,0x00007e861e2ff000)]
  0x00007e8504072430 JavaThread "Daemon client event forwarder" [_thread_blocked, id=310764, stack(0x00007e8499e00000,0x00007e8499f00000)]
  0x00007e8504007bf0 JavaThread "Cache worker for file hash cache (/home/costeer/git/quicklauncher/.gradle/8.13/fileHashes)" [_thread_blocked, id=310765, stack(0x00007e861d200000,0x00007e861d300000)]
  0x00007e8504012f10 JavaThread "Cache worker for checksums cache (/home/costeer/git/quicklauncher/.gradle/8.13/checksums)" [_thread_blocked, id=310766, stack(0x00007e856eefa000,0x00007e856effa000)]
  0x00007e8504077750 JavaThread "Cache worker for Build Output Cleanup Cache (/home/costeer/git/quicklauncher/.gradle/buildOutputCleanup)" [_thread_blocked, id=310767, stack(0x00007e84a2700000,0x00007e84a2800000)]
  0x00007e8504113480 JavaThread "Cache worker for cache directory md-supplier (/home/costeer/.gradle/caches/8.13/md-supplier)" [_thread_blocked, id=310768, stack(0x00007e849b600000,0x00007e849b700000)]
  0x00007e8504078a90 JavaThread "Cache worker for cache directory md-rule (/home/costeer/.gradle/caches/8.13/md-rule)" [_thread_blocked, id=310769, stack(0x00007e861d300000,0x00007e861d400000)]
  0x00007e8504121380 JavaThread "Configuration cache report writer" [_thread_blocked, id=310770, stack(0x00007e8494900000,0x00007e8494a00000)]
  0x00007e86052fad40 JavaThread "C2 CompilerThread2" daemon [_thread_in_native, id=310771, stack(0x00007e856defa000,0x00007e856dffa000)]
  0x00007e85042e1c60 JavaThread "Unconstrained build operations" [_thread_blocked, id=310775, stack(0x00007e849b000000,0x00007e849b100000)]
  0x00007e85041218f0 JavaThread "Unconstrained build operations Thread 2" [_thread_blocked, id=310776, stack(0x00007e856f4fa000,0x00007e856f5fa000)]
  0x00007e8504113a80 JavaThread "Unconstrained build operations Thread 3" [_thread_blocked, id=310777, stack(0x00007e84a1000000,0x00007e84a1100000)]
  0x00007e85041140d0 JavaThread "Unconstrained build operations Thread 4" [_thread_blocked, id=310778, stack(0x00007e849a600000,0x00007e849a700000)]
  0x00007e8504002e50 JavaThread "Unconstrained build operations Thread 5" [_thread_blocked, id=310779, stack(0x00007e856cefa000,0x00007e856cffa000)]
  0x00007e85040bb6f0 JavaThread "Unconstrained build operations Thread 6" [_thread_blocked, id=310780, stack(0x00007e84a2100000,0x00007e84a2200000)]
  0x00007e85040bbd40 JavaThread "Unconstrained build operations Thread 7" [_thread_blocked, id=310781, stack(0x00007e8494b00000,0x00007e8494c00000)]
  0x00007e850411b560 JavaThread "Unconstrained build operations Thread 8" [_thread_blocked, id=310782, stack(0x00007e84a3d00000,0x00007e84a3e00000)]
  0x00007e850411c440 JavaThread "Unconstrained build operations Thread 9" [_thread_blocked, id=310783, stack(0x00007e84a1e00000,0x00007e84a1f00000)]
  0x00007e8504105cb0 JavaThread "Unconstrained build operations Thread 10" [_thread_blocked, id=310784, stack(0x00007e856d0fa000,0x00007e856d1fa000)]
  0x00007e8504106b90 JavaThread "Unconstrained build operations Thread 11" [_thread_blocked, id=310785, stack(0x00007e84a1900000,0x00007e84a1a00000)]
  0x00007e85040c3330 JavaThread "Unconstrained build operations Thread 12" [_thread_blocked, id=310786, stack(0x00007e8494e00000,0x00007e8494f00000)]
  0x00007e85040c3b80 JavaThread "Unconstrained build operations Thread 13" [_thread_blocked, id=310787, stack(0x00007e849bb00000,0x00007e849bc00000)]
  0x00007e850411f7a0 JavaThread "Unconstrained build operations Thread 14" [_thread_blocked, id=310788, stack(0x00007e856f1fa000,0x00007e856f2fa000)]
  0x00007e8504120610 JavaThread "Unconstrained build operations Thread 15" [_thread_blocked, id=310789, stack(0x00007e861d400000,0x00007e861d500000)]
  0x00007e850411d780 JavaThread "Unconstrained build operations Thread 16" [_thread_blocked, id=310790, stack(0x00007e861d500000,0x00007e861d600000)]
  0x00007e850411e7f0 JavaThread "Unconstrained build operations Thread 17" [_thread_blocked, id=310791, stack(0x00007e8494700000,0x00007e8494800000)]
  0x00007e8504103c70 JavaThread "Unconstrained build operations Thread 18" [_thread_blocked, id=310792, stack(0x00007e861d000000,0x00007e861d100000)]
  0x00007e8504104bb0 JavaThread "Unconstrained build operations Thread 19" [_thread_blocked, id=310793, stack(0x00007e861d100000,0x00007e861d200000)]
  0x00007e850404b240 JavaThread "Unconstrained build operations Thread 20" [_thread_blocked, id=310794, stack(0x00007e856e1fa000,0x00007e856e2fa000)]
  0x00007e850404c120 JavaThread "Unconstrained build operations Thread 21" [_thread_blocked, id=310795, stack(0x00007e861c6fc000,0x00007e861c7fc000)]
  0x00007e850404d040 JavaThread "Unconstrained build operations Thread 22" [_thread_blocked, id=310796, stack(0x00007e84a0a00000,0x00007e84a0b00000)]
  0x00007e85040de490 JavaThread "build event listener" [_thread_blocked, id=310797, stack(0x00007e856f2fa000,0x00007e856f3fa000)]
  0x00007e8504226690 JavaThread "ForkJoinPool.commonPool-worker-6" daemon [_thread_blocked, id=310828, stack(0x00007e861cf00000,0x00007e861d000000)]
  0x00007e853001eb30 JavaThread "ForkJoinPool.commonPool-worker-7" daemon [_thread_blocked, id=310829, stack(0x00007e861e0ff000,0x00007e861e1ff000)]
  0x00007e85300a9e80 JavaThread "ForkJoinPool.commonPool-worker-8" daemon [_thread_blocked, id=310830, stack(0x00007e861c5fc000,0x00007e861c6fc000)]
  0x00007e8528004a50 JavaThread "ForkJoinPool.commonPool-worker-9" daemon [_thread_blocked, id=310831, stack(0x00007e861c4fc000,0x00007e861c5fc000)]
  0x00007e84d0001500 JavaThread "ForkJoinPool.commonPool-worker-10" daemon [_thread_blocked, id=310832, stack(0x00007e856f7fa000,0x00007e856f8fa000)]
  0x00007e85280039e0 JavaThread "ForkJoinPool.commonPool-worker-11" daemon [_thread_blocked, id=310833, stack(0x00007e856f6fa000,0x00007e856f7fa000)]
  0x00007e84d00022f0 JavaThread "ForkJoinPool.commonPool-worker-12" daemon [_thread_blocked, id=310834, stack(0x00007e856f5fa000,0x00007e856f6fa000)]
  0x00007e8528006bc0 JavaThread "ForkJoinPool.commonPool-worker-13" daemon [_thread_blocked, id=310835, stack(0x00007e856f3fa000,0x00007e856f4fa000)]
  0x00007e85240017d0 JavaThread "ForkJoinPool.commonPool-worker-14" daemon [_thread_blocked, id=310836, stack(0x00007e856f0fa000,0x00007e856f1fa000)]
  0x00007e84fc006c40 JavaThread "ForkJoinPool.commonPool-worker-15" daemon [_thread_blocked, id=310837, stack(0x00007e856effa000,0x00007e856f0fa000)]
  0x00007e853007b380 JavaThread "ForkJoinPool.commonPool-worker-16" daemon [_thread_blocked, id=310838, stack(0x00007e856edfa000,0x00007e856eefa000)]
  0x00007e850442db10 JavaThread "Build operations" [_thread_blocked, id=310875, stack(0x00007e856ecfa000,0x00007e856edfa000)]
  0x00007e8504439f30 JavaThread "Unconstrained build operations Thread 23" [_thread_blocked, id=310876, stack(0x00007e856ebfa000,0x00007e856ecfa000)]
  0x00007e8504434c30 JavaThread "Unconstrained build operations Thread 24" [_thread_blocked, id=310877, stack(0x00007e856eafa000,0x00007e856ebfa000)]
  0x00007e85044355a0 JavaThread "Unconstrained build operations Thread 25" [_thread_blocked, id=310878, stack(0x00007e856e9fa000,0x00007e856eafa000)]
  0x00007e850443c590 JavaThread "Unconstrained build operations Thread 26" [_thread_blocked, id=310879, stack(0x00007e856e8fa000,0x00007e856e9fa000)]
  0x00007e850443d5e0 JavaThread "Unconstrained build operations Thread 27" [_thread_blocked, id=310880, stack(0x00007e856e7fa000,0x00007e856e8fa000)]
  0x00007e850443e660 JavaThread "Unconstrained build operations Thread 28" [_thread_blocked, id=310881, stack(0x00007e856e6fa000,0x00007e856e7fa000)]
  0x00007e850443f2f0 JavaThread "Unconstrained build operations Thread 29" [_thread_blocked, id=310882, stack(0x00007e856e5fa000,0x00007e856e6fa000)]
  0x00007e8504446390 JavaThread "Unconstrained build operations Thread 30" [_thread_blocked, id=310883, stack(0x00007e856e3fa000,0x00007e856e4fa000)]
  0x00007e8504447410 JavaThread "Unconstrained build operations Thread 31" [_thread_blocked, id=310884, stack(0x00007e856e2fa000,0x00007e856e3fa000)]
  0x00007e8504448490 JavaThread "Unconstrained build operations Thread 32" [_thread_blocked, id=310885, stack(0x00007e856e0fa000,0x00007e856e1fa000)]
  0x00007e8504449510 JavaThread "Unconstrained build operations Thread 33" [_thread_blocked, id=310886, stack(0x00007e856dffa000,0x00007e856e0fa000)]
  0x00007e85044388c0 JavaThread "Unconstrained build operations Thread 34" [_thread_blocked, id=310890, stack(0x00007e856ddfa000,0x00007e856defa000)]
  0x00007e8504439450 JavaThread "Unconstrained build operations Thread 35" [_thread_blocked, id=310891, stack(0x00007e856dcfa000,0x00007e856ddfa000)]
  0x00007e8504443df0 JavaThread "Unconstrained build operations Thread 36" [_thread_blocked, id=310892, stack(0x00007e856dbfa000,0x00007e856dcfa000)]
  0x00007e8504444a80 JavaThread "Unconstrained build operations Thread 37" [_thread_blocked, id=310893, stack(0x00007e856dafa000,0x00007e856dbfa000)]
  0x00007e850444e3c0 JavaThread "Unconstrained build operations Thread 38" [_thread_blocked, id=310894, stack(0x00007e856d9fa000,0x00007e856dafa000)]
  0x00007e850444f1d0 JavaThread "Unconstrained build operations Thread 39" [_thread_blocked, id=310895, stack(0x00007e856d8fa000,0x00007e856d9fa000)]
  0x00007e8504450250 JavaThread "Unconstrained build operations Thread 40" [_thread_blocked, id=310896, stack(0x00007e856d7fa000,0x00007e856d8fa000)]
  0x00007e85044512d0 JavaThread "Unconstrained build operations Thread 41" [_thread_blocked, id=310897, stack(0x00007e856d6fa000,0x00007e856d7fa000)]
  0x00007e8504452350 JavaThread "Unconstrained build operations Thread 42" [_thread_blocked, id=310898, stack(0x00007e856d5fa000,0x00007e856d6fa000)]
  0x00007e85044533d0 JavaThread "Unconstrained build operations Thread 43" [_thread_blocked, id=310899, stack(0x00007e856d4fa000,0x00007e856d5fa000)]
  0x00007e8504454660 JavaThread "Unconstrained build operations Thread 44" [_thread_blocked, id=310900, stack(0x00007e856d3fa000,0x00007e856d4fa000)]
  0x00007e850444c270 JavaThread "Unconstrained build operations Thread 45" [_thread_blocked, id=310901, stack(0x00007e856d1fa000,0x00007e856d2fa000)]
  0x00007e850443f970 JavaThread "Unconstrained build operations Thread 46" [_thread_blocked, id=310902, stack(0x00007e856cffa000,0x00007e856d0fa000)]
  0x00007e85044403b0 JavaThread "Unconstrained build operations Thread 47" [_thread_blocked, id=310903, stack(0x00007e856cdfa000,0x00007e856cefa000)]
  0x00007e850444d740 JavaThread "Unconstrained build operations Thread 48" [_thread_blocked, id=310904, stack(0x00007e856ccfa000,0x00007e856cdfa000)]
  0x00007e8504441040 JavaThread "Unconstrained build operations Thread 49" [_thread_blocked, id=310905, stack(0x00007e856cbfa000,0x00007e856ccfa000)]
  0x00007e8504441c90 JavaThread "Unconstrained build operations Thread 50" [_thread_blocked, id=310906, stack(0x00007e856cafa000,0x00007e856cbfa000)]
  0x00007e850445a390 JavaThread "Unconstrained build operations Thread 51" [_thread_blocked, id=310907, stack(0x00007e856c9fa000,0x00007e856cafa000)]
  0x00007e8504461ae0 JavaThread "Unconstrained build operations Thread 52" [_thread_blocked, id=310914, stack(0x00007e856c8fa000,0x00007e856c9fa000)]
  0x00007e8504476bf0 JavaThread "Unconstrained build operations Thread 53" [_thread_blocked, id=310915, stack(0x00007e856c7fa000,0x00007e856c8fa000)]
  0x00007e8504477700 JavaThread "Unconstrained build operations Thread 54" [_thread_blocked, id=310916, stack(0x00007e856c6fa000,0x00007e856c7fa000)]
  0x00007e8504478620 JavaThread "Unconstrained build operations Thread 55" [_thread_blocked, id=310917, stack(0x00007e856c5fa000,0x00007e856c6fa000)]
  0x00007e8504479620 JavaThread "Unconstrained build operations Thread 56" [_thread_blocked, id=310918, stack(0x00007e856c4fa000,0x00007e856c5fa000)]
  0x00007e850447a2b0 JavaThread "Unconstrained build operations Thread 57" [_thread_blocked, id=310919, stack(0x00007e856c3fa000,0x00007e856c4fa000)]
  0x00007e850447eba0 JavaThread "Unconstrained build operations Thread 58" [_thread_blocked, id=310920, stack(0x00007e856c2fa000,0x00007e856c3fa000)]
  0x00007e850447f830 JavaThread "Unconstrained build operations Thread 59" [_thread_blocked, id=310921, stack(0x00007e856c1fa000,0x00007e856c2fa000)]
  0x00007e85044804c0 JavaThread "Unconstrained build operations Thread 60" [_thread_blocked, id=310922, stack(0x00007e856c0fa000,0x00007e856c1fa000)]
  0x00007e8504481150 JavaThread "Unconstrained build operations Thread 61" [_thread_blocked, id=310923, stack(0x00007e8560300000,0x00007e8560400000)]
  0x00007e85044821d0 JavaThread "Unconstrained build operations Thread 62" [_thread_blocked, id=310924, stack(0x00007e8560200000,0x00007e8560300000)]
  0x00007e8504482e60 JavaThread "Unconstrained build operations Thread 63" [_thread_blocked, id=310925, stack(0x00007e8560100000,0x00007e8560200000)]
  0x00007e8504485960 JavaThread "Unconstrained build operations Thread 64" [_thread_blocked, id=310929, stack(0x00007e8560000000,0x00007e8560100000)]
  0x00007e850447daf0 JavaThread "Unconstrained build operations Thread 65" [_thread_blocked, id=310930, stack(0x00007e84a3f00000,0x00007e84a4000000)]
  0x00007e8504486f60 JavaThread "Unconstrained build operations Thread 66" [_thread_blocked, id=310931, stack(0x00007e84a3e00000,0x00007e84a3f00000)]
  0x00007e8504487a50 JavaThread "Unconstrained build operations Thread 67" [_thread_blocked, id=310932, stack(0x00007e84a3c00000,0x00007e84a3d00000)]
  0x00007e8504488ad0 JavaThread "Unconstrained build operations Thread 68" [_thread_blocked, id=310933, stack(0x00007e84a3b00000,0x00007e84a3c00000)]
  0x00007e85044ad390 JavaThread "Unconstrained build operations Thread 69" [_thread_blocked, id=310934, stack(0x00007e84a3a00000,0x00007e84a3b00000)]
  0x00007e85044ae3d0 JavaThread "Unconstrained build operations Thread 70" [_thread_blocked, id=310935, stack(0x00007e84a3900000,0x00007e84a3a00000)]
  0x00007e85044af800 JavaThread "Unconstrained build operations Thread 71" [_thread_blocked, id=310936, stack(0x00007e84a3700000,0x00007e84a3800000)]
  0x00007e8504499900 JavaThread "Unconstrained build operations Thread 72" [_thread_blocked, id=310937, stack(0x00007e84a3600000,0x00007e84a3700000)]
  0x00007e850449a510 JavaThread "Unconstrained build operations Thread 73" [_thread_blocked, id=310938, stack(0x00007e84a3500000,0x00007e84a3600000)]
  0x00007e850449b160 JavaThread "Unconstrained build operations Thread 74" [_thread_blocked, id=310939, stack(0x00007e84a3400000,0x00007e84a3500000)]
  0x00007e850449c1e0 JavaThread "Unconstrained build operations Thread 75" [_thread_blocked, id=310940, stack(0x00007e84a3300000,0x00007e84a3400000)]
  0x00007e850450a5a0 JavaThread "Unconstrained build operations Thread 76" [_thread_blocked, id=310944, stack(0x00007e84a3200000,0x00007e84a3300000)]
  0x00007e850450b3b0 JavaThread "Unconstrained build operations Thread 77" [_thread_blocked, id=310945, stack(0x00007e84a3100000,0x00007e84a3200000)]
  0x00007e850447ac60 JavaThread "Unconstrained build operations Thread 78" [_thread_blocked, id=310946, stack(0x00007e84a3000000,0x00007e84a3100000)]
  0x00007e850447c080 JavaThread "Unconstrained build operations Thread 79" [_thread_blocked, id=310947, stack(0x00007e84a2f00000,0x00007e84a3000000)]
  0x00007e850452ea80 JavaThread "Unconstrained build operations Thread 80" [_thread_blocked, id=310948, stack(0x00007e84a2e00000,0x00007e84a2f00000)]
  0x00007e850452fa40 JavaThread "Unconstrained build operations Thread 81" [_thread_blocked, id=310949, stack(0x00007e84a2d00000,0x00007e84a2e00000)]
  0x00007e8504530ad0 JavaThread "Unconstrained build operations Thread 82" [_thread_blocked, id=310950, stack(0x00007e84a2c00000,0x00007e84a2d00000)]
  0x00007e8504531b70 JavaThread "Unconstrained build operations Thread 83" [_thread_blocked, id=310951, stack(0x00007e84a2b00000,0x00007e84a2c00000)]
  0x00007e8504532c10 JavaThread "Unconstrained build operations Thread 84" [_thread_blocked, id=310952, stack(0x00007e84a2a00000,0x00007e84a2b00000)]
  0x00007e8504533ca0 JavaThread "Unconstrained build operations Thread 85" [_thread_blocked, id=310953, stack(0x00007e84a2900000,0x00007e84a2a00000)]
  0x00007e8504534d30 JavaThread "Unconstrained build operations Thread 86" [_thread_blocked, id=310954, stack(0x00007e84a2800000,0x00007e84a2900000)]
  0x00007e8504535dd0 JavaThread "Unconstrained build operations Thread 87" [_thread_blocked, id=310955, stack(0x00007e84a2600000,0x00007e84a2700000)]
  0x00007e85044ac280 JavaThread "Unconstrained build operations Thread 88" [_thread_blocked, id=310962, stack(0x00007e84a2500000,0x00007e84a2600000)]
  0x00007e8504509d80 JavaThread "Unconstrained build operations Thread 89" [_thread_blocked, id=310963, stack(0x00007e84a2400000,0x00007e84a2500000)]
  0x00007e85044aae90 JavaThread "Unconstrained build operations Thread 90" [_thread_blocked, id=310964, stack(0x00007e84a2300000,0x00007e84a2400000)]
  0x00007e850453d750 JavaThread "Unconstrained build operations Thread 91" [_thread_blocked, id=310971, stack(0x00007e84a2200000,0x00007e84a2300000)]
  0x00007e850453e5b0 JavaThread "Unconstrained build operations Thread 92" [_thread_blocked, id=310972, stack(0x00007e84a2000000,0x00007e84a2100000)]
  0x00007e8504537d40 JavaThread "Unconstrained build operations Thread 93" [_thread_blocked, id=310973, stack(0x00007e84a1f00000,0x00007e84a2000000)]
  0x00007e8504538750 JavaThread "Unconstrained build operations Thread 94" [_thread_blocked, id=310974, stack(0x00007e84a1d00000,0x00007e84a1e00000)]
  0x00007e85045399c0 JavaThread "Unconstrained build operations Thread 95" [_thread_blocked, id=310975, stack(0x00007e84a1c00000,0x00007e84a1d00000)]
  0x00007e850453a7a0 JavaThread "Unconstrained build operations Thread 96" [_thread_blocked, id=310976, stack(0x00007e84a1b00000,0x00007e84a1c00000)]
  0x00007e8504543110 JavaThread "Unconstrained build operations Thread 97" [_thread_blocked, id=310977, stack(0x00007e84a1a00000,0x00007e84a1b00000)]
  0x00007e8504543f70 JavaThread "Unconstrained build operations Thread 98" [_thread_blocked, id=310978, stack(0x00007e84a1800000,0x00007e84a1900000)]
  0x00007e8504545010 JavaThread "Unconstrained build operations Thread 99" [_thread_blocked, id=310979, stack(0x00007e84a1700000,0x00007e84a1800000)]
  0x00007e85045460a0 JavaThread "Unconstrained build operations Thread 100" [_thread_blocked, id=310980, stack(0x00007e84a1600000,0x00007e84a1700000)]
  0x00007e850454adf0 JavaThread "Unconstrained build operations Thread 101" [_thread_blocked, id=310981, stack(0x00007e84a1500000,0x00007e84a1600000)]
  0x00007e85045469f0 JavaThread "Unconstrained build operations Thread 102" [_thread_blocked, id=310988, stack(0x00007e84a1400000,0x00007e84a1500000)]
  0x00007e8504547a60 JavaThread "Unconstrained build operations Thread 103" [_thread_blocked, id=310989, stack(0x00007e84a1300000,0x00007e84a1400000)]
  0x00007e8504548700 JavaThread "Unconstrained build operations Thread 104" [_thread_blocked, id=310990, stack(0x00007e84a1200000,0x00007e84a1300000)]
  0x00007e85045493b0 JavaThread "Unconstrained build operations Thread 105" [_thread_blocked, id=310991, stack(0x00007e84a1100000,0x00007e84a1200000)]
  0x00007e850454a060 JavaThread "Unconstrained build operations Thread 106" [_thread_blocked, id=310992, stack(0x00007e84a0f00000,0x00007e84a1000000)]
  0x00007e850454c580 JavaThread "Unconstrained build operations Thread 107" [_thread_blocked, id=310993, stack(0x00007e84a0e00000,0x00007e84a0f00000)]
  0x00007e850454d610 JavaThread "Unconstrained build operations Thread 108" [_thread_blocked, id=310994, stack(0x00007e84a0d00000,0x00007e84a0e00000)]
  0x00007e850454e6b0 JavaThread "Unconstrained build operations Thread 109" [_thread_blocked, id=310995, stack(0x00007e84a0c00000,0x00007e84a0d00000)]
  0x00007e850454f750 JavaThread "Unconstrained build operations Thread 110" [_thread_blocked, id=310996, stack(0x00007e84a0b00000,0x00007e84a0c00000)]
  0x00007e8504550800 JavaThread "Unconstrained build operations Thread 111" [_thread_blocked, id=310997, stack(0x00007e84a0900000,0x00007e84a0a00000)]
  0x00007e8504551890 JavaThread "Unconstrained build operations Thread 112" [_thread_blocked, id=310998, stack(0x00007e84a0800000,0x00007e84a0900000)]
  0x00007e850410b9f0 JavaThread "Problems report writer" [_thread_blocked, id=311011, stack(0x00007e84a0700000,0x00007e84a0800000)]
  0x00007e850410d6b0 JavaThread "included builds" [_thread_in_native, id=311012, stack(0x00007e84a0600000,0x00007e84a0700000)]
  0x00007e85a401db30 JavaThread "Execution worker" [_thread_blocked, id=311013, stack(0x00007e84a0500000,0x00007e84a0600000)]
  0x00007e85a402a990 JavaThread "Execution worker Thread 2" [_thread_blocked, id=311014, stack(0x00007e84a0400000,0x00007e84a0500000)]
  0x00007e85a402bc00 JavaThread "Execution worker Thread 3" [_thread_blocked, id=311015, stack(0x00007e84a0300000,0x00007e84a0400000)]
  0x00007e85a402cc30 JavaThread "Execution worker Thread 4" [_thread_blocked, id=311016, stack(0x00007e84a0200000,0x00007e84a0300000)]
  0x00007e85a402dc60 JavaThread "Execution worker Thread 5" [_thread_blocked, id=311017, stack(0x00007e84a0100000,0x00007e84a0200000)]
  0x00007e85a402d6f0 JavaThread "Execution worker Thread 6" [_thread_blocked, id=311018, stack(0x00007e84a0000000,0x00007e84a0100000)]
  0x00007e85a402e720 JavaThread "Execution worker Thread 7" [_thread_blocked, id=311019, stack(0x00007e849bf00000,0x00007e849c000000)]
  0x00007e85a402f350 JavaThread "Execution worker Thread 8" [_thread_blocked, id=311020, stack(0x00007e849be00000,0x00007e849bf00000)]
  0x00007e85a402ff90 JavaThread "Execution worker Thread 9" [_thread_blocked, id=311021, stack(0x00007e849bd00000,0x00007e849be00000)]
  0x00007e85a4030fc0 JavaThread "Execution worker Thread 10" [_thread_blocked, id=311022, stack(0x00007e849bc00000,0x00007e849bd00000)]
  0x00007e85a4032000 JavaThread "Execution worker Thread 11" [_thread_blocked, id=311023, stack(0x00007e849ba00000,0x00007e849bb00000)]
  0x00007e85a4034630 JavaThread "Cache worker for execution history cache (/home/costeer/git/quicklauncher/.gradle/8.13/executionHistory)" [_thread_blocked, id=311024, stack(0x00007e849b900000,0x00007e849ba00000)]
  0x00007e85bc006ff0 JavaThread "Unconstrained build operations Thread 113" [_thread_blocked, id=311025, stack(0x00007e849b800000,0x00007e849b900000)]
  0x00007e85bc008f80 JavaThread "Unconstrained build operations Thread 114" [_thread_blocked, id=311026, stack(0x00007e849b700000,0x00007e849b800000)]
  0x00007e85c800cf00 JavaThread "Unconstrained build operations Thread 116" [_thread_blocked, id=311030, stack(0x00007e849b500000,0x00007e849b600000)]
  0x00007e85b801d6b0 JavaThread "Unconstrained build operations Thread 115" [_thread_blocked, id=311031, stack(0x00007e849b400000,0x00007e849b500000)]
  0x00007e85c8012ce0 JavaThread "Unconstrained build operations Thread 117" [_thread_blocked, id=311032, stack(0x00007e849b300000,0x00007e849b400000)]
  0x00007e85b802abb0 JavaThread "Unconstrained build operations Thread 118" [_thread_blocked, id=311033, stack(0x00007e849b200000,0x00007e849b300000)]
  0x00007e85bc00e170 JavaThread "WorkerExecutor Queue" [_thread_in_Java, id=311034, stack(0x00007e849b100000,0x00007e849b200000)]
  0x00007e85c400c2a0 JavaThread "WorkerExecutor Queue Thread 2" [_thread_in_native, id=311035, stack(0x00007e849af00000,0x00007e849b000000)]
  0x00007e85a86d70a0 JavaThread "WorkerExecutor Queue Thread 3" [_thread_in_Java, id=311036, stack(0x00007e849ae00000,0x00007e849af00000)]
  0x00007e85a86d80a0 JavaThread "WorkerExecutor Queue Thread 4" [_thread_blocked, id=311037, stack(0x00007e849ad00000,0x00007e849ae00000)]
  0x00007e85c000a1f0 JavaThread "WorkerExecutor Queue Thread 6" [_thread_in_native, id=311039, stack(0x00007e849ab00000,0x00007e849ac00000)]
  0x00007e85bc00f7d0 JavaThread "WorkerExecutor Queue Thread 8" [_thread_in_Java, id=311041, stack(0x00007e849a900000,0x00007e849aa00000)]
  0x00007e85c40118b0 JavaThread "WorkerExecutor Queue Thread 9" [_thread_blocked, id=311042, stack(0x00007e849a800000,0x00007e849a900000)]
  0x00007e85c000b740 JavaThread "WorkerExecutor Queue Thread 13" [_thread_blocked, id=311046, stack(0x00007e849a200000,0x00007e849a300000)]
  0x00007e85b402f210 JavaThread "WorkerExecutor Queue Thread 14" [_thread_in_Java, id=311047, stack(0x00007e849a100000,0x00007e849a200000)]
  0x00007e85a4040f50 JavaThread "WorkerExecutor Queue Thread 15" [_thread_blocked, id=311048, stack(0x00007e849a000000,0x00007e849a100000)]
  0x00007e85c8010960 JavaThread "Unconstrained build operations Thread 119" [_thread_blocked, id=311049, stack(0x00007e8499f00000,0x00007e849a000000)]
  0x00007e85c8012240 JavaThread "Unconstrained build operations Thread 120" [_thread_blocked, id=311050, stack(0x00007e8499d00000,0x00007e8499e00000)]
  0x00007e85a0088a80 JavaThread "Exec process Thread 4" [_thread_blocked, id=311086, stack(0x00007e8499c00000,0x00007e8499d00000)]
  0x00007e869c1e41a0 JavaThread "process reaper (pid 311143)" daemon [_thread_in_native, id=311088, stack(0x00007e867b05a000,0x00007e867b07c000)]
  0x00007e869c1e6340 JavaThread "Exec process Thread 5" [_thread_blocked, id=311089, stack(0x00007e8499b00000,0x00007e8499c00000)]
  0x00007e869c1e4710 JavaThread "Exec process Thread 6" [_thread_blocked, id=311090, stack(0x00007e8499a00000,0x00007e8499b00000)]
  0x00007e85c407dd50 JavaThread "pool-10-thread-1" [_thread_blocked, id=311142, stack(0x00007e849ac00000,0x00007e849ad00000)]
  0x00007e85c407ef40 JavaThread "stderr" [_thread_in_native, id=311144, stack(0x00007e849a500000,0x00007e849a600000)]
  0x00007e85c407e2c0 JavaThread "stdout" [_thread_in_native, id=311145, stack(0x00007e8499900000,0x00007e8499a00000)]
  0x00007e85f45ce800 JavaThread "Periodic tasks thread" daemon [_thread_blocked, id=311161, stack(0x00007e8499800000,0x00007e8499900000)]
  0x00007e85f45cc230 JavaThread "ApplicationImpl pooled thread 1" daemon [_thread_blocked, id=311162, stack(0x00007e8499700000,0x00007e8499800000)]
  0x00007e85f4d800d0 JavaThread "DirectBufferWrapper allocation thread" daemon [_thread_blocked, id=311326, stack(0x00007e849a300000,0x00007e849a400000)]
  0x00007e86145db720 JavaThread "process reaper" daemon [_thread_blocked, id=311512, stack(0x00007e867b038000,0x00007e867b05a000)]
  0x00007e85f00273b0 JavaThread "RMI RenewClean-[127.0.0.1:17156,org.jetbrains.kotlin.daemon.common.LoopbackNetworkInterface$ClientLoopbackSocketFactory@5e957d41]" daemon [_thread_blocked, id=311604, stack(0x00007e84991e5000,0x00007e84992e5000)]
  0x00007e85f0027fd0 JavaThread "RMI GC Daemon" daemon [_thread_blocked, id=311605, stack(0x00007e84990e5000,0x00007e84991e5000)]
  0x00007e85f0034a30 JavaThread "RMI TCP Accept-0" daemon [_thread_in_native, id=311607, stack(0x00007e8494100000,0x00007e8494200000)]
  0x00007e85f0028c10 JavaThread "RMI Reaper" [_thread_blocked, id=311608, stack(0x00007e8494000000,0x00007e8494100000)]
  0x00007e84e4d2fa30 JavaThread "RMI TCP Connection(idle)" daemon [_thread_blocked, id=311610, stack(0x00007e8484300000,0x00007e8484400000)]
  0x00007e84e4746bc0 JavaThread "RMI TCP Connection(19)-127.0.0.1" daemon [_thread_in_native, id=311736, stack(0x00007e8484200000,0x00007e8484300000)]
  0x00007e84e518a9e0 JavaThread "RMI TCP Connection(9)-127.0.0.1" daemon [_thread_in_native, id=311774, stack(0x00007e847ff00000,0x00007e8480000000)]
  0x00007e85cc075fa0 JavaThread "WorkerExecutor Queue Thread 17" [_thread_blocked, id=311814, stack(0x00007e847fe00000,0x00007e847ff00000)]
  0x00007e84e4135e90 JavaThread "RMI TCP Connection(16)-127.0.0.1" daemon [_thread_in_native, id=311893, stack(0x00007e849aa00000,0x00007e849ab00000)]
  0x00007e85c806efe0 JavaThread "Cache worker for Java compile cache (/home/costeer/.gradle/caches/8.13/javaCompile)" [_thread_blocked, id=311942, stack(0x00007e847fd00000,0x00007e847fe00000)]
  0x00007e860aaa1420 JavaThread "DefaultDispatcher-worker-2" daemon [_thread_blocked, id=311949, stack(0x00007e847fc00000,0x00007e847fd00000)]
  0x00007e860c3f94f0 JavaThread "DefaultDispatcher-worker-1" daemon [_thread_blocked, id=311950, stack(0x00007e847f700000,0x00007e847f800000)]
  0x00007e860c3faf40 JavaThread "DefaultDispatcher-worker-3" daemon [_thread_blocked, id=311951, stack(0x00007e847f600000,0x00007e847f700000)]
  0x00007e8524015e20 JavaThread "DefaultDispatcher-worker-4" daemon [_thread_blocked, id=311952, stack(0x00007e847f500000,0x00007e847f600000)]
  0x00007e85214f0470 JavaThread "DefaultDispatcher-worker-5" daemon [_thread_blocked, id=311953, stack(0x00007e847f400000,0x00007e847f500000)]
  0x00007e8519123770 JavaThread "DefaultDispatcher-worker-6" daemon [_thread_blocked, id=311954, stack(0x00007e847f300000,0x00007e847f400000)]
  0x00007e85c8342200 JavaThread "Build operations Thread 2" [_thread_blocked, id=311976, stack(0x00007e8484000000,0x00007e8484100000)]
  0x00007e85c81327a0 JavaThread "Build operations Thread 3" [_thread_blocked, id=311977, stack(0x00007e849a700000,0x00007e849a800000)]
  0x00007e85c8132060 JavaThread "Build operations Thread 4" [_thread_blocked, id=311978, stack(0x00007e847fb00000,0x00007e847fc00000)]
  0x00007e85c8136660 JavaThread "Build operations Thread 5" [_thread_blocked, id=311979, stack(0x00007e847fa00000,0x00007e847fb00000)]
  0x00007e85c8136f10 JavaThread "Build operations Thread 6" [_thread_blocked, id=311980, stack(0x00007e847f900000,0x00007e847fa00000)]
  0x00007e85c8137f70 JavaThread "Build operations Thread 7" [_thread_blocked, id=311981, stack(0x00007e847f800000,0x00007e847f900000)]
  0x00007e85c8138f90 JavaThread "Build operations Thread 8" [_thread_blocked, id=311982, stack(0x00007e847f200000,0x00007e847f300000)]
  0x00007e85c8139fb0 JavaThread "Build operations Thread 9" [_thread_blocked, id=311983, stack(0x00007e847f100000,0x00007e847f200000)]
  0x00007e85c813b010 JavaThread "Build operations Thread 10" [_thread_blocked, id=311984, stack(0x00007e847f000000,0x00007e847f100000)]
  0x00007e85c813c550 JavaThread "Build operations Thread 11" [_thread_blocked, id=311985, stack(0x00007e847ef00000,0x00007e847f000000)]
  0x00007e85c82a0190 JavaThread "Build operations Thread 12" [_thread_blocked, id=311986, stack(0x00007e847ee00000,0x00007e847ef00000)]
  0x00007e867071ebb0 JavaThread "WorkerExecutor Queue Thread 19" [_thread_blocked, id=312031, stack(0x00007e847ed00000,0x00007e847ee00000)]
  0x00007e857401ae60 JavaThread "ForkJoinPool-3-worker-1" daemon [_thread_blocked, id=312071, stack(0x00007e847ec00000,0x00007e847ed00000)]
  0x00007e8570002070 JavaThread "ForkJoinPool-3-worker-2" daemon [_thread_blocked, id=312072, stack(0x00007e847eb00000,0x00007e847ec00000)]
  0x00007e857c0b3b70 JavaThread "ForkJoinPool-3-worker-3" daemon [_thread_blocked, id=312073, stack(0x00007e847ea00000,0x00007e847eb00000)]
  0x00007e8578176bf0 JavaThread "ForkJoinPool-3-worker-4" daemon [_thread_blocked, id=312074, stack(0x00007e847e900000,0x00007e847ea00000)]
  0x00007e858400a140 JavaThread "ForkJoinPool-3-worker-5" daemon [_thread_in_Java, id=312075, stack(0x00007e847e800000,0x00007e847e900000)]
  0x00007e8580020da0 JavaThread "ForkJoinPool-3-worker-6" daemon [_thread_blocked, id=312076, stack(0x00007e847e700000,0x00007e847e800000)]
  0x00007e858c027540 JavaThread "ForkJoinPool-3-worker-7" daemon [_thread_blocked, id=312077, stack(0x00007e847e600000,0x00007e847e700000)]
  0x00007e8588016350 JavaThread "ForkJoinPool-3-worker-8" daemon [_thread_blocked, id=312078, stack(0x00007e847e500000,0x00007e847e600000)]
  0x00007e85940095c0 JavaThread "ForkJoinPool-3-worker-9" daemon [_thread_blocked, id=312079, stack(0x00007e847e400000,0x00007e847e500000)]
  0x00007e8590013480 JavaThread "ForkJoinPool-3-worker-10" daemon [_thread_blocked, id=312080, stack(0x00007e847e300000,0x00007e847e400000)]
  0x00007e859c0a7dc0 JavaThread "ForkJoinPool-3-worker-11" daemon [_thread_blocked, id=312081, stack(0x00007e847e200000,0x00007e847e300000)]
  0x00007e8598046fc0 JavaThread "ForkJoinPool-3-worker-12" daemon [_thread_blocked, id=312082, stack(0x00007e847e100000,0x00007e847e200000)]
  0x00007e860c9adc00 JavaThread "Periodic tasks thread" daemon [_thread_blocked, id=312098, stack(0x00007e847e000000,0x00007e847e100000)]
  0x00007e860c99b400 JavaThread "ApplicationImpl pooled thread 1" [_thread_blocked, id=312099, stack(0x00007e8479f00000,0x00007e847a000000)]
  0x00007e84e4ac0cb0 JavaThread "RMI TCP Connection(17)-127.0.0.1" daemon [_thread_in_native, id=312129, stack(0x00007e8479e00000,0x00007e8479f00000)]
  0x00007e8668024840 JavaThread "RMI RenewClean-[127.0.0.1:17156,org.jetbrains.kotlin.daemon.common.LoopbackNetworkInterface$ClientLoopbackSocketFactory@1a2091a6]" daemon [_thread_blocked, id=312146, stack(0x00007e8484100000,0x00007e8484200000)]
  0x00007e85e803ba60 JavaThread "RMI RenewClean-[127.0.0.1:17156,org.jetbrains.kotlin.daemon.common.LoopbackNetworkInterface$ClientLoopbackSocketFactory@69156392]" daemon [_thread_blocked, id=312148, stack(0x00007e8479c00000,0x00007e8479d00000)]
  0x00007e84e42ad9b0 JavaThread "RMI TCP Connection(idle)" daemon [_thread_blocked, id=312151, stack(0x00007e8479b00000,0x00007e8479c00000)]
  0x00007e84e474b630 JavaThread "RMI TCP Connection(18)-127.0.0.1" daemon [_thread_in_native, id=312156, stack(0x00007e8479a00000,0x00007e8479b00000)]
  0x00007e8604770e30 JavaThread "RMI RenewClean-[127.0.0.1:17156,org.jetbrains.kotlin.daemon.common.LoopbackNetworkInterface$ClientLoopbackSocketFactory@2cd7f79c]" daemon [_thread_blocked, id=312160, stack(0x00007e8479900000,0x00007e8479a00000)]
  0x00007e84e48bdef0 JavaThread "RMI TCP Connection(13)-127.0.0.1" daemon [_thread_in_native, id=312163, stack(0x00007e8479800000,0x00007e8479900000)]
  0x00007e85f4d80ae0 JavaThread "RMI RenewClean-[127.0.0.1:17156,org.jetbrains.kotlin.daemon.common.LoopbackNetworkInterface$ClientLoopbackSocketFactory@15a886b7]" daemon [_thread_blocked, id=312173, stack(0x00007e8479700000,0x00007e8479800000)]
  0x00007e84e43781a0 JavaThread "RMI TCP Connection(14)-127.0.0.1" daemon [_thread_in_native, id=312176, stack(0x00007e8479600000,0x00007e8479700000)]
  0x00007e84e4b70390 JavaThread "RMI TCP Connection(15)-127.0.0.1" daemon [_thread_in_native, id=312198, stack(0x00007e8479500000,0x00007e8479600000)]
  0x00007e866800f0e0 JavaThread "WorkerExecutor Queue Thread 21" [_thread_blocked, id=312410, stack(0x00007e8479400000,0x00007e8479500000)]
  0x00007e85e019edf0 JavaThread "WorkerExecutor Queue Thread 22" [_thread_blocked, id=312423, stack(0x00007e8479d00000,0x00007e8479e00000)]
  0x00007e84e5124530 JavaThread "RMI TCP Connection(20)-127.0.0.1" daemon [_thread_in_native, id=312440, stack(0x00007e847867a000,0x00007e847877a000)]

Other Threads:
  0x00007e869c186040 VMThread "VM Thread" [stack: 0x00007e8678223000,0x00007e8678323000] [id=276815]
  0x00007e869c01cb90 WatcherThread [stack: 0x00007e861e300000,0x00007e861e400000] [id=276826]
  0x00007e869c087ba0 GCTaskThread "GC Thread#0" [stack: 0x00007e867b300000,0x00007e867b400000] [id=276810]
  0x00007e86180066a0 GCTaskThread "GC Thread#1" [stack: 0x00007e861dfff000,0x00007e861e0ff000] [id=276832]
  0x00007e8618006fe0 GCTaskThread "GC Thread#2" [stack: 0x00007e861defe000,0x00007e861dffe000] [id=276833]
  0x00007e8618007920 GCTaskThread "GC Thread#3" [stack: 0x00007e861ddfd000,0x00007e861defd000] [id=276834]
  0x00007e8618008340 GCTaskThread "GC Thread#4" [stack: 0x00007e861dcfc000,0x00007e861ddfc000] [id=276835]
  0x00007e8618008d60 GCTaskThread "GC Thread#5" [stack: 0x00007e861dbfb000,0x00007e861dcfb000] [id=276836]
  0x00007e861800ce50 GCTaskThread "GC Thread#6" [stack: 0x00007e861ce00000,0x00007e861cf00000] [id=276865]
  0x00007e861800d740 GCTaskThread "GC Thread#7" [stack: 0x00007e861ccff000,0x00007e861cdff000] [id=276866]
  0x00007e861800e090 GCTaskThread "GC Thread#8" [stack: 0x00007e861cbfe000,0x00007e861ccfe000] [id=276867]
  0x00007e8618009fb0 GCTaskThread "GC Thread#9" [stack: 0x00007e861cafd000,0x00007e861cbfd000] [id=276868]
  0x00007e869c0991d0 ConcurrentGCThread "G1 Main Marker" [stack: 0x00007e867b1ff000,0x00007e867b2ff000] [id=276811]
  0x00007e869c09a150 ConcurrentGCThread "G1 Conc#0" [stack: 0x00007e867b0fe000,0x00007e867b1fe000] [id=276812]
  0x00007e866c000e70 ConcurrentGCThread "G1 Conc#1" [stack: 0x00007e861c3fc000,0x00007e861c4fc000] [id=276890]
=>0x00007e866c0018e0 ConcurrentGCThread "G1 Conc#2" [stack: 0x00007e861c2fb000,0x00007e861c3fb000] [id=276891]
  0x00007e869c1576f0 ConcurrentGCThread "G1 Refine#0" [stack: 0x00007e86784f6000,0x00007e86785f6000] [id=276813]
  0x00007e86640027e0 ConcurrentGCThread "G1 Refine#1" [stack: 0x00007e856fe00000,0x00007e856ff00000] [id=276950]
  0x00007e855c000e70 ConcurrentGCThread "G1 Refine#2" [stack: 0x00007e856fcff000,0x00007e856fdff000] [id=276951]
  0x00007e8554000e70 ConcurrentGCThread "G1 Refine#3" [stack: 0x00007e856fbfe000,0x00007e856fcfe000] [id=276952]
  0x00007e8558000e70 ConcurrentGCThread "G1 Refine#4" [stack: 0x00007e856fafd000,0x00007e856fbfd000] [id=276953]
  0x00007e854c000e70 ConcurrentGCThread "G1 Refine#5" [stack: 0x00007e856f9fc000,0x00007e856fafc000] [id=276954]
  0x00007e8550000e70 ConcurrentGCThread "G1 Refine#6" [stack: 0x00007e856f8fb000,0x00007e856f9fb000] [id=276958]
  0x00007e85440179a0 ConcurrentGCThread "G1 Refine#7" [stack: 0x00007e84994e8000,0x00007e84995e8000] [id=311260]
  0x00007e84c0003180 ConcurrentGCThread "G1 Refine#8" [stack: 0x00007e84993e7000,0x00007e84994e7000] [id=311261]
  0x00007e84cc00af60 ConcurrentGCThread "G1 Refine#9" [stack: 0x00007e84992e6000,0x00007e84993e6000] [id=311262]
  0x00007e869c158600 ConcurrentGCThread "G1 Service" [stack: 0x00007e86783f5000,0x00007e86784f5000] [id=276814]

Threads with active compile tasks:
C2 CompilerThread0  1023484 84394       4       org.jetbrains.kotlin.parsing.AbstractKotlinParsing::at (114 bytes)
C2 CompilerThread1  1023484 84400       4       org.jetbrains.kotlin.parsing.AbstractKotlinParsing::tokenMatches (48 bytes)
C2 CompilerThread2  1023484 84448       4       org.jetbrains.kotlin.parsing.AbstractKotlinParsing::_at (12 bytes)

VM state: not at safepoint (normal execution)

VM Mutex/Monitor currently owned by a thread: None

Heap address: 0x0000000700000000, size: 4096 MB, Compressed Oops mode: Zero based, Oop shift amount: 3

CDS archive(s) mapped at: [0x00007e8623000000-0x00007e8623bc7000-0x00007e8623bc7000), size 12349440, SharedBaseAddress: 0x00007e8623000000, ArchiveRelocationMode: 1.
Compressed class space mapped at: 0x00007e8624000000-0x00007e8664000000, reserved size: 1073741824
Narrow klass base: 0x00007e8623000000, Narrow klass shift: 0, Narrow klass range: 0x100000000

GC Precious Log:
 CPUs: 12 total, 12 available
 Memory: 15916M
 Large Page Support: Disabled
 NUMA Support: Disabled
 Compressed Oops: Enabled (Zero based)
 Heap Region Size: 2M
 Heap Min Capacity: 8M
 Heap Initial Capacity: 250M
 Heap Max Capacity: 4G
 Pre-touch: Disabled
 Parallel Workers: 10
 Concurrent Workers: 3
 Concurrent Refinement Workers: 10
 Periodic GC: Disabled

Heap:
 garbage-first heap   total 2805760K, used 2317234K [0x0000000700000000, 0x0000000800000000)
  region size 2048K, 54 young (110592K), 15 survivors (30720K)
 Metaspace       used 505437K, committed 510016K, reserved 1507328K
  class space    used 63721K, committed 65920K, reserved 1048576K

Heap Regions: E=young(eden), S=young(survivor), O=old, HS=humongous(starts), HC=humongous(continues), CS=collection set, F=free, OA=open archive, CA=closed archive, TAMS=top-at-mark-start (previous, next)
|   0|0x0000000700000000, 0x0000000700200000, 0x0000000700200000|100%| O|  |TAMS 0x0000000700200000, 0x0000000700200000| Untracked 
|   1|0x0000000700200000, 0x0000000700400000, 0x0000000700400000|100%|HS|  |TAMS 0x0000000700400000, 0x0000000700400000| Complete 
|   2|0x0000000700400000, 0x0000000700600000, 0x0000000700600000|100%|HC|  |TAMS 0x0000000700600000, 0x0000000700600000| Complete 
|   3|0x0000000700600000, 0x0000000700800000, 0x0000000700800000|100%| O|  |TAMS 0x0000000700800000, 0x0000000700800000| Untracked 
|   4|0x0000000700800000, 0x0000000700a00000, 0x0000000700a00000|100%| O|  |TAMS 0x0000000700a00000, 0x0000000700a00000| Untracked 
|   5|0x0000000700a00000, 0x0000000700aff800, 0x0000000700c00000| 49%| O|  |TAMS 0x0000000700aff800, 0x0000000700aff800| Untracked 
|   6|0x0000000700c00000, 0x0000000700e00000, 0x0000000700e00000|100%| O|  |TAMS 0x0000000700e00000, 0x0000000700e00000| Untracked 
|   7|0x0000000700e00000, 0x0000000701000000, 0x0000000701000000|100%| O|  |TAMS 0x0000000701000000, 0x0000000701000000| Untracked 
|   8|0x0000000701000000, 0x0000000701200000, 0x0000000701200000|100%| O|  |TAMS 0x0000000701200000, 0x0000000701200000| Untracked 
|   9|0x0000000701200000, 0x0000000701400000, 0x0000000701400000|100%| O|  |TAMS 0x0000000701400000, 0x0000000701400000| Untracked 
|  10|0x0000000701400000, 0x0000000701600000, 0x0000000701600000|100%| O|  |TAMS 0x0000000701600000, 0x0000000701600000| Untracked 
|  11|0x0000000701600000, 0x0000000701800000, 0x0000000701800000|100%| O|  |TAMS 0x0000000701800000, 0x0000000701800000| Untracked 
|  12|0x0000000701800000, 0x0000000701a00000, 0x0000000701a00000|100%| O|  |TAMS 0x0000000701a00000, 0x0000000701a00000| Untracked 
|  13|0x0000000701a00000, 0x0000000701c00000, 0x0000000701c00000|100%| O|  |TAMS 0x0000000701c00000, 0x0000000701c00000| Untracked 
|  14|0x0000000701c00000, 0x0000000701e00000, 0x0000000701e00000|100%| O|  |TAMS 0x0000000701e00000, 0x0000000701e00000| Untracked 
|  15|0x0000000701e00000, 0x0000000702000000, 0x0000000702000000|100%| O|  |TAMS 0x0000000702000000, 0x0000000702000000| Untracked 
|  16|0x0000000702000000, 0x0000000702200000, 0x0000000702200000|100%| O|  |TAMS 0x0000000702200000, 0x0000000702200000| Untracked 
|  17|0x0000000702200000, 0x0000000702400000, 0x0000000702400000|100%| O|  |TAMS 0x0000000702400000, 0x0000000702400000| Untracked 
|  18|0x0000000702400000, 0x0000000702600000, 0x0000000702600000|100%| O|  |TAMS 0x0000000702600000, 0x0000000702600000| Untracked 
|  19|0x0000000702600000, 0x0000000702800000, 0x0000000702800000|100%| O|  |TAMS 0x0000000702800000, 0x0000000702800000| Untracked 
|  20|0x0000000702800000, 0x0000000702a00000, 0x0000000702a00000|100%| O|  |TAMS 0x0000000702a00000, 0x0000000702a00000| Untracked 
|  21|0x0000000702a00000, 0x0000000702c00000, 0x0000000702c00000|100%| O|  |TAMS 0x0000000702c00000, 0x0000000702c00000| Untracked 
|  22|0x0000000702c00000, 0x0000000702e00000, 0x0000000702e00000|100%| O|  |TAMS 0x0000000702e00000, 0x0000000702e00000| Untracked 
|  23|0x0000000702e00000, 0x0000000703000000, 0x0000000703000000|100%| O|  |TAMS 0x0000000703000000, 0x0000000703000000| Untracked 
|  24|0x0000000703000000, 0x0000000703200000, 0x0000000703200000|100%| O|  |TAMS 0x0000000703200000, 0x0000000703200000| Untracked 
|  25|0x0000000703200000, 0x0000000703400000, 0x0000000703400000|100%| O|  |TAMS 0x0000000703400000, 0x0000000703400000| Untracked 
|  26|0x0000000703400000, 0x0000000703600000, 0x0000000703600000|100%| O|  |TAMS 0x0000000703600000, 0x0000000703600000| Untracked 
|  27|0x0000000703600000, 0x0000000703800000, 0x0000000703800000|100%| O|  |TAMS 0x0000000703800000, 0x0000000703800000| Untracked 
|  28|0x0000000703800000, 0x0000000703a00000, 0x0000000703a00000|100%| O|  |TAMS 0x0000000703a00000, 0x0000000703a00000| Untracked 
|  29|0x0000000703a00000, 0x0000000703c00000, 0x0000000703c00000|100%| O|  |TAMS 0x0000000703c00000, 0x0000000703c00000| Untracked 
|  30|0x0000000703c00000, 0x0000000703e00000, 0x0000000703e00000|100%| O|  |TAMS 0x0000000703e00000, 0x0000000703e00000| Untracked 
|  31|0x0000000703e00000, 0x0000000704000000, 0x0000000704000000|100%| O|  |TAMS 0x0000000704000000, 0x0000000704000000| Untracked 
|  32|0x0000000704000000, 0x0000000704200000, 0x0000000704200000|100%| O|  |TAMS 0x0000000704200000, 0x0000000704200000| Untracked 
|  33|0x0000000704200000, 0x0000000704400000, 0x0000000704400000|100%| O|  |TAMS 0x0000000704400000, 0x0000000704400000| Untracked 
|  34|0x0000000704400000, 0x0000000704600000, 0x0000000704600000|100%| O|  |TAMS 0x0000000704600000, 0x0000000704600000| Untracked 
|  35|0x0000000704600000, 0x0000000704800000, 0x0000000704800000|100%| O|  |TAMS 0x0000000704800000, 0x0000000704800000| Untracked 
|  36|0x0000000704800000, 0x0000000704a00000, 0x0000000704a00000|100%| O|  |TAMS 0x0000000704a00000, 0x0000000704a00000| Untracked 
|  37|0x0000000704a00000, 0x0000000704c00000, 0x0000000704c00000|100%| O|  |TAMS 0x0000000704c00000, 0x0000000704c00000| Untracked 
|  38|0x0000000704c00000, 0x0000000704e00000, 0x0000000704e00000|100%| O|  |TAMS 0x0000000704c00000, 0x0000000704e00000| Untracked 
|  39|0x0000000704e00000, 0x0000000705000000, 0x0000000705000000|100%| O|  |TAMS 0x0000000704e00000, 0x0000000705000000| Untracked 
|  40|0x0000000705000000, 0x0000000705200000, 0x0000000705200000|100%| O|  |TAMS 0x0000000705000000, 0x0000000705200000| Untracked 
|  41|0x0000000705200000, 0x0000000705400000, 0x0000000705400000|100%| O|  |TAMS 0x0000000705200000, 0x0000000705400000| Untracked 
|  42|0x0000000705400000, 0x0000000705600000, 0x0000000705600000|100%| O|  |TAMS 0x0000000705600000, 0x0000000705600000| Untracked 
|  43|0x0000000705600000, 0x0000000705800000, 0x0000000705800000|100%| O|  |TAMS 0x0000000705800000, 0x0000000705800000| Untracked 
|  44|0x0000000705800000, 0x0000000705a00000, 0x0000000705a00000|100%| O|  |TAMS 0x0000000705a00000, 0x0000000705a00000| Untracked 
|  45|0x0000000705a00000, 0x0000000705c00000, 0x0000000705c00000|100%| O|  |TAMS 0x0000000705c00000, 0x0000000705c00000| Untracked 
|  46|0x0000000705c00000, 0x0000000705e00000, 0x0000000705e00000|100%| O|  |TAMS 0x0000000705e00000, 0x0000000705e00000| Untracked 
|  47|0x0000000705e00000, 0x0000000706000000, 0x0000000706000000|100%| O|  |TAMS 0x0000000706000000, 0x0000000706000000| Untracked 
|  48|0x0000000706000000, 0x0000000706200000, 0x0000000706200000|100%| O|  |TAMS 0x0000000706000000, 0x0000000706200000| Untracked 
|  49|0x0000000706200000, 0x0000000706400000, 0x0000000706400000|100%| O|  |TAMS 0x0000000706400000, 0x0000000706400000| Untracked 
|  50|0x0000000706400000, 0x0000000706600000, 0x0000000706600000|100%|HS|  |TAMS 0x0000000706600000, 0x0000000706600000| Complete 
|  51|0x0000000706600000, 0x0000000706800000, 0x0000000706800000|100%|HS|  |TAMS 0x0000000706800000, 0x0000000706800000| Complete 
|  52|0x0000000706800000, 0x0000000706a00000, 0x0000000706a00000|100%| O|  |TAMS 0x0000000706a00000, 0x0000000706a00000| Untracked 
|  53|0x0000000706a00000, 0x0000000706c00000, 0x0000000706c00000|100%| O|  |TAMS 0x0000000706c00000, 0x0000000706c00000| Untracked 
|  54|0x0000000706c00000, 0x0000000706e00000, 0x0000000706e00000|100%| O|  |TAMS 0x0000000706e00000, 0x0000000706e00000| Untracked 
|  55|0x0000000706e00000, 0x0000000707000000, 0x0000000707000000|100%| O|  |TAMS 0x0000000707000000, 0x0000000707000000| Untracked 
|  56|0x0000000707000000, 0x0000000707200000, 0x0000000707200000|100%| O|  |TAMS 0x0000000707200000, 0x0000000707200000| Untracked 
|  57|0x0000000707200000, 0x0000000707400000, 0x0000000707400000|100%| O|  |TAMS 0x0000000707400000, 0x0000000707400000| Untracked 
|  58|0x0000000707400000, 0x0000000707600000, 0x0000000707600000|100%| O|  |TAMS 0x0000000707600000, 0x0000000707600000| Untracked 
|  59|0x0000000707600000, 0x0000000707800000, 0x0000000707800000|100%| O|  |TAMS 0x0000000707800000, 0x0000000707800000| Untracked 
|  60|0x0000000707800000, 0x0000000707a00000, 0x0000000707a00000|100%| O|  |TAMS 0x0000000707a00000, 0x0000000707a00000| Untracked 
|  61|0x0000000707a00000, 0x0000000707c00000, 0x0000000707c00000|100%| O|  |TAMS 0x0000000707c00000, 0x0000000707c00000| Untracked 
|  62|0x0000000707c00000, 0x0000000707e00000, 0x0000000707e00000|100%| O|  |TAMS 0x0000000707e00000, 0x0000000707e00000| Untracked 
|  63|0x0000000707e00000, 0x0000000708000000, 0x0000000708000000|100%| O|  |TAMS 0x0000000707e00000, 0x0000000708000000| Untracked 
|  64|0x0000000708000000, 0x0000000708200000, 0x0000000708200000|100%| O|  |TAMS 0x0000000708000000, 0x0000000708200000| Untracked 
|  65|0x0000000708200000, 0x0000000708400000, 0x0000000708400000|100%| O|  |TAMS 0x0000000708400000, 0x0000000708400000| Untracked 
|  66|0x0000000708400000, 0x0000000708600000, 0x0000000708600000|100%| O|  |TAMS 0x0000000708600000, 0x0000000708600000| Untracked 
|  67|0x0000000708600000, 0x0000000708800000, 0x0000000708800000|100%| O|  |TAMS 0x0000000708600000, 0x0000000708800000| Untracked 
|  68|0x0000000708800000, 0x0000000708a00000, 0x0000000708a00000|100%| O|  |TAMS 0x0000000708a00000, 0x0000000708a00000| Untracked 
|  69|0x0000000708a00000, 0x0000000708c00000, 0x0000000708c00000|100%| O|  |TAMS 0x0000000708c00000, 0x0000000708c00000| Untracked 
|  70|0x0000000708c00000, 0x0000000708e00000, 0x0000000708e00000|100%| O|  |TAMS 0x0000000708e00000, 0x0000000708e00000| Untracked 
|  71|0x0000000708e00000, 0x0000000709000000, 0x0000000709000000|100%| O|  |TAMS 0x0000000709000000, 0x0000000709000000| Untracked 
|  72|0x0000000709000000, 0x0000000709200000, 0x0000000709200000|100%| O|  |TAMS 0x0000000709200000, 0x0000000709200000| Untracked 
|  73|0x0000000709200000, 0x0000000709400000, 0x0000000709400000|100%| O|  |TAMS 0x0000000709400000, 0x0000000709400000| Untracked 
|  74|0x0000000709400000, 0x0000000709600000, 0x0000000709600000|100%| O|  |TAMS 0x0000000709400000, 0x0000000709600000| Untracked 
|  75|0x0000000709600000, 0x0000000709800000, 0x0000000709800000|100%| O|  |TAMS 0x0000000709600000, 0x0000000709800000| Untracked 
|  76|0x0000000709800000, 0x0000000709a00000, 0x0000000709a00000|100%| O|  |TAMS 0x0000000709800000, 0x0000000709a00000| Untracked 
|  77|0x0000000709a00000, 0x0000000709c00000, 0x0000000709c00000|100%| O|  |TAMS 0x0000000709c00000, 0x0000000709c00000| Untracked 
|  78|0x0000000709c00000, 0x0000000709e00000, 0x0000000709e00000|100%| O|  |TAMS 0x0000000709e00000, 0x0000000709e00000| Untracked 
|  79|0x0000000709e00000, 0x000000070a000000, 0x000000070a000000|100%| O|  |TAMS 0x000000070a000000, 0x000000070a000000| Untracked 
|  80|0x000000070a000000, 0x000000070a200000, 0x000000070a200000|100%| O|  |TAMS 0x000000070a200000, 0x000000070a200000| Untracked 
|  81|0x000000070a200000, 0x000000070a400000, 0x000000070a400000|100%| O|  |TAMS 0x000000070a400000, 0x000000070a400000| Untracked 
|  82|0x000000070a400000, 0x000000070a600000, 0x000000070a600000|100%| O|  |TAMS 0x000000070a600000, 0x000000070a600000| Untracked 
|  83|0x000000070a600000, 0x000000070a800000, 0x000000070a800000|100%| O|  |TAMS 0x000000070a800000, 0x000000070a800000| Untracked 
|  84|0x000000070a800000, 0x000000070aa00000, 0x000000070aa00000|100%| O|  |TAMS 0x000000070a800000, 0x000000070aa00000| Untracked 
|  85|0x000000070aa00000, 0x000000070ac00000, 0x000000070ac00000|100%| O|  |TAMS 0x000000070aa00000, 0x000000070ac00000| Untracked 
|  86|0x000000070ac00000, 0x000000070ae00000, 0x000000070ae00000|100%| O|  |TAMS 0x000000070ae00000, 0x000000070ae00000| Untracked 
|  87|0x000000070ae00000, 0x000000070b000000, 0x000000070b000000|100%| O|  |TAMS 0x000000070b000000, 0x000000070b000000| Untracked 
|  88|0x000000070b000000, 0x000000070b200000, 0x000000070b200000|100%| O|  |TAMS 0x000000070b200000, 0x000000070b200000| Untracked 
|  89|0x000000070b200000, 0x000000070b400000, 0x000000070b400000|100%| O|  |TAMS 0x000000070b400000, 0x000000070b400000| Untracked 
|  90|0x000000070b400000, 0x000000070b600000, 0x000000070b600000|100%| O|  |TAMS 0x000000070b400000, 0x000000070b600000| Untracked 
|  91|0x000000070b600000, 0x000000070b800000, 0x000000070b800000|100%| O|  |TAMS 0x000000070b600000, 0x000000070b800000| Untracked 
|  92|0x000000070b800000, 0x000000070ba00000, 0x000000070ba00000|100%| O|  |TAMS 0x000000070ba00000, 0x000000070ba00000| Untracked 
|  93|0x000000070ba00000, 0x000000070bc00000, 0x000000070bc00000|100%| O|  |TAMS 0x000000070bc00000, 0x000000070bc00000| Untracked 
|  94|0x000000070bc00000, 0x000000070be00000, 0x000000070be00000|100%| O|  |TAMS 0x000000070be00000, 0x000000070be00000| Untracked 
|  95|0x000000070be00000, 0x000000070c000000, 0x000000070c000000|100%| O|  |TAMS 0x000000070c000000, 0x000000070c000000| Untracked 
|  96|0x000000070c000000, 0x000000070c200000, 0x000000070c200000|100%| O|  |TAMS 0x000000070c000000, 0x000000070c200000| Untracked 
|  97|0x000000070c200000, 0x000000070c400000, 0x000000070c400000|100%| O|  |TAMS 0x000000070c200000, 0x000000070c400000| Untracked 
|  98|0x000000070c400000, 0x000000070c600000, 0x000000070c600000|100%| O|  |TAMS 0x000000070c400000, 0x000000070c600000| Untracked 
|  99|0x000000070c600000, 0x000000070c800000, 0x000000070c800000|100%| O|  |TAMS 0x000000070c600000, 0x000000070c800000| Untracked 
| 100|0x000000070c800000, 0x000000070ca00000, 0x000000070ca00000|100%| O|  |TAMS 0x000000070c800000, 0x000000070ca00000| Untracked 
| 101|0x000000070ca00000, 0x000000070cc00000, 0x000000070cc00000|100%| O|  |TAMS 0x000000070ca00000, 0x000000070cc00000| Untracked 
| 102|0x000000070cc00000, 0x000000070ce00000, 0x000000070ce00000|100%| O|  |TAMS 0x000000070cc00000, 0x000000070ce00000| Untracked 
| 103|0x000000070ce00000, 0x000000070d000000, 0x000000070d000000|100%| O|  |TAMS 0x000000070ce00000, 0x000000070d000000| Untracked 
| 104|0x000000070d000000, 0x000000070d200000, 0x000000070d200000|100%| O|  |TAMS 0x000000070d000000, 0x000000070d200000| Untracked 
| 105|0x000000070d200000, 0x000000070d400000, 0x000000070d400000|100%| O|  |TAMS 0x000000070d200000, 0x000000070d400000| Untracked 
| 106|0x000000070d400000, 0x000000070d600000, 0x000000070d600000|100%| O|  |TAMS 0x000000070d600000, 0x000000070d600000| Untracked 
| 107|0x000000070d600000, 0x000000070d800000, 0x000000070d800000|100%| O|  |TAMS 0x000000070d800000, 0x000000070d800000| Untracked 
| 108|0x000000070d800000, 0x000000070da00000, 0x000000070da00000|100%| O|  |TAMS 0x000000070d800000, 0x000000070da00000| Untracked 
| 109|0x000000070da00000, 0x000000070dc00000, 0x000000070dc00000|100%| O|  |TAMS 0x000000070da00000, 0x000000070dc00000| Untracked 
| 110|0x000000070dc00000, 0x000000070de00000, 0x000000070de00000|100%| O|  |TAMS 0x000000070de00000, 0x000000070de00000| Untracked 
| 111|0x000000070de00000, 0x000000070e000000, 0x000000070e000000|100%| O|  |TAMS 0x000000070e000000, 0x000000070e000000| Untracked 
| 112|0x000000070e000000, 0x000000070e200000, 0x000000070e200000|100%| O|  |TAMS 0x000000070e200000, 0x000000070e200000| Untracked 
| 113|0x000000070e200000, 0x000000070e400000, 0x000000070e400000|100%| O|  |TAMS 0x000000070e400000, 0x000000070e400000| Untracked 
| 114|0x000000070e400000, 0x000000070e600000, 0x000000070e600000|100%| O|  |TAMS 0x000000070e600000, 0x000000070e600000| Untracked 
| 115|0x000000070e600000, 0x000000070e800000, 0x000000070e800000|100%| O|  |TAMS 0x000000070e600000, 0x000000070e800000| Untracked 
| 116|0x000000070e800000, 0x000000070ea00000, 0x000000070ea00000|100%| O|  |TAMS 0x000000070ea00000, 0x000000070ea00000| Untracked 
| 117|0x000000070ea00000, 0x000000070ec00000, 0x000000070ec00000|100%| O|  |TAMS 0x000000070ea00000, 0x000000070ec00000| Untracked 
| 118|0x000000070ec00000, 0x000000070ee00000, 0x000000070ee00000|100%| O|  |TAMS 0x000000070ec00000, 0x000000070ee00000| Untracked 
| 119|0x000000070ee00000, 0x000000070f000000, 0x000000070f000000|100%| O|  |TAMS 0x000000070ee00000, 0x000000070f000000| Untracked 
| 120|0x000000070f000000, 0x000000070f200000, 0x000000070f200000|100%| O|  |TAMS 0x000000070f000000, 0x000000070f200000| Untracked 
| 121|0x000000070f200000, 0x000000070f400000, 0x000000070f400000|100%| O|  |TAMS 0x000000070f200000, 0x000000070f400000| Untracked 
| 122|0x000000070f400000, 0x000000070f600000, 0x000000070f600000|100%| O|  |TAMS 0x000000070f400000, 0x000000070f600000| Untracked 
| 123|0x000000070f600000, 0x000000070f800000, 0x000000070f800000|100%| O|  |TAMS 0x000000070f600000, 0x000000070f800000| Untracked 
| 124|0x000000070f800000, 0x000000070fa00000, 0x000000070fa00000|100%| O|  |TAMS 0x000000070f800000, 0x000000070fa00000| Untracked 
| 125|0x000000070fa00000, 0x000000070fc00000, 0x000000070fc00000|100%| O|  |TAMS 0x000000070fa00000, 0x000000070fc00000| Untracked 
| 126|0x000000070fc00000, 0x000000070fe00000, 0x000000070fe00000|100%| O|  |TAMS 0x000000070fc00000, 0x000000070fe00000| Untracked 
| 127|0x000000070fe00000, 0x0000000710000000, 0x0000000710000000|100%| O|  |TAMS 0x000000070fe00000, 0x0000000710000000| Untracked 
| 128|0x0000000710000000, 0x0000000710200000, 0x0000000710200000|100%| O|  |TAMS 0x0000000710000000, 0x0000000710200000| Untracked 
| 129|0x0000000710200000, 0x0000000710400000, 0x0000000710400000|100%| O|  |TAMS 0x0000000710200000, 0x0000000710400000| Untracked 
| 130|0x0000000710400000, 0x0000000710600000, 0x0000000710600000|100%| O|  |TAMS 0x0000000710400000, 0x0000000710600000| Untracked 
| 131|0x0000000710600000, 0x0000000710800000, 0x0000000710800000|100%| O|  |TAMS 0x0000000710600000, 0x0000000710800000| Untracked 
| 132|0x0000000710800000, 0x0000000710a00000, 0x0000000710a00000|100%| O|  |TAMS 0x0000000710800000, 0x0000000710a00000| Untracked 
| 133|0x0000000710a00000, 0x0000000710c00000, 0x0000000710c00000|100%| O|  |TAMS 0x0000000710c00000, 0x0000000710c00000| Untracked 
| 134|0x0000000710c00000, 0x0000000710e00000, 0x0000000710e00000|100%| O|  |TAMS 0x0000000710e00000, 0x0000000710e00000| Untracked 
| 135|0x0000000710e00000, 0x0000000711000000, 0x0000000711000000|100%| O|  |TAMS 0x0000000711000000, 0x0000000711000000| Untracked 
| 136|0x0000000711000000, 0x0000000711200000, 0x0000000711200000|100%| O|  |TAMS 0x0000000711200000, 0x0000000711200000| Untracked 
| 137|0x0000000711200000, 0x0000000711400000, 0x0000000711400000|100%| O|  |TAMS 0x0000000711400000, 0x0000000711400000| Untracked 
| 138|0x0000000711400000, 0x0000000711600000, 0x0000000711600000|100%| O|  |TAMS 0x0000000711600000, 0x0000000711600000| Untracked 
| 139|0x0000000711600000, 0x0000000711800000, 0x0000000711800000|100%| O|  |TAMS 0x0000000711800000, 0x0000000711800000| Untracked 
| 140|0x0000000711800000, 0x0000000711a00000, 0x0000000711a00000|100%| O|  |TAMS 0x0000000711a00000, 0x0000000711a00000| Untracked 
| 141|0x0000000711a00000, 0x0000000711c00000, 0x0000000711c00000|100%| O|  |TAMS 0x0000000711c00000, 0x0000000711c00000| Untracked 
| 142|0x0000000711c00000, 0x0000000711e00000, 0x0000000711e00000|100%| O|  |TAMS 0x0000000711e00000, 0x0000000711e00000| Untracked 
| 143|0x0000000711e00000, 0x0000000712000000, 0x0000000712000000|100%| O|  |TAMS 0x0000000712000000, 0x0000000712000000| Untracked 
| 144|0x0000000712000000, 0x0000000712200000, 0x0000000712200000|100%| O|  |TAMS 0x0000000712200000, 0x0000000712200000| Untracked 
| 145|0x0000000712200000, 0x0000000712400000, 0x0000000712400000|100%| O|  |TAMS 0x0000000712400000, 0x0000000712400000| Untracked 
| 146|0x0000000712400000, 0x0000000712600000, 0x0000000712600000|100%| O|  |TAMS 0x0000000712600000, 0x0000000712600000| Untracked 
| 147|0x0000000712600000, 0x0000000712800000, 0x0000000712800000|100%| O|  |TAMS 0x0000000712800000, 0x0000000712800000| Untracked 
| 148|0x0000000712800000, 0x0000000712a00000, 0x0000000712a00000|100%| O|  |TAMS 0x0000000712a00000, 0x0000000712a00000| Untracked 
| 149|0x0000000712a00000, 0x0000000712c00000, 0x0000000712c00000|100%| O|  |TAMS 0x0000000712a00000, 0x0000000712c00000| Untracked 
| 150|0x0000000712c00000, 0x0000000712e00000, 0x0000000712e00000|100%| O|  |TAMS 0x0000000712c00000, 0x0000000712e00000| Untracked 
| 151|0x0000000712e00000, 0x0000000713000000, 0x0000000713000000|100%| O|  |TAMS 0x0000000712e00000, 0x0000000713000000| Untracked 
| 152|0x0000000713000000, 0x0000000713200000, 0x0000000713200000|100%| O|  |TAMS 0x0000000713200000, 0x0000000713200000| Untracked 
| 153|0x0000000713200000, 0x0000000713400000, 0x0000000713400000|100%| O|  |TAMS 0x0000000713400000, 0x0000000713400000| Untracked 
| 154|0x0000000713400000, 0x0000000713600000, 0x0000000713600000|100%| O|  |TAMS 0x0000000713600000, 0x0000000713600000| Untracked 
| 155|0x0000000713600000, 0x0000000713800000, 0x0000000713800000|100%| O|  |TAMS 0x0000000713600000, 0x0000000713800000| Untracked 
| 156|0x0000000713800000, 0x0000000713a00000, 0x0000000713a00000|100%| O|  |TAMS 0x0000000713800000, 0x0000000713a00000| Untracked 
| 157|0x0000000713a00000, 0x0000000713c00000, 0x0000000713c00000|100%| O|  |TAMS 0x0000000713a00000, 0x0000000713c00000| Untracked 
| 158|0x0000000713c00000, 0x0000000713e00000, 0x0000000713e00000|100%| O|  |TAMS 0x0000000713e00000, 0x0000000713e00000| Untracked 
| 159|0x0000000713e00000, 0x0000000714000000, 0x0000000714000000|100%| O|  |TAMS 0x0000000713e00000, 0x0000000714000000| Untracked 
| 160|0x0000000714000000, 0x0000000714200000, 0x0000000714200000|100%| O|  |TAMS 0x0000000714000000, 0x0000000714200000| Untracked 
| 161|0x0000000714200000, 0x0000000714400000, 0x0000000714400000|100%| O|  |TAMS 0x0000000714200000, 0x0000000714400000| Untracked 
| 162|0x0000000714400000, 0x0000000714600000, 0x0000000714600000|100%| O|  |TAMS 0x0000000714400000, 0x0000000714600000| Untracked 
| 163|0x0000000714600000, 0x0000000714800000, 0x0000000714800000|100%| O|  |TAMS 0x0000000714600000, 0x0000000714800000| Untracked 
| 164|0x0000000714800000, 0x0000000714a00000, 0x0000000714a00000|100%| O|  |TAMS 0x0000000714800000, 0x0000000714a00000| Untracked 
| 165|0x0000000714a00000, 0x0000000714c00000, 0x0000000714c00000|100%| O|  |TAMS 0x0000000714a00000, 0x0000000714c00000| Untracked 
| 166|0x0000000714c00000, 0x0000000714e00000, 0x0000000714e00000|100%| O|  |TAMS 0x0000000714e00000, 0x0000000714e00000| Untracked 
| 167|0x0000000714e00000, 0x0000000715000000, 0x0000000715000000|100%| O|  |TAMS 0x0000000715000000, 0x0000000715000000| Untracked 
| 168|0x0000000715000000, 0x0000000715200000, 0x0000000715200000|100%| O|  |TAMS 0x0000000715200000, 0x0000000715200000| Untracked 
| 169|0x0000000715200000, 0x0000000715400000, 0x0000000715400000|100%| O|  |TAMS 0x0000000715400000, 0x0000000715400000| Untracked 
| 170|0x0000000715400000, 0x0000000715600000, 0x0000000715600000|100%| O|  |TAMS 0x0000000715600000, 0x0000000715600000| Untracked 
| 171|0x0000000715600000, 0x0000000715800000, 0x0000000715800000|100%| O|  |TAMS 0x0000000715600000, 0x0000000715800000| Untracked 
| 172|0x0000000715800000, 0x0000000715a00000, 0x0000000715a00000|100%| O|  |TAMS 0x0000000715800000, 0x0000000715a00000| Untracked 
| 173|0x0000000715a00000, 0x0000000715c00000, 0x0000000715c00000|100%| O|  |TAMS 0x0000000715a00000, 0x0000000715c00000| Untracked 
| 174|0x0000000715c00000, 0x0000000715e00000, 0x0000000715e00000|100%| O|  |TAMS 0x0000000715e00000, 0x0000000715e00000| Untracked 
| 175|0x0000000715e00000, 0x0000000716000000, 0x0000000716000000|100%| O|  |TAMS 0x0000000716000000, 0x0000000716000000| Untracked 
| 176|0x0000000716000000, 0x0000000716200000, 0x0000000716200000|100%| O|  |TAMS 0x0000000716200000, 0x0000000716200000| Untracked 
| 177|0x0000000716200000, 0x0000000716400000, 0x0000000716400000|100%| O|  |TAMS 0x0000000716400000, 0x0000000716400000| Untracked 
| 178|0x0000000716400000, 0x0000000716600000, 0x0000000716600000|100%| O|  |TAMS 0x0000000716600000, 0x0000000716600000| Untracked 
| 179|0x0000000716600000, 0x0000000716800000, 0x0000000716800000|100%| O|  |TAMS 0x0000000716800000, 0x0000000716800000| Untracked 
| 180|0x0000000716800000, 0x0000000716a00000, 0x0000000716a00000|100%| O|  |TAMS 0x0000000716a00000, 0x0000000716a00000| Untracked 
| 181|0x0000000716a00000, 0x0000000716c00000, 0x0000000716c00000|100%| O|  |TAMS 0x0000000716c00000, 0x0000000716c00000| Untracked 
| 182|0x0000000716c00000, 0x0000000716e00000, 0x0000000716e00000|100%| O|  |TAMS 0x0000000716e00000, 0x0000000716e00000| Untracked 
| 183|0x0000000716e00000, 0x0000000717000000, 0x0000000717000000|100%| O|  |TAMS 0x0000000716e00000, 0x0000000717000000| Untracked 
| 184|0x0000000717000000, 0x0000000717200000, 0x0000000717200000|100%|HS|  |TAMS 0x0000000717200000, 0x0000000717200000| Complete 
| 185|0x0000000717200000, 0x0000000717400000, 0x0000000717400000|100%|HC|  |TAMS 0x0000000717400000, 0x0000000717400000| Complete 
| 186|0x0000000717400000, 0x0000000717600000, 0x0000000717600000|100%| O|  |TAMS 0x0000000717600000, 0x0000000717600000| Untracked 
| 187|0x0000000717600000, 0x0000000717800000, 0x0000000717800000|100%| O|  |TAMS 0x0000000717800000, 0x0000000717800000| Untracked 
| 188|0x0000000717800000, 0x0000000717a00000, 0x0000000717a00000|100%| O|  |TAMS 0x0000000717a00000, 0x0000000717a00000| Untracked 
| 189|0x0000000717a00000, 0x0000000717c00000, 0x0000000717c00000|100%| O|  |TAMS 0x0000000717c00000, 0x0000000717c00000| Untracked 
| 190|0x0000000717c00000, 0x0000000717e00000, 0x0000000717e00000|100%| O|  |TAMS 0x0000000717e00000, 0x0000000717e00000| Untracked 
| 191|0x0000000717e00000, 0x0000000718000000, 0x0000000718000000|100%| O|  |TAMS 0x0000000718000000, 0x0000000718000000| Untracked 
| 192|0x0000000718000000, 0x0000000718200000, 0x0000000718200000|100%| O|  |TAMS 0x0000000718200000, 0x0000000718200000| Untracked 
| 193|0x0000000718200000, 0x0000000718400000, 0x0000000718400000|100%| O|  |TAMS 0x0000000718400000, 0x0000000718400000| Untracked 
| 194|0x0000000718400000, 0x0000000718600000, 0x0000000718600000|100%| O|  |TAMS 0x0000000718600000, 0x0000000718600000| Untracked 
| 195|0x0000000718600000, 0x0000000718800000, 0x0000000718800000|100%| O|  |TAMS 0x0000000718800000, 0x0000000718800000| Untracked 
| 196|0x0000000718800000, 0x0000000718a00000, 0x0000000718a00000|100%| O|  |TAMS 0x0000000718a00000, 0x0000000718a00000| Untracked 
| 197|0x0000000718a00000, 0x0000000718c00000, 0x0000000718c00000|100%| O|  |TAMS 0x0000000718c00000, 0x0000000718c00000| Untracked 
| 198|0x0000000718c00000, 0x0000000718e00000, 0x0000000718e00000|100%| O|  |TAMS 0x0000000718c00000, 0x0000000718e00000| Untracked 
| 199|0x0000000718e00000, 0x0000000719000000, 0x0000000719000000|100%| O|  |TAMS 0x0000000719000000, 0x0000000719000000| Untracked 
| 200|0x0000000719000000, 0x0000000719200000, 0x0000000719200000|100%| O|  |TAMS 0x0000000719200000, 0x0000000719200000| Untracked 
| 201|0x0000000719200000, 0x0000000719400000, 0x0000000719400000|100%| O|  |TAMS 0x0000000719200000, 0x0000000719400000| Untracked 
| 202|0x0000000719400000, 0x0000000719600000, 0x0000000719600000|100%| O|  |TAMS 0x0000000719600000, 0x0000000719600000| Untracked 
| 203|0x0000000719600000, 0x0000000719800000, 0x0000000719800000|100%| O|  |TAMS 0x0000000719600000, 0x0000000719800000| Untracked 
| 204|0x0000000719800000, 0x0000000719a00000, 0x0000000719a00000|100%| O|  |TAMS 0x0000000719800000, 0x0000000719a00000| Untracked 
| 205|0x0000000719a00000, 0x0000000719c00000, 0x0000000719c00000|100%| O|  |TAMS 0x0000000719a00000, 0x0000000719c00000| Untracked 
| 206|0x0000000719c00000, 0x0000000719e00000, 0x0000000719e00000|100%| O|  |TAMS 0x0000000719e00000, 0x0000000719e00000| Untracked 
| 207|0x0000000719e00000, 0x000000071a000000, 0x000000071a000000|100%| O|  |TAMS 0x0000000719e00000, 0x000000071a000000| Untracked 
| 208|0x000000071a000000, 0x000000071a200000, 0x000000071a200000|100%| O|  |TAMS 0x000000071a000000, 0x000000071a200000| Untracked 
| 209|0x000000071a200000, 0x000000071a400000, 0x000000071a400000|100%| O|  |TAMS 0x000000071a400000, 0x000000071a400000| Untracked 
| 210|0x000000071a400000, 0x000000071a600000, 0x000000071a600000|100%| O|  |TAMS 0x000000071a600000, 0x000000071a600000| Untracked 
| 211|0x000000071a600000, 0x000000071a800000, 0x000000071a800000|100%| O|  |TAMS 0x000000071a800000, 0x000000071a800000| Untracked 
| 212|0x000000071a800000, 0x000000071aa00000, 0x000000071aa00000|100%| O|  |TAMS 0x000000071aa00000, 0x000000071aa00000| Untracked 
| 213|0x000000071aa00000, 0x000000071ac00000, 0x000000071ac00000|100%| O|  |TAMS 0x000000071ac00000, 0x000000071ac00000| Untracked 
| 214|0x000000071ac00000, 0x000000071ae00000, 0x000000071ae00000|100%| O|  |TAMS 0x000000071ae00000, 0x000000071ae00000| Untracked 
| 215|0x000000071ae00000, 0x000000071b000000, 0x000000071b000000|100%| O|  |TAMS 0x000000071b000000, 0x000000071b000000| Untracked 
| 216|0x000000071b000000, 0x000000071b200000, 0x000000071b200000|100%| O|  |TAMS 0x000000071b200000, 0x000000071b200000| Untracked 
| 217|0x000000071b200000, 0x000000071b400000, 0x000000071b400000|100%| O|  |TAMS 0x000000071b400000, 0x000000071b400000| Untracked 
| 218|0x000000071b400000, 0x000000071b600000, 0x000000071b600000|100%| O|  |TAMS 0x000000071b600000, 0x000000071b600000| Untracked 
| 219|0x000000071b600000, 0x000000071b800000, 0x000000071b800000|100%| O|  |TAMS 0x000000071b800000, 0x000000071b800000| Untracked 
| 220|0x000000071b800000, 0x000000071ba00000, 0x000000071ba00000|100%| O|  |TAMS 0x000000071ba00000, 0x000000071ba00000| Untracked 
| 221|0x000000071ba00000, 0x000000071bc00000, 0x000000071bc00000|100%| O|  |TAMS 0x000000071bc00000, 0x000000071bc00000| Untracked 
| 222|0x000000071bc00000, 0x000000071be00000, 0x000000071be00000|100%| O|  |TAMS 0x000000071be00000, 0x000000071be00000| Untracked 
| 223|0x000000071be00000, 0x000000071c000000, 0x000000071c000000|100%| O|  |TAMS 0x000000071c000000, 0x000000071c000000| Untracked 
| 224|0x000000071c000000, 0x000000071c200000, 0x000000071c200000|100%| O|  |TAMS 0x000000071c000000, 0x000000071c200000| Untracked 
| 225|0x000000071c200000, 0x000000071c400000, 0x000000071c400000|100%|HS|  |TAMS 0x000000071c400000, 0x000000071c400000| Complete 
| 226|0x000000071c400000, 0x000000071c600000, 0x000000071c600000|100%|HC|  |TAMS 0x000000071c600000, 0x000000071c600000| Complete 
| 227|0x000000071c600000, 0x000000071c800000, 0x000000071c800000|100%|HC|  |TAMS 0x000000071c800000, 0x000000071c800000| Complete 
| 228|0x000000071c800000, 0x000000071ca00000, 0x000000071ca00000|100%|HS|  |TAMS 0x000000071ca00000, 0x000000071ca00000| Complete 
| 229|0x000000071ca00000, 0x000000071cc00000, 0x000000071cc00000|100%| O|  |TAMS 0x000000071cc00000, 0x000000071cc00000| Untracked 
| 230|0x000000071cc00000, 0x000000071ce00000, 0x000000071ce00000|100%| O|  |TAMS 0x000000071ce00000, 0x000000071ce00000| Untracked 
| 231|0x000000071ce00000, 0x000000071d000000, 0x000000071d000000|100%| O|  |TAMS 0x000000071d000000, 0x000000071d000000| Untracked 
| 232|0x000000071d000000, 0x000000071d200000, 0x000000071d200000|100%| O|  |TAMS 0x000000071d200000, 0x000000071d200000| Untracked 
| 233|0x000000071d200000, 0x000000071d400000, 0x000000071d400000|100%| O|  |TAMS 0x000000071d400000, 0x000000071d400000| Untracked 
| 234|0x000000071d400000, 0x000000071d600000, 0x000000071d600000|100%| O|  |TAMS 0x000000071d600000, 0x000000071d600000| Untracked 
| 235|0x000000071d600000, 0x000000071d800000, 0x000000071d800000|100%| O|  |TAMS 0x000000071d800000, 0x000000071d800000| Untracked 
| 236|0x000000071d800000, 0x000000071da00000, 0x000000071da00000|100%| O|  |TAMS 0x000000071d800000, 0x000000071da00000| Untracked 
| 237|0x000000071da00000, 0x000000071dc00000, 0x000000071dc00000|100%| O|  |TAMS 0x000000071da00000, 0x000000071dc00000| Untracked 
| 238|0x000000071dc00000, 0x000000071de00000, 0x000000071de00000|100%| O|  |TAMS 0x000000071dc00000, 0x000000071de00000| Untracked 
| 239|0x000000071de00000, 0x000000071e000000, 0x000000071e000000|100%| O|  |TAMS 0x000000071de00000, 0x000000071e000000| Untracked 
| 240|0x000000071e000000, 0x000000071e200000, 0x000000071e200000|100%| O|  |TAMS 0x000000071e000000, 0x000000071e200000| Untracked 
| 241|0x000000071e200000, 0x000000071e400000, 0x000000071e400000|100%| O|  |TAMS 0x000000071e200000, 0x000000071e400000| Untracked 
| 242|0x000000071e400000, 0x000000071e600000, 0x000000071e600000|100%| O|  |TAMS 0x000000071e400000, 0x000000071e600000| Untracked 
| 243|0x000000071e600000, 0x000000071e800000, 0x000000071e800000|100%| O|  |TAMS 0x000000071e600000, 0x000000071e800000| Untracked 
| 244|0x000000071e800000, 0x000000071ea00000, 0x000000071ea00000|100%| O|  |TAMS 0x000000071e800000, 0x000000071ea00000| Untracked 
| 245|0x000000071ea00000, 0x000000071ec00000, 0x000000071ec00000|100%| O|  |TAMS 0x000000071ea00000, 0x000000071ec00000| Untracked 
| 246|0x000000071ec00000, 0x000000071ee00000, 0x000000071ee00000|100%| O|  |TAMS 0x000000071ee00000, 0x000000071ee00000| Untracked 
| 247|0x000000071ee00000, 0x000000071f000000, 0x000000071f000000|100%| O|  |TAMS 0x000000071ee00000, 0x000000071f000000| Untracked 
| 248|0x000000071f000000, 0x000000071f200000, 0x000000071f200000|100%| O|  |TAMS 0x000000071f000000, 0x000000071f200000| Untracked 
| 249|0x000000071f200000, 0x000000071f400000, 0x000000071f400000|100%| O|  |TAMS 0x000000071f400000, 0x000000071f400000| Untracked 
| 250|0x000000071f400000, 0x000000071f600000, 0x000000071f600000|100%| O|  |TAMS 0x000000071f600000, 0x000000071f600000| Untracked 
| 251|0x000000071f600000, 0x000000071f800000, 0x000000071f800000|100%| O|  |TAMS 0x000000071f800000, 0x000000071f800000| Untracked 
| 252|0x000000071f800000, 0x000000071fa00000, 0x000000071fa00000|100%| O|  |TAMS 0x000000071fa00000, 0x000000071fa00000| Untracked 
| 253|0x000000071fa00000, 0x000000071fc00000, 0x000000071fc00000|100%| O|  |TAMS 0x000000071fc00000, 0x000000071fc00000| Untracked 
| 254|0x000000071fc00000, 0x000000071fe00000, 0x000000071fe00000|100%| O|  |TAMS 0x000000071fe00000, 0x000000071fe00000| Untracked 
| 255|0x000000071fe00000, 0x0000000720000000, 0x0000000720000000|100%| O|  |TAMS 0x0000000720000000, 0x0000000720000000| Untracked 
| 256|0x0000000720000000, 0x0000000720200000, 0x0000000720200000|100%| O|  |TAMS 0x0000000720200000, 0x0000000720200000| Untracked 
| 257|0x0000000720200000, 0x0000000720400000, 0x0000000720400000|100%| O|  |TAMS 0x0000000720400000, 0x0000000720400000| Untracked 
| 258|0x0000000720400000, 0x0000000720600000, 0x0000000720600000|100%| O|  |TAMS 0x0000000720600000, 0x0000000720600000| Untracked 
| 259|0x0000000720600000, 0x0000000720800000, 0x0000000720800000|100%| O|  |TAMS 0x0000000720800000, 0x0000000720800000| Untracked 
| 260|0x0000000720800000, 0x0000000720a00000, 0x0000000720a00000|100%| O|  |TAMS 0x0000000720a00000, 0x0000000720a00000| Untracked 
| 261|0x0000000720a00000, 0x0000000720c00000, 0x0000000720c00000|100%| O|  |TAMS 0x0000000720c00000, 0x0000000720c00000| Untracked 
| 262|0x0000000720c00000, 0x0000000720e00000, 0x0000000720e00000|100%| O|  |TAMS 0x0000000720e00000, 0x0000000720e00000| Untracked 
| 263|0x0000000720e00000, 0x0000000721000000, 0x0000000721000000|100%| O|  |TAMS 0x0000000721000000, 0x0000000721000000| Untracked 
| 264|0x0000000721000000, 0x0000000721200000, 0x0000000721200000|100%| O|  |TAMS 0x0000000721200000, 0x0000000721200000| Untracked 
| 265|0x0000000721200000, 0x0000000721400000, 0x0000000721400000|100%| O|  |TAMS 0x0000000721400000, 0x0000000721400000| Untracked 
| 266|0x0000000721400000, 0x0000000721600000, 0x0000000721600000|100%| O|  |TAMS 0x0000000721600000, 0x0000000721600000| Untracked 
| 267|0x0000000721600000, 0x0000000721800000, 0x0000000721800000|100%| O|  |TAMS 0x0000000721800000, 0x0000000721800000| Untracked 
| 268|0x0000000721800000, 0x0000000721a00000, 0x0000000721a00000|100%| O|  |TAMS 0x0000000721a00000, 0x0000000721a00000| Untracked 
| 269|0x0000000721a00000, 0x0000000721c00000, 0x0000000721c00000|100%| O|  |TAMS 0x0000000721c00000, 0x0000000721c00000| Untracked 
| 270|0x0000000721c00000, 0x0000000721e00000, 0x0000000721e00000|100%| O|  |TAMS 0x0000000721e00000, 0x0000000721e00000| Untracked 
| 271|0x0000000721e00000, 0x0000000722000000, 0x0000000722000000|100%| O|  |TAMS 0x0000000722000000, 0x0000000722000000| Untracked 
| 272|0x0000000722000000, 0x0000000722200000, 0x0000000722200000|100%| O|  |TAMS 0x0000000722200000, 0x0000000722200000| Untracked 
| 273|0x0000000722200000, 0x0000000722400000, 0x0000000722400000|100%| O|  |TAMS 0x0000000722400000, 0x0000000722400000| Untracked 
| 274|0x0000000722400000, 0x0000000722600000, 0x0000000722600000|100%| O|  |TAMS 0x0000000722600000, 0x0000000722600000| Untracked 
| 275|0x0000000722600000, 0x0000000722800000, 0x0000000722800000|100%| O|  |TAMS 0x0000000722800000, 0x0000000722800000| Untracked 
| 276|0x0000000722800000, 0x0000000722a00000, 0x0000000722a00000|100%| O|  |TAMS 0x0000000722a00000, 0x0000000722a00000| Untracked 
| 277|0x0000000722a00000, 0x0000000722c00000, 0x0000000722c00000|100%| O|  |TAMS 0x0000000722c00000, 0x0000000722c00000| Untracked 
| 278|0x0000000722c00000, 0x0000000722e00000, 0x0000000722e00000|100%| O|  |TAMS 0x0000000722e00000, 0x0000000722e00000| Untracked 
| 279|0x0000000722e00000, 0x0000000723000000, 0x0000000723000000|100%| O|  |TAMS 0x0000000723000000, 0x0000000723000000| Untracked 
| 280|0x0000000723000000, 0x0000000723200000, 0x0000000723200000|100%| O|  |TAMS 0x0000000723200000, 0x0000000723200000| Untracked 
| 281|0x0000000723200000, 0x0000000723400000, 0x0000000723400000|100%|HS|  |TAMS 0x0000000723400000, 0x0000000723400000| Complete 
| 282|0x0000000723400000, 0x0000000723600000, 0x0000000723600000|100%|HC|  |TAMS 0x0000000723600000, 0x0000000723600000| Complete 
| 283|0x0000000723600000, 0x0000000723800000, 0x0000000723800000|100%| O|  |TAMS 0x0000000723800000, 0x0000000723800000| Untracked 
| 284|0x0000000723800000, 0x0000000723a00000, 0x0000000723a00000|100%| O|  |TAMS 0x0000000723a00000, 0x0000000723a00000| Untracked 
| 285|0x0000000723a00000, 0x0000000723c00000, 0x0000000723c00000|100%| O|  |TAMS 0x0000000723c00000, 0x0000000723c00000| Untracked 
| 286|0x0000000723c00000, 0x0000000723e00000, 0x0000000723e00000|100%| O|  |TAMS 0x0000000723e00000, 0x0000000723e00000| Untracked 
| 287|0x0000000723e00000, 0x0000000724000000, 0x0000000724000000|100%| O|  |TAMS 0x0000000724000000, 0x0000000724000000| Untracked 
| 288|0x0000000724000000, 0x0000000724200000, 0x0000000724200000|100%| O|  |TAMS 0x0000000724200000, 0x0000000724200000| Untracked 
| 289|0x0000000724200000, 0x0000000724400000, 0x0000000724400000|100%| O|  |TAMS 0x0000000724400000, 0x0000000724400000| Untracked 
| 290|0x0000000724400000, 0x0000000724600000, 0x0000000724600000|100%| O|  |TAMS 0x0000000724600000, 0x0000000724600000| Untracked 
| 291|0x0000000724600000, 0x0000000724800000, 0x0000000724800000|100%| O|  |TAMS 0x0000000724800000, 0x0000000724800000| Untracked 
| 292|0x0000000724800000, 0x0000000724a00000, 0x0000000724a00000|100%| O|  |TAMS 0x0000000724a00000, 0x0000000724a00000| Untracked 
| 293|0x0000000724a00000, 0x0000000724c00000, 0x0000000724c00000|100%| O|  |TAMS 0x0000000724c00000, 0x0000000724c00000| Untracked 
| 294|0x0000000724c00000, 0x0000000724e00000, 0x0000000724e00000|100%| O|  |TAMS 0x0000000724e00000, 0x0000000724e00000| Untracked 
| 295|0x0000000724e00000, 0x0000000725000000, 0x0000000725000000|100%| O|  |TAMS 0x0000000725000000, 0x0000000725000000| Untracked 
| 296|0x0000000725000000, 0x0000000725200000, 0x0000000725200000|100%| O|  |TAMS 0x0000000725200000, 0x0000000725200000| Untracked 
| 297|0x0000000725200000, 0x0000000725400000, 0x0000000725400000|100%| O|  |TAMS 0x0000000725400000, 0x0000000725400000| Untracked 
| 298|0x0000000725400000, 0x0000000725600000, 0x0000000725600000|100%| O|  |TAMS 0x0000000725600000, 0x0000000725600000| Untracked 
| 299|0x0000000725600000, 0x0000000725800000, 0x0000000725800000|100%| O|  |TAMS 0x0000000725800000, 0x0000000725800000| Untracked 
| 300|0x0000000725800000, 0x0000000725a00000, 0x0000000725a00000|100%| O|  |TAMS 0x0000000725a00000, 0x0000000725a00000| Untracked 
| 301|0x0000000725a00000, 0x0000000725c00000, 0x0000000725c00000|100%| O|  |TAMS 0x0000000725c00000, 0x0000000725c00000| Untracked 
| 302|0x0000000725c00000, 0x0000000725e00000, 0x0000000725e00000|100%| O|  |TAMS 0x0000000725e00000, 0x0000000725e00000| Untracked 
| 303|0x0000000725e00000, 0x0000000726000000, 0x0000000726000000|100%| O|  |TAMS 0x0000000726000000, 0x0000000726000000| Untracked 
| 304|0x0000000726000000, 0x0000000726200000, 0x0000000726200000|100%| O|  |TAMS 0x0000000726200000, 0x0000000726200000| Untracked 
| 305|0x0000000726200000, 0x0000000726400000, 0x0000000726400000|100%| O|  |TAMS 0x0000000726400000, 0x0000000726400000| Untracked 
| 306|0x0000000726400000, 0x0000000726600000, 0x0000000726600000|100%| O|  |TAMS 0x0000000726600000, 0x0000000726600000| Untracked 
| 307|0x0000000726600000, 0x0000000726800000, 0x0000000726800000|100%| O|  |TAMS 0x0000000726800000, 0x0000000726800000| Untracked 
| 308|0x0000000726800000, 0x0000000726a00000, 0x0000000726a00000|100%| O|  |TAMS 0x0000000726a00000, 0x0000000726a00000| Untracked 
| 309|0x0000000726a00000, 0x0000000726c00000, 0x0000000726c00000|100%| O|  |TAMS 0x0000000726c00000, 0x0000000726c00000| Untracked 
| 310|0x0000000726c00000, 0x0000000726e00000, 0x0000000726e00000|100%| O|  |TAMS 0x0000000726e00000, 0x0000000726e00000| Untracked 
| 311|0x0000000726e00000, 0x0000000727000000, 0x0000000727000000|100%| O|  |TAMS 0x0000000727000000, 0x0000000727000000| Untracked 
| 312|0x0000000727000000, 0x0000000727200000, 0x0000000727200000|100%| O|  |TAMS 0x0000000727200000, 0x0000000727200000| Untracked 
| 313|0x0000000727200000, 0x0000000727400000, 0x0000000727400000|100%| O|  |TAMS 0x0000000727400000, 0x0000000727400000| Untracked 
| 314|0x0000000727400000, 0x0000000727600000, 0x0000000727600000|100%| O|  |TAMS 0x0000000727600000, 0x0000000727600000| Untracked 
| 315|0x0000000727600000, 0x0000000727800000, 0x0000000727800000|100%| O|  |TAMS 0x0000000727800000, 0x0000000727800000| Untracked 
| 316|0x0000000727800000, 0x0000000727a00000, 0x0000000727a00000|100%| O|  |TAMS 0x0000000727a00000, 0x0000000727a00000| Untracked 
| 317|0x0000000727a00000, 0x0000000727c00000, 0x0000000727c00000|100%| O|  |TAMS 0x0000000727c00000, 0x0000000727c00000| Untracked 
| 318|0x0000000727c00000, 0x0000000727e00000, 0x0000000727e00000|100%| O|  |TAMS 0x0000000727e00000, 0x0000000727e00000| Untracked 
| 319|0x0000000727e00000, 0x0000000728000000, 0x0000000728000000|100%| O|  |TAMS 0x0000000728000000, 0x0000000728000000| Untracked 
| 320|0x0000000728000000, 0x0000000728200000, 0x0000000728200000|100%| O|  |TAMS 0x0000000728200000, 0x0000000728200000| Untracked 
| 321|0x0000000728200000, 0x0000000728400000, 0x0000000728400000|100%| O|  |TAMS 0x0000000728400000, 0x0000000728400000| Untracked 
| 322|0x0000000728400000, 0x0000000728600000, 0x0000000728600000|100%| O|  |TAMS 0x0000000728600000, 0x0000000728600000| Untracked 
| 323|0x0000000728600000, 0x0000000728800000, 0x0000000728800000|100%| O|  |TAMS 0x0000000728800000, 0x0000000728800000| Untracked 
| 324|0x0000000728800000, 0x0000000728a00000, 0x0000000728a00000|100%| O|  |TAMS 0x0000000728a00000, 0x0000000728a00000| Untracked 
| 325|0x0000000728a00000, 0x0000000728c00000, 0x0000000728c00000|100%| O|  |TAMS 0x0000000728c00000, 0x0000000728c00000| Untracked 
| 326|0x0000000728c00000, 0x0000000728e00000, 0x0000000728e00000|100%| O|  |TAMS 0x0000000728e00000, 0x0000000728e00000| Untracked 
| 327|0x0000000728e00000, 0x0000000729000000, 0x0000000729000000|100%| O|  |TAMS 0x0000000729000000, 0x0000000729000000| Untracked 
| 328|0x0000000729000000, 0x0000000729200000, 0x0000000729200000|100%| O|  |TAMS 0x0000000729200000, 0x0000000729200000| Untracked 
| 329|0x0000000729200000, 0x0000000729400000, 0x0000000729400000|100%| O|  |TAMS 0x0000000729400000, 0x0000000729400000| Untracked 
| 330|0x0000000729400000, 0x0000000729600000, 0x0000000729600000|100%| O|  |TAMS 0x0000000729600000, 0x0000000729600000| Untracked 
| 331|0x0000000729600000, 0x0000000729800000, 0x0000000729800000|100%| O|  |TAMS 0x0000000729800000, 0x0000000729800000| Untracked 
| 332|0x0000000729800000, 0x0000000729a00000, 0x0000000729a00000|100%| O|  |TAMS 0x0000000729a00000, 0x0000000729a00000| Untracked 
| 333|0x0000000729a00000, 0x0000000729c00000, 0x0000000729c00000|100%| O|  |TAMS 0x0000000729c00000, 0x0000000729c00000| Untracked 
| 334|0x0000000729c00000, 0x0000000729e00000, 0x0000000729e00000|100%| O|  |TAMS 0x0000000729e00000, 0x0000000729e00000| Untracked 
| 335|0x0000000729e00000, 0x000000072a000000, 0x000000072a000000|100%| O|  |TAMS 0x000000072a000000, 0x000000072a000000| Untracked 
| 336|0x000000072a000000, 0x000000072a200000, 0x000000072a200000|100%| O|  |TAMS 0x000000072a200000, 0x000000072a200000| Untracked 
| 337|0x000000072a200000, 0x000000072a400000, 0x000000072a400000|100%| O|  |TAMS 0x000000072a400000, 0x000000072a400000| Untracked 
| 338|0x000000072a400000, 0x000000072a600000, 0x000000072a600000|100%| O|  |TAMS 0x000000072a600000, 0x000000072a600000| Untracked 
| 339|0x000000072a600000, 0x000000072a800000, 0x000000072a800000|100%| O|  |TAMS 0x000000072a800000, 0x000000072a800000| Untracked 
| 340|0x000000072a800000, 0x000000072aa00000, 0x000000072aa00000|100%| O|  |TAMS 0x000000072aa00000, 0x000000072aa00000| Untracked 
| 341|0x000000072aa00000, 0x000000072ac00000, 0x000000072ac00000|100%| O|  |TAMS 0x000000072ac00000, 0x000000072ac00000| Untracked 
| 342|0x000000072ac00000, 0x000000072ae00000, 0x000000072ae00000|100%| O|  |TAMS 0x000000072ac00000, 0x000000072ae00000| Untracked 
| 343|0x000000072ae00000, 0x000000072b000000, 0x000000072b000000|100%| O|  |TAMS 0x000000072b000000, 0x000000072b000000| Untracked 
| 344|0x000000072b000000, 0x000000072b200000, 0x000000072b200000|100%| O|  |TAMS 0x000000072b200000, 0x000000072b200000| Untracked 
| 345|0x000000072b200000, 0x000000072b400000, 0x000000072b400000|100%| O|  |TAMS 0x000000072b200000, 0x000000072b400000| Untracked 
| 346|0x000000072b400000, 0x000000072b600000, 0x000000072b600000|100%| O|  |TAMS 0x000000072b400000, 0x000000072b600000| Untracked 
| 347|0x000000072b600000, 0x000000072b800000, 0x000000072b800000|100%| O|  |TAMS 0x000000072b600000, 0x000000072b800000| Untracked 
| 348|0x000000072b800000, 0x000000072ba00000, 0x000000072ba00000|100%| O|  |TAMS 0x000000072ba00000, 0x000000072ba00000| Untracked 
| 349|0x000000072ba00000, 0x000000072bc00000, 0x000000072bc00000|100%| O|  |TAMS 0x000000072bc00000, 0x000000072bc00000| Untracked 
| 350|0x000000072bc00000, 0x000000072be00000, 0x000000072be00000|100%| O|  |TAMS 0x000000072be00000, 0x000000072be00000| Untracked 
| 351|0x000000072be00000, 0x000000072c000000, 0x000000072c000000|100%| O|  |TAMS 0x000000072c000000, 0x000000072c000000| Untracked 
| 352|0x000000072c000000, 0x000000072c200000, 0x000000072c200000|100%| O|  |TAMS 0x000000072c200000, 0x000000072c200000| Untracked 
| 353|0x000000072c200000, 0x000000072c400000, 0x000000072c400000|100%| O|  |TAMS 0x000000072c400000, 0x000000072c400000| Untracked 
| 354|0x000000072c400000, 0x000000072c600000, 0x000000072c600000|100%| O|  |TAMS 0x000000072c600000, 0x000000072c600000| Untracked 
| 355|0x000000072c600000, 0x000000072c800000, 0x000000072c800000|100%| O|  |TAMS 0x000000072c800000, 0x000000072c800000| Untracked 
| 356|0x000000072c800000, 0x000000072ca00000, 0x000000072ca00000|100%| O|  |TAMS 0x000000072ca00000, 0x000000072ca00000| Untracked 
| 357|0x000000072ca00000, 0x000000072cc00000, 0x000000072cc00000|100%| O|  |TAMS 0x000000072cc00000, 0x000000072cc00000| Untracked 
| 358|0x000000072cc00000, 0x000000072ce00000, 0x000000072ce00000|100%| O|  |TAMS 0x000000072ce00000, 0x000000072ce00000| Untracked 
| 359|0x000000072ce00000, 0x000000072d000000, 0x000000072d000000|100%| O|  |TAMS 0x000000072d000000, 0x000000072d000000| Untracked 
| 360|0x000000072d000000, 0x000000072d200000, 0x000000072d200000|100%| O|  |TAMS 0x000000072d200000, 0x000000072d200000| Untracked 
| 361|0x000000072d200000, 0x000000072d400000, 0x000000072d400000|100%| O|  |TAMS 0x000000072d200000, 0x000000072d400000| Untracked 
| 362|0x000000072d400000, 0x000000072d600000, 0x000000072d600000|100%| O|  |TAMS 0x000000072d400000, 0x000000072d600000| Untracked 
| 363|0x000000072d600000, 0x000000072d800000, 0x000000072d800000|100%| O|  |TAMS 0x000000072d800000, 0x000000072d800000| Untracked 
| 364|0x000000072d800000, 0x000000072da00000, 0x000000072da00000|100%| O|  |TAMS 0x000000072da00000, 0x000000072da00000| Untracked 
| 365|0x000000072da00000, 0x000000072dc00000, 0x000000072dc00000|100%| O|  |TAMS 0x000000072dc00000, 0x000000072dc00000| Untracked 
| 366|0x000000072dc00000, 0x000000072de00000, 0x000000072de00000|100%| O|  |TAMS 0x000000072de00000, 0x000000072de00000| Untracked 
| 367|0x000000072de00000, 0x000000072e000000, 0x000000072e000000|100%| O|  |TAMS 0x000000072e000000, 0x000000072e000000| Untracked 
| 368|0x000000072e000000, 0x000000072e200000, 0x000000072e200000|100%| O|  |TAMS 0x000000072e200000, 0x000000072e200000| Untracked 
| 369|0x000000072e200000, 0x000000072e400000, 0x000000072e400000|100%| O|  |TAMS 0x000000072e400000, 0x000000072e400000| Untracked 
| 370|0x000000072e400000, 0x000000072e600000, 0x000000072e600000|100%| O|  |TAMS 0x000000072e600000, 0x000000072e600000| Untracked 
| 371|0x000000072e600000, 0x000000072e800000, 0x000000072e800000|100%| O|  |TAMS 0x000000072e800000, 0x000000072e800000| Untracked 
| 372|0x000000072e800000, 0x000000072ea00000, 0x000000072ea00000|100%| O|  |TAMS 0x000000072ea00000, 0x000000072ea00000| Untracked 
| 373|0x000000072ea00000, 0x000000072ec00000, 0x000000072ec00000|100%| O|  |TAMS 0x000000072ec00000, 0x000000072ec00000| Untracked 
| 374|0x000000072ec00000, 0x000000072ee00000, 0x000000072ee00000|100%| O|  |TAMS 0x000000072ee00000, 0x000000072ee00000| Untracked 
| 375|0x000000072ee00000, 0x000000072f000000, 0x000000072f000000|100%| O|  |TAMS 0x000000072f000000, 0x000000072f000000| Untracked 
| 376|0x000000072f000000, 0x000000072f200000, 0x000000072f200000|100%| O|  |TAMS 0x000000072f200000, 0x000000072f200000| Untracked 
| 377|0x000000072f200000, 0x000000072f400000, 0x000000072f400000|100%| O|  |TAMS 0x000000072f400000, 0x000000072f400000| Untracked 
| 378|0x000000072f400000, 0x000000072f600000, 0x000000072f600000|100%| O|  |TAMS 0x000000072f600000, 0x000000072f600000| Untracked 
| 379|0x000000072f600000, 0x000000072f800000, 0x000000072f800000|100%| O|  |TAMS 0x000000072f800000, 0x000000072f800000| Untracked 
| 380|0x000000072f800000, 0x000000072fa00000, 0x000000072fa00000|100%| O|  |TAMS 0x000000072fa00000, 0x000000072fa00000| Untracked 
| 381|0x000000072fa00000, 0x000000072fc00000, 0x000000072fc00000|100%| O|  |TAMS 0x000000072fc00000, 0x000000072fc00000| Untracked 
| 382|0x000000072fc00000, 0x000000072fe00000, 0x000000072fe00000|100%| O|  |TAMS 0x000000072fe00000, 0x000000072fe00000| Untracked 
| 383|0x000000072fe00000, 0x0000000730000000, 0x0000000730000000|100%| O|  |TAMS 0x0000000730000000, 0x0000000730000000| Untracked 
| 384|0x0000000730000000, 0x0000000730200000, 0x0000000730200000|100%| O|  |TAMS 0x0000000730200000, 0x0000000730200000| Untracked 
| 385|0x0000000730200000, 0x0000000730400000, 0x0000000730400000|100%| O|  |TAMS 0x0000000730400000, 0x0000000730400000| Untracked 
| 386|0x0000000730400000, 0x0000000730600000, 0x0000000730600000|100%| O|  |TAMS 0x0000000730600000, 0x0000000730600000| Untracked 
| 387|0x0000000730600000, 0x0000000730800000, 0x0000000730800000|100%| O|  |TAMS 0x0000000730800000, 0x0000000730800000| Untracked 
| 388|0x0000000730800000, 0x0000000730a00000, 0x0000000730a00000|100%| O|  |TAMS 0x0000000730a00000, 0x0000000730a00000| Untracked 
| 389|0x0000000730a00000, 0x0000000730c00000, 0x0000000730c00000|100%| O|  |TAMS 0x0000000730c00000, 0x0000000730c00000| Untracked 
| 390|0x0000000730c00000, 0x0000000730e00000, 0x0000000730e00000|100%| O|  |TAMS 0x0000000730e00000, 0x0000000730e00000| Untracked 
| 391|0x0000000730e00000, 0x0000000731000000, 0x0000000731000000|100%| O|  |TAMS 0x0000000731000000, 0x0000000731000000| Untracked 
| 392|0x0000000731000000, 0x0000000731200000, 0x0000000731200000|100%| O|  |TAMS 0x0000000731200000, 0x0000000731200000| Untracked 
| 393|0x0000000731200000, 0x0000000731400000, 0x0000000731400000|100%| O|  |TAMS 0x0000000731400000, 0x0000000731400000| Untracked 
| 394|0x0000000731400000, 0x0000000731600000, 0x0000000731600000|100%| O|  |TAMS 0x0000000731600000, 0x0000000731600000| Untracked 
| 395|0x0000000731600000, 0x0000000731800000, 0x0000000731800000|100%| O|  |TAMS 0x0000000731800000, 0x0000000731800000| Untracked 
| 396|0x0000000731800000, 0x0000000731a00000, 0x0000000731a00000|100%| O|  |TAMS 0x0000000731a00000, 0x0000000731a00000| Untracked 
| 397|0x0000000731a00000, 0x0000000731c00000, 0x0000000731c00000|100%| O|  |TAMS 0x0000000731c00000, 0x0000000731c00000| Untracked 
| 398|0x0000000731c00000, 0x0000000731e00000, 0x0000000731e00000|100%| O|  |TAMS 0x0000000731e00000, 0x0000000731e00000| Untracked 
| 399|0x0000000731e00000, 0x0000000732000000, 0x0000000732000000|100%| O|  |TAMS 0x0000000732000000, 0x0000000732000000| Untracked 
| 400|0x0000000732000000, 0x0000000732200000, 0x0000000732200000|100%| O|  |TAMS 0x0000000732200000, 0x0000000732200000| Untracked 
| 401|0x0000000732200000, 0x0000000732400000, 0x0000000732400000|100%| O|  |TAMS 0x0000000732400000, 0x0000000732400000| Untracked 
| 402|0x0000000732400000, 0x0000000732600000, 0x0000000732600000|100%| O|  |TAMS 0x0000000732600000, 0x0000000732600000| Untracked 
| 403|0x0000000732600000, 0x0000000732800000, 0x0000000732800000|100%| O|  |TAMS 0x0000000732800000, 0x0000000732800000| Untracked 
| 404|0x0000000732800000, 0x0000000732a00000, 0x0000000732a00000|100%| O|  |TAMS 0x0000000732a00000, 0x0000000732a00000| Untracked 
| 405|0x0000000732a00000, 0x0000000732c00000, 0x0000000732c00000|100%| O|  |TAMS 0x0000000732c00000, 0x0000000732c00000| Untracked 
| 406|0x0000000732c00000, 0x0000000732e00000, 0x0000000732e00000|100%| O|  |TAMS 0x0000000732e00000, 0x0000000732e00000| Untracked 
| 407|0x0000000732e00000, 0x0000000733000000, 0x0000000733000000|100%| O|  |TAMS 0x0000000733000000, 0x0000000733000000| Untracked 
| 408|0x0000000733000000, 0x0000000733200000, 0x0000000733200000|100%| O|  |TAMS 0x0000000733200000, 0x0000000733200000| Untracked 
| 409|0x0000000733200000, 0x0000000733400000, 0x0000000733400000|100%| O|  |TAMS 0x0000000733400000, 0x0000000733400000| Untracked 
| 410|0x0000000733400000, 0x0000000733600000, 0x0000000733600000|100%| O|  |TAMS 0x0000000733600000, 0x0000000733600000| Untracked 
| 411|0x0000000733600000, 0x0000000733800000, 0x0000000733800000|100%| O|  |TAMS 0x0000000733800000, 0x0000000733800000| Untracked 
| 412|0x0000000733800000, 0x0000000733a00000, 0x0000000733a00000|100%| O|  |TAMS 0x0000000733a00000, 0x0000000733a00000| Untracked 
| 413|0x0000000733a00000, 0x0000000733c00000, 0x0000000733c00000|100%| O|  |TAMS 0x0000000733c00000, 0x0000000733c00000| Untracked 
| 414|0x0000000733c00000, 0x0000000733e00000, 0x0000000733e00000|100%| O|  |TAMS 0x0000000733c00000, 0x0000000733e00000| Untracked 
| 415|0x0000000733e00000, 0x0000000734000000, 0x0000000734000000|100%| O|  |TAMS 0x0000000733e00000, 0x0000000734000000| Untracked 
| 416|0x0000000734000000, 0x0000000734200000, 0x0000000734200000|100%| O|  |TAMS 0x0000000734000000, 0x0000000734200000| Untracked 
| 417|0x0000000734200000, 0x0000000734400000, 0x0000000734400000|100%| O|  |TAMS 0x0000000734200000, 0x0000000734400000| Untracked 
| 418|0x0000000734400000, 0x0000000734600000, 0x0000000734600000|100%| O|  |TAMS 0x0000000734400000, 0x0000000734600000| Untracked 
| 419|0x0000000734600000, 0x0000000734800000, 0x0000000734800000|100%| O|  |TAMS 0x0000000734600000, 0x0000000734800000| Untracked 
| 420|0x0000000734800000, 0x0000000734a00000, 0x0000000734a00000|100%| O|  |TAMS 0x0000000734800000, 0x0000000734a00000| Untracked 
| 421|0x0000000734a00000, 0x0000000734c00000, 0x0000000734c00000|100%| O|  |TAMS 0x0000000734a00000, 0x0000000734c00000| Untracked 
| 422|0x0000000734c00000, 0x0000000734e00000, 0x0000000734e00000|100%| O|  |TAMS 0x0000000734c00000, 0x0000000734e00000| Untracked 
| 423|0x0000000734e00000, 0x0000000735000000, 0x0000000735000000|100%| O|  |TAMS 0x0000000734e00000, 0x0000000735000000| Untracked 
| 424|0x0000000735000000, 0x0000000735200000, 0x0000000735200000|100%| O|  |TAMS 0x0000000735000000, 0x0000000735200000| Untracked 
| 425|0x0000000735200000, 0x0000000735400000, 0x0000000735400000|100%| O|  |TAMS 0x0000000735200000, 0x0000000735400000| Untracked 
| 426|0x0000000735400000, 0x0000000735600000, 0x0000000735600000|100%| O|  |TAMS 0x0000000735400000, 0x0000000735600000| Untracked 
| 427|0x0000000735600000, 0x0000000735800000, 0x0000000735800000|100%| O|  |TAMS 0x0000000735600000, 0x0000000735800000| Untracked 
| 428|0x0000000735800000, 0x0000000735a00000, 0x0000000735a00000|100%| O|  |TAMS 0x0000000735800000, 0x0000000735a00000| Untracked 
| 429|0x0000000735a00000, 0x0000000735c00000, 0x0000000735c00000|100%| O|  |TAMS 0x0000000735a00000, 0x0000000735c00000| Untracked 
| 430|0x0000000735c00000, 0x0000000735e00000, 0x0000000735e00000|100%| O|  |TAMS 0x0000000735c00000, 0x0000000735e00000| Untracked 
| 431|0x0000000735e00000, 0x0000000736000000, 0x0000000736000000|100%| O|  |TAMS 0x0000000735e00000, 0x0000000736000000| Untracked 
| 432|0x0000000736000000, 0x0000000736200000, 0x0000000736200000|100%| O|  |TAMS 0x0000000736000000, 0x0000000736200000| Untracked 
| 433|0x0000000736200000, 0x0000000736400000, 0x0000000736400000|100%| O|  |TAMS 0x0000000736200000, 0x0000000736400000| Untracked 
| 434|0x0000000736400000, 0x0000000736600000, 0x0000000736600000|100%| O|  |TAMS 0x0000000736400000, 0x0000000736600000| Untracked 
| 435|0x0000000736600000, 0x0000000736800000, 0x0000000736800000|100%| O|  |TAMS 0x0000000736600000, 0x0000000736800000| Untracked 
| 436|0x0000000736800000, 0x0000000736a00000, 0x0000000736a00000|100%| O|  |TAMS 0x0000000736800000, 0x0000000736a00000| Untracked 
| 437|0x0000000736a00000, 0x0000000736c00000, 0x0000000736c00000|100%| O|  |TAMS 0x0000000736a00000, 0x0000000736c00000| Untracked 
| 438|0x0000000736c00000, 0x0000000736e00000, 0x0000000736e00000|100%| O|  |TAMS 0x0000000736c00000, 0x0000000736e00000| Untracked 
| 439|0x0000000736e00000, 0x0000000737000000, 0x0000000737000000|100%| O|  |TAMS 0x0000000736e00000, 0x0000000737000000| Untracked 
| 440|0x0000000737000000, 0x0000000737200000, 0x0000000737200000|100%| O|  |TAMS 0x0000000737000000, 0x0000000737200000| Untracked 
| 441|0x0000000737200000, 0x0000000737400000, 0x0000000737400000|100%| O|  |TAMS 0x0000000737200000, 0x0000000737400000| Untracked 
| 442|0x0000000737400000, 0x0000000737600000, 0x0000000737600000|100%| O|  |TAMS 0x0000000737400000, 0x0000000737600000| Untracked 
| 443|0x0000000737600000, 0x0000000737800000, 0x0000000737800000|100%| O|  |TAMS 0x0000000737600000, 0x0000000737800000| Untracked 
| 444|0x0000000737800000, 0x0000000737a00000, 0x0000000737a00000|100%| O|  |TAMS 0x0000000737800000, 0x0000000737a00000| Untracked 
| 445|0x0000000737a00000, 0x0000000737c00000, 0x0000000737c00000|100%| O|  |TAMS 0x0000000737a00000, 0x0000000737c00000| Untracked 
| 446|0x0000000737c00000, 0x0000000737e00000, 0x0000000737e00000|100%| O|  |TAMS 0x0000000737c00000, 0x0000000737e00000| Untracked 
| 447|0x0000000737e00000, 0x0000000738000000, 0x0000000738000000|100%| O|  |TAMS 0x0000000737e00000, 0x0000000738000000| Untracked 
| 448|0x0000000738000000, 0x0000000738200000, 0x0000000738200000|100%| O|  |TAMS 0x0000000738000000, 0x0000000738200000| Untracked 
| 449|0x0000000738200000, 0x0000000738400000, 0x0000000738400000|100%| O|  |TAMS 0x0000000738200000, 0x0000000738400000| Untracked 
| 450|0x0000000738400000, 0x0000000738600000, 0x0000000738600000|100%| O|  |TAMS 0x0000000738400000, 0x0000000738600000| Untracked 
| 451|0x0000000738600000, 0x0000000738800000, 0x0000000738800000|100%| O|  |TAMS 0x0000000738600000, 0x0000000738800000| Untracked 
| 452|0x0000000738800000, 0x0000000738a00000, 0x0000000738a00000|100%| O|  |TAMS 0x0000000738800000, 0x0000000738a00000| Untracked 
| 453|0x0000000738a00000, 0x0000000738c00000, 0x0000000738c00000|100%| O|  |TAMS 0x0000000738a00000, 0x0000000738c00000| Untracked 
| 454|0x0000000738c00000, 0x0000000738e00000, 0x0000000738e00000|100%| O|  |TAMS 0x0000000738c00000, 0x0000000738e00000| Untracked 
| 455|0x0000000738e00000, 0x0000000739000000, 0x0000000739000000|100%| O|  |TAMS 0x0000000738e00000, 0x0000000739000000| Untracked 
| 456|0x0000000739000000, 0x0000000739200000, 0x0000000739200000|100%| O|  |TAMS 0x0000000739000000, 0x0000000739200000| Untracked 
| 457|0x0000000739200000, 0x0000000739400000, 0x0000000739400000|100%| O|  |TAMS 0x0000000739200000, 0x0000000739400000| Untracked 
| 458|0x0000000739400000, 0x0000000739600000, 0x0000000739600000|100%| O|  |TAMS 0x0000000739400000, 0x0000000739600000| Untracked 
| 459|0x0000000739600000, 0x0000000739800000, 0x0000000739800000|100%| O|  |TAMS 0x0000000739600000, 0x0000000739800000| Untracked 
| 460|0x0000000739800000, 0x0000000739a00000, 0x0000000739a00000|100%| O|  |TAMS 0x0000000739800000, 0x0000000739a00000| Untracked 
| 461|0x0000000739a00000, 0x0000000739c00000, 0x0000000739c00000|100%| O|  |TAMS 0x0000000739a00000, 0x0000000739c00000| Untracked 
| 462|0x0000000739c00000, 0x0000000739e00000, 0x0000000739e00000|100%| O|  |TAMS 0x0000000739c00000, 0x0000000739e00000| Untracked 
| 463|0x0000000739e00000, 0x000000073a000000, 0x000000073a000000|100%| O|  |TAMS 0x0000000739e00000, 0x000000073a000000| Untracked 
| 464|0x000000073a000000, 0x000000073a200000, 0x000000073a200000|100%| O|  |TAMS 0x000000073a000000, 0x000000073a200000| Untracked 
| 465|0x000000073a200000, 0x000000073a400000, 0x000000073a400000|100%| O|  |TAMS 0x000000073a200000, 0x000000073a400000| Untracked 
| 466|0x000000073a400000, 0x000000073a600000, 0x000000073a600000|100%| O|  |TAMS 0x000000073a400000, 0x000000073a600000| Untracked 
| 467|0x000000073a600000, 0x000000073a800000, 0x000000073a800000|100%| O|  |TAMS 0x000000073a600000, 0x000000073a800000| Untracked 
| 468|0x000000073a800000, 0x000000073aa00000, 0x000000073aa00000|100%| O|  |TAMS 0x000000073a800000, 0x000000073aa00000| Untracked 
| 469|0x000000073aa00000, 0x000000073ac00000, 0x000000073ac00000|100%| O|  |TAMS 0x000000073aa00000, 0x000000073ac00000| Untracked 
| 470|0x000000073ac00000, 0x000000073ae00000, 0x000000073ae00000|100%| O|  |TAMS 0x000000073ac00000, 0x000000073ae00000| Untracked 
| 471|0x000000073ae00000, 0x000000073b000000, 0x000000073b000000|100%| O|  |TAMS 0x000000073ae00000, 0x000000073b000000| Untracked 
| 472|0x000000073b000000, 0x000000073b200000, 0x000000073b200000|100%| O|  |TAMS 0x000000073b000000, 0x000000073b200000| Untracked 
| 473|0x000000073b200000, 0x000000073b400000, 0x000000073b400000|100%| O|  |TAMS 0x000000073b200000, 0x000000073b400000| Untracked 
| 474|0x000000073b400000, 0x000000073b600000, 0x000000073b600000|100%| O|  |TAMS 0x000000073b400000, 0x000000073b600000| Untracked 
| 475|0x000000073b600000, 0x000000073b800000, 0x000000073b800000|100%| O|  |TAMS 0x000000073b600000, 0x000000073b800000| Untracked 
| 476|0x000000073b800000, 0x000000073ba00000, 0x000000073ba00000|100%| O|  |TAMS 0x000000073b800000, 0x000000073ba00000| Untracked 
| 477|0x000000073ba00000, 0x000000073bc00000, 0x000000073bc00000|100%| O|  |TAMS 0x000000073ba00000, 0x000000073bc00000| Untracked 
| 478|0x000000073bc00000, 0x000000073be00000, 0x000000073be00000|100%| O|  |TAMS 0x000000073bc00000, 0x000000073be00000| Untracked 
| 479|0x000000073be00000, 0x000000073c000000, 0x000000073c000000|100%| O|  |TAMS 0x000000073be00000, 0x000000073c000000| Untracked 
| 480|0x000000073c000000, 0x000000073c200000, 0x000000073c200000|100%| O|  |TAMS 0x000000073c000000, 0x000000073c200000| Untracked 
| 481|0x000000073c200000, 0x000000073c400000, 0x000000073c400000|100%| O|  |TAMS 0x000000073c200000, 0x000000073c400000| Untracked 
| 482|0x000000073c400000, 0x000000073c600000, 0x000000073c600000|100%| O|  |TAMS 0x000000073c400000, 0x000000073c600000| Untracked 
| 483|0x000000073c600000, 0x000000073c800000, 0x000000073c800000|100%| O|  |TAMS 0x000000073c600000, 0x000000073c800000| Untracked 
| 484|0x000000073c800000, 0x000000073ca00000, 0x000000073ca00000|100%| O|  |TAMS 0x000000073c800000, 0x000000073ca00000| Untracked 
| 485|0x000000073ca00000, 0x000000073cc00000, 0x000000073cc00000|100%| O|  |TAMS 0x000000073ca00000, 0x000000073cc00000| Untracked 
| 486|0x000000073cc00000, 0x000000073ce00000, 0x000000073ce00000|100%| O|  |TAMS 0x000000073cc00000, 0x000000073ce00000| Untracked 
| 487|0x000000073ce00000, 0x000000073d000000, 0x000000073d000000|100%| O|  |TAMS 0x000000073ce00000, 0x000000073d000000| Untracked 
| 488|0x000000073d000000, 0x000000073d200000, 0x000000073d200000|100%| O|  |TAMS 0x000000073d000000, 0x000000073d200000| Untracked 
| 489|0x000000073d200000, 0x000000073d400000, 0x000000073d400000|100%| O|  |TAMS 0x000000073d200000, 0x000000073d400000| Untracked 
| 490|0x000000073d400000, 0x000000073d600000, 0x000000073d600000|100%| O|  |TAMS 0x000000073d400000, 0x000000073d600000| Untracked 
| 491|0x000000073d600000, 0x000000073d800000, 0x000000073d800000|100%| O|  |TAMS 0x000000073d600000, 0x000000073d800000| Untracked 
| 492|0x000000073d800000, 0x000000073da00000, 0x000000073da00000|100%| O|  |TAMS 0x000000073d800000, 0x000000073da00000| Untracked 
| 493|0x000000073da00000, 0x000000073dc00000, 0x000000073dc00000|100%| O|  |TAMS 0x000000073da00000, 0x000000073dc00000| Untracked 
| 494|0x000000073dc00000, 0x000000073de00000, 0x000000073de00000|100%| O|  |TAMS 0x000000073dc00000, 0x000000073de00000| Untracked 
| 495|0x000000073de00000, 0x000000073e000000, 0x000000073e000000|100%| O|  |TAMS 0x000000073de00000, 0x000000073e000000| Untracked 
| 496|0x000000073e000000, 0x000000073e200000, 0x000000073e200000|100%| O|  |TAMS 0x000000073e000000, 0x000000073e200000| Untracked 
| 497|0x000000073e200000, 0x000000073e400000, 0x000000073e400000|100%| O|  |TAMS 0x000000073e200000, 0x000000073e400000| Untracked 
| 498|0x000000073e400000, 0x000000073e600000, 0x000000073e600000|100%| O|  |TAMS 0x000000073e400000, 0x000000073e600000| Untracked 
| 499|0x000000073e600000, 0x000000073e800000, 0x000000073e800000|100%| O|  |TAMS 0x000000073e600000, 0x000000073e800000| Untracked 
| 500|0x000000073e800000, 0x000000073ea00000, 0x000000073ea00000|100%| O|  |TAMS 0x000000073e800000, 0x000000073ea00000| Untracked 
| 501|0x000000073ea00000, 0x000000073ec00000, 0x000000073ec00000|100%| O|  |TAMS 0x000000073ea00000, 0x000000073ec00000| Untracked 
| 502|0x000000073ec00000, 0x000000073ee00000, 0x000000073ee00000|100%| O|  |TAMS 0x000000073ec00000, 0x000000073ee00000| Untracked 
| 503|0x000000073ee00000, 0x000000073f000000, 0x000000073f000000|100%| O|  |TAMS 0x000000073ee00000, 0x000000073f000000| Untracked 
| 504|0x000000073f000000, 0x000000073f200000, 0x000000073f200000|100%| O|  |TAMS 0x000000073f000000, 0x000000073f200000| Untracked 
| 505|0x000000073f200000, 0x000000073f400000, 0x000000073f400000|100%| O|  |TAMS 0x000000073f200000, 0x000000073f400000| Untracked 
| 506|0x000000073f400000, 0x000000073f600000, 0x000000073f600000|100%| O|  |TAMS 0x000000073f400000, 0x000000073f600000| Untracked 
| 507|0x000000073f600000, 0x000000073f800000, 0x000000073f800000|100%| O|  |TAMS 0x000000073f600000, 0x000000073f800000| Untracked 
| 508|0x000000073f800000, 0x000000073fa00000, 0x000000073fa00000|100%| O|  |TAMS 0x000000073f800000, 0x000000073fa00000| Untracked 
| 509|0x000000073fa00000, 0x000000073fc00000, 0x000000073fc00000|100%| O|  |TAMS 0x000000073fa00000, 0x000000073fc00000| Untracked 
| 510|0x000000073fc00000, 0x000000073fe00000, 0x000000073fe00000|100%| O|  |TAMS 0x000000073fc00000, 0x000000073fe00000| Untracked 
| 511|0x000000073fe00000, 0x0000000740000000, 0x0000000740000000|100%| O|  |TAMS 0x000000073fe00000, 0x0000000740000000| Untracked 
| 512|0x0000000740000000, 0x0000000740200000, 0x0000000740200000|100%| O|  |TAMS 0x0000000740000000, 0x0000000740200000| Untracked 
| 513|0x0000000740200000, 0x0000000740400000, 0x0000000740400000|100%| O|  |TAMS 0x0000000740200000, 0x0000000740400000| Untracked 
| 514|0x0000000740400000, 0x0000000740600000, 0x0000000740600000|100%| O|  |TAMS 0x0000000740400000, 0x0000000740600000| Untracked 
| 515|0x0000000740600000, 0x0000000740800000, 0x0000000740800000|100%| O|  |TAMS 0x0000000740600000, 0x0000000740800000| Untracked 
| 516|0x0000000740800000, 0x0000000740a00000, 0x0000000740a00000|100%| O|  |TAMS 0x0000000740800000, 0x0000000740a00000| Untracked 
| 517|0x0000000740a00000, 0x0000000740c00000, 0x0000000740c00000|100%| O|  |TAMS 0x0000000740a00000, 0x0000000740c00000| Untracked 
| 518|0x0000000740c00000, 0x0000000740e00000, 0x0000000740e00000|100%| O|  |TAMS 0x0000000740c00000, 0x0000000740e00000| Untracked 
| 519|0x0000000740e00000, 0x0000000741000000, 0x0000000741000000|100%| O|  |TAMS 0x0000000740e00000, 0x0000000741000000| Untracked 
| 520|0x0000000741000000, 0x0000000741200000, 0x0000000741200000|100%| O|  |TAMS 0x0000000741000000, 0x0000000741200000| Untracked 
| 521|0x0000000741200000, 0x0000000741400000, 0x0000000741400000|100%| O|  |TAMS 0x0000000741200000, 0x0000000741400000| Untracked 
| 522|0x0000000741400000, 0x0000000741600000, 0x0000000741600000|100%| O|  |TAMS 0x0000000741400000, 0x0000000741600000| Untracked 
| 523|0x0000000741600000, 0x0000000741800000, 0x0000000741800000|100%| O|  |TAMS 0x0000000741600000, 0x0000000741800000| Untracked 
| 524|0x0000000741800000, 0x0000000741a00000, 0x0000000741a00000|100%| O|  |TAMS 0x0000000741800000, 0x0000000741a00000| Untracked 
| 525|0x0000000741a00000, 0x0000000741c00000, 0x0000000741c00000|100%| O|  |TAMS 0x0000000741a00000, 0x0000000741c00000| Untracked 
| 526|0x0000000741c00000, 0x0000000741e00000, 0x0000000741e00000|100%| O|  |TAMS 0x0000000741c00000, 0x0000000741e00000| Untracked 
| 527|0x0000000741e00000, 0x0000000742000000, 0x0000000742000000|100%|HS|  |TAMS 0x0000000741e00000, 0x0000000742000000| Complete 
| 528|0x0000000742000000, 0x0000000742200000, 0x0000000742200000|100%|HC|  |TAMS 0x0000000742000000, 0x0000000742200000| Complete 
| 529|0x0000000742200000, 0x0000000742400000, 0x0000000742400000|100%|HS|  |TAMS 0x0000000742200000, 0x0000000742400000| Complete 
| 530|0x0000000742400000, 0x0000000742600000, 0x0000000742600000|100%|HC|  |TAMS 0x0000000742400000, 0x0000000742600000| Complete 
| 531|0x0000000742600000, 0x0000000742800000, 0x0000000742800000|100%| O|  |TAMS 0x0000000742600000, 0x0000000742800000| Untracked 
| 532|0x0000000742800000, 0x0000000742a00000, 0x0000000742a00000|100%| O|  |TAMS 0x0000000742800000, 0x0000000742a00000| Untracked 
| 533|0x0000000742a00000, 0x0000000742c00000, 0x0000000742c00000|100%| O|  |TAMS 0x0000000742a00000, 0x0000000742c00000| Untracked 
| 534|0x0000000742c00000, 0x0000000742e00000, 0x0000000742e00000|100%| O|  |TAMS 0x0000000742c00000, 0x0000000742e00000| Untracked 
| 535|0x0000000742e00000, 0x0000000743000000, 0x0000000743000000|100%| O|  |TAMS 0x0000000742e00000, 0x0000000743000000| Untracked 
| 536|0x0000000743000000, 0x0000000743200000, 0x0000000743200000|100%| O|  |TAMS 0x0000000743000000, 0x0000000743200000| Untracked 
| 537|0x0000000743200000, 0x0000000743400000, 0x0000000743400000|100%| O|  |TAMS 0x0000000743200000, 0x0000000743400000| Untracked 
| 538|0x0000000743400000, 0x0000000743600000, 0x0000000743600000|100%| O|  |TAMS 0x0000000743400000, 0x0000000743600000| Untracked 
| 539|0x0000000743600000, 0x0000000743800000, 0x0000000743800000|100%| O|  |TAMS 0x0000000743600000, 0x0000000743800000| Untracked 
| 540|0x0000000743800000, 0x0000000743a00000, 0x0000000743a00000|100%| O|  |TAMS 0x0000000743800000, 0x0000000743a00000| Untracked 
| 541|0x0000000743a00000, 0x0000000743c00000, 0x0000000743c00000|100%| O|  |TAMS 0x0000000743a00000, 0x0000000743c00000| Untracked 
| 542|0x0000000743c00000, 0x0000000743e00000, 0x0000000743e00000|100%| O|  |TAMS 0x0000000743c00000, 0x0000000743e00000| Untracked 
| 543|0x0000000743e00000, 0x0000000744000000, 0x0000000744000000|100%| O|  |TAMS 0x0000000743e00000, 0x0000000744000000| Untracked 
| 544|0x0000000744000000, 0x0000000744200000, 0x0000000744200000|100%| O|  |TAMS 0x0000000744000000, 0x0000000744200000| Untracked 
| 545|0x0000000744200000, 0x0000000744400000, 0x0000000744400000|100%| O|  |TAMS 0x0000000744200000, 0x0000000744400000| Untracked 
| 546|0x0000000744400000, 0x0000000744600000, 0x0000000744600000|100%| O|  |TAMS 0x0000000744400000, 0x0000000744600000| Untracked 
| 547|0x0000000744600000, 0x0000000744800000, 0x0000000744800000|100%| O|  |TAMS 0x0000000744600000, 0x0000000744800000| Untracked 
| 548|0x0000000744800000, 0x0000000744a00000, 0x0000000744a00000|100%| O|  |TAMS 0x0000000744800000, 0x0000000744a00000| Untracked 
| 549|0x0000000744a00000, 0x0000000744c00000, 0x0000000744c00000|100%| O|  |TAMS 0x0000000744a00000, 0x0000000744c00000| Untracked 
| 550|0x0000000744c00000, 0x0000000744e00000, 0x0000000744e00000|100%| O|  |TAMS 0x0000000744c00000, 0x0000000744e00000| Untracked 
| 551|0x0000000744e00000, 0x0000000745000000, 0x0000000745000000|100%| O|  |TAMS 0x0000000744e00000, 0x0000000745000000| Untracked 
| 552|0x0000000745000000, 0x0000000745200000, 0x0000000745200000|100%| O|  |TAMS 0x0000000745000000, 0x0000000745200000| Untracked 
| 553|0x0000000745200000, 0x0000000745400000, 0x0000000745400000|100%| O|  |TAMS 0x0000000745200000, 0x0000000745400000| Untracked 
| 554|0x0000000745400000, 0x0000000745600000, 0x0000000745600000|100%| O|  |TAMS 0x0000000745400000, 0x0000000745600000| Untracked 
| 555|0x0000000745600000, 0x0000000745800000, 0x0000000745800000|100%| O|  |TAMS 0x0000000745600000, 0x0000000745800000| Untracked 
| 556|0x0000000745800000, 0x0000000745a00000, 0x0000000745a00000|100%| O|  |TAMS 0x0000000745800000, 0x0000000745a00000| Untracked 
| 557|0x0000000745a00000, 0x0000000745c00000, 0x0000000745c00000|100%| O|  |TAMS 0x0000000745a00000, 0x0000000745c00000| Untracked 
| 558|0x0000000745c00000, 0x0000000745e00000, 0x0000000745e00000|100%| O|  |TAMS 0x0000000745c00000, 0x0000000745e00000| Untracked 
| 559|0x0000000745e00000, 0x0000000746000000, 0x0000000746000000|100%| O|  |TAMS 0x0000000745e00000, 0x0000000746000000| Untracked 
| 560|0x0000000746000000, 0x0000000746200000, 0x0000000746200000|100%| O|  |TAMS 0x0000000746000000, 0x0000000746200000| Untracked 
| 561|0x0000000746200000, 0x0000000746400000, 0x0000000746400000|100%| O|  |TAMS 0x0000000746200000, 0x0000000746400000| Untracked 
| 562|0x0000000746400000, 0x0000000746600000, 0x0000000746600000|100%| O|  |TAMS 0x0000000746400000, 0x0000000746600000| Untracked 
| 563|0x0000000746600000, 0x0000000746800000, 0x0000000746800000|100%| O|  |TAMS 0x0000000746600000, 0x0000000746800000| Untracked 
| 564|0x0000000746800000, 0x0000000746a00000, 0x0000000746a00000|100%| O|  |TAMS 0x0000000746800000, 0x0000000746a00000| Untracked 
| 565|0x0000000746a00000, 0x0000000746c00000, 0x0000000746c00000|100%| O|  |TAMS 0x0000000746a00000, 0x0000000746c00000| Untracked 
| 566|0x0000000746c00000, 0x0000000746e00000, 0x0000000746e00000|100%| O|  |TAMS 0x0000000746c00000, 0x0000000746e00000| Untracked 
| 567|0x0000000746e00000, 0x0000000747000000, 0x0000000747000000|100%| O|  |TAMS 0x0000000746e00000, 0x0000000747000000| Untracked 
| 568|0x0000000747000000, 0x0000000747200000, 0x0000000747200000|100%| O|  |TAMS 0x0000000747000000, 0x0000000747200000| Untracked 
| 569|0x0000000747200000, 0x0000000747400000, 0x0000000747400000|100%| O|  |TAMS 0x0000000747200000, 0x0000000747400000| Untracked 
| 570|0x0000000747400000, 0x0000000747600000, 0x0000000747600000|100%| O|  |TAMS 0x0000000747400000, 0x0000000747600000| Untracked 
| 571|0x0000000747600000, 0x0000000747800000, 0x0000000747800000|100%| O|  |TAMS 0x0000000747600000, 0x0000000747800000| Untracked 
| 572|0x0000000747800000, 0x0000000747a00000, 0x0000000747a00000|100%| O|  |TAMS 0x0000000747800000, 0x0000000747a00000| Untracked 
| 573|0x0000000747a00000, 0x0000000747c00000, 0x0000000747c00000|100%| O|  |TAMS 0x0000000747a00000, 0x0000000747c00000| Untracked 
| 574|0x0000000747c00000, 0x0000000747e00000, 0x0000000747e00000|100%| O|  |TAMS 0x0000000747c00000, 0x0000000747e00000| Untracked 
| 575|0x0000000747e00000, 0x0000000748000000, 0x0000000748000000|100%| O|  |TAMS 0x0000000747e00000, 0x0000000748000000| Untracked 
| 576|0x0000000748000000, 0x0000000748200000, 0x0000000748200000|100%| O|  |TAMS 0x0000000748000000, 0x0000000748200000| Untracked 
| 577|0x0000000748200000, 0x0000000748400000, 0x0000000748400000|100%| O|  |TAMS 0x0000000748200000, 0x0000000748400000| Untracked 
| 578|0x0000000748400000, 0x0000000748600000, 0x0000000748600000|100%| O|  |TAMS 0x0000000748400000, 0x0000000748600000| Untracked 
| 579|0x0000000748600000, 0x0000000748800000, 0x0000000748800000|100%| O|  |TAMS 0x0000000748600000, 0x0000000748800000| Untracked 
| 580|0x0000000748800000, 0x0000000748a00000, 0x0000000748a00000|100%| O|  |TAMS 0x0000000748800000, 0x0000000748a00000| Untracked 
| 581|0x0000000748a00000, 0x0000000748c00000, 0x0000000748c00000|100%| O|  |TAMS 0x0000000748a00000, 0x0000000748c00000| Untracked 
| 582|0x0000000748c00000, 0x0000000748e00000, 0x0000000748e00000|100%| O|  |TAMS 0x0000000748c00000, 0x0000000748e00000| Untracked 
| 583|0x0000000748e00000, 0x0000000749000000, 0x0000000749000000|100%| O|  |TAMS 0x0000000748e00000, 0x0000000749000000| Untracked 
| 584|0x0000000749000000, 0x0000000749200000, 0x0000000749200000|100%| O|  |TAMS 0x0000000749000000, 0x0000000749200000| Untracked 
| 585|0x0000000749200000, 0x0000000749400000, 0x0000000749400000|100%| O|  |TAMS 0x0000000749200000, 0x0000000749400000| Untracked 
| 586|0x0000000749400000, 0x0000000749600000, 0x0000000749600000|100%| O|  |TAMS 0x0000000749400000, 0x0000000749600000| Untracked 
| 587|0x0000000749600000, 0x0000000749800000, 0x0000000749800000|100%| O|  |TAMS 0x0000000749600000, 0x0000000749800000| Untracked 
| 588|0x0000000749800000, 0x0000000749a00000, 0x0000000749a00000|100%| O|  |TAMS 0x0000000749800000, 0x0000000749a00000| Untracked 
| 589|0x0000000749a00000, 0x0000000749c00000, 0x0000000749c00000|100%| O|  |TAMS 0x0000000749a00000, 0x0000000749c00000| Untracked 
| 590|0x0000000749c00000, 0x0000000749e00000, 0x0000000749e00000|100%| O|  |TAMS 0x0000000749c00000, 0x0000000749e00000| Untracked 
| 591|0x0000000749e00000, 0x000000074a000000, 0x000000074a000000|100%| O|  |TAMS 0x0000000749e00000, 0x000000074a000000| Untracked 
| 592|0x000000074a000000, 0x000000074a200000, 0x000000074a200000|100%| O|  |TAMS 0x000000074a000000, 0x000000074a200000| Untracked 
| 593|0x000000074a200000, 0x000000074a400000, 0x000000074a400000|100%| O|  |TAMS 0x000000074a200000, 0x000000074a400000| Untracked 
| 594|0x000000074a400000, 0x000000074a600000, 0x000000074a600000|100%| O|  |TAMS 0x000000074a400000, 0x000000074a600000| Untracked 
| 595|0x000000074a600000, 0x000000074a800000, 0x000000074a800000|100%| O|  |TAMS 0x000000074a600000, 0x000000074a800000| Untracked 
| 596|0x000000074a800000, 0x000000074aa00000, 0x000000074aa00000|100%| O|  |TAMS 0x000000074a800000, 0x000000074aa00000| Untracked 
| 597|0x000000074aa00000, 0x000000074ac00000, 0x000000074ac00000|100%| O|  |TAMS 0x000000074aa00000, 0x000000074ac00000| Untracked 
| 598|0x000000074ac00000, 0x000000074ae00000, 0x000000074ae00000|100%| O|  |TAMS 0x000000074ac00000, 0x000000074ae00000| Untracked 
| 599|0x000000074ae00000, 0x000000074b000000, 0x000000074b000000|100%| O|  |TAMS 0x000000074ae00000, 0x000000074b000000| Untracked 
| 600|0x000000074b000000, 0x000000074b200000, 0x000000074b200000|100%| O|  |TAMS 0x000000074b000000, 0x000000074b200000| Untracked 
| 601|0x000000074b200000, 0x000000074b400000, 0x000000074b400000|100%| O|  |TAMS 0x000000074b200000, 0x000000074b400000| Untracked 
| 602|0x000000074b400000, 0x000000074b600000, 0x000000074b600000|100%| O|  |TAMS 0x000000074b400000, 0x000000074b600000| Untracked 
| 603|0x000000074b600000, 0x000000074b800000, 0x000000074b800000|100%| O|  |TAMS 0x000000074b600000, 0x000000074b800000| Untracked 
| 604|0x000000074b800000, 0x000000074ba00000, 0x000000074ba00000|100%| O|  |TAMS 0x000000074b800000, 0x000000074ba00000| Untracked 
| 605|0x000000074ba00000, 0x000000074bc00000, 0x000000074bc00000|100%| O|  |TAMS 0x000000074ba00000, 0x000000074bc00000| Untracked 
| 606|0x000000074bc00000, 0x000000074be00000, 0x000000074be00000|100%| O|  |TAMS 0x000000074bc00000, 0x000000074be00000| Untracked 
| 607|0x000000074be00000, 0x000000074c000000, 0x000000074c000000|100%| O|  |TAMS 0x000000074be00000, 0x000000074c000000| Untracked 
| 608|0x000000074c000000, 0x000000074c200000, 0x000000074c200000|100%| O|  |TAMS 0x000000074c000000, 0x000000074c200000| Untracked 
| 609|0x000000074c200000, 0x000000074c400000, 0x000000074c400000|100%| O|  |TAMS 0x000000074c200000, 0x000000074c400000| Untracked 
| 610|0x000000074c400000, 0x000000074c600000, 0x000000074c600000|100%| O|  |TAMS 0x000000074c400000, 0x000000074c600000| Untracked 
| 611|0x000000074c600000, 0x000000074c800000, 0x000000074c800000|100%| O|  |TAMS 0x000000074c600000, 0x000000074c800000| Untracked 
| 612|0x000000074c800000, 0x000000074ca00000, 0x000000074ca00000|100%| O|  |TAMS 0x000000074c800000, 0x000000074ca00000| Untracked 
| 613|0x000000074ca00000, 0x000000074cc00000, 0x000000074cc00000|100%|HS|  |TAMS 0x000000074ca00000, 0x000000074cc00000| Complete 
| 614|0x000000074cc00000, 0x000000074ce00000, 0x000000074ce00000|100%|HC|  |TAMS 0x000000074cc00000, 0x000000074ce00000| Complete 
| 615|0x000000074ce00000, 0x000000074d000000, 0x000000074d000000|100%|HC|  |TAMS 0x000000074ce00000, 0x000000074d000000| Complete 
| 616|0x000000074d000000, 0x000000074d200000, 0x000000074d200000|100%|HS|  |TAMS 0x000000074d000000, 0x000000074d200000| Complete 
| 617|0x000000074d200000, 0x000000074d400000, 0x000000074d400000|100%|HC|  |TAMS 0x000000074d200000, 0x000000074d400000| Complete 
| 618|0x000000074d400000, 0x000000074d600000, 0x000000074d600000|100%|HS|  |TAMS 0x000000074d400000, 0x000000074d600000| Complete 
| 619|0x000000074d600000, 0x000000074d800000, 0x000000074d800000|100%|HC|  |TAMS 0x000000074d600000, 0x000000074d800000| Complete 
| 620|0x000000074d800000, 0x000000074da00000, 0x000000074da00000|100%|HS|  |TAMS 0x000000074d800000, 0x000000074da00000| Complete 
| 621|0x000000074da00000, 0x000000074dc00000, 0x000000074dc00000|100%|HS|  |TAMS 0x000000074da00000, 0x000000074dc00000| Complete 
| 622|0x000000074dc00000, 0x000000074de00000, 0x000000074de00000|100%|HS|  |TAMS 0x000000074dc00000, 0x000000074de00000| Complete 
| 623|0x000000074de00000, 0x000000074e000000, 0x000000074e000000|100%|HS|  |TAMS 0x000000074de00000, 0x000000074e000000| Complete 
| 624|0x000000074e000000, 0x000000074e200000, 0x000000074e200000|100%|HC|  |TAMS 0x000000074e000000, 0x000000074e200000| Complete 
| 625|0x000000074e200000, 0x000000074e400000, 0x000000074e400000|100%| O|  |TAMS 0x000000074e200000, 0x000000074e400000| Untracked 
| 626|0x000000074e400000, 0x000000074e600000, 0x000000074e600000|100%| O|  |TAMS 0x000000074e400000, 0x000000074e600000| Untracked 
| 627|0x000000074e600000, 0x000000074e800000, 0x000000074e800000|100%| O|  |TAMS 0x000000074e600000, 0x000000074e800000| Untracked 
| 628|0x000000074e800000, 0x000000074ea00000, 0x000000074ea00000|100%| O|  |TAMS 0x000000074e800000, 0x000000074ea00000| Untracked 
| 629|0x000000074ea00000, 0x000000074ec00000, 0x000000074ec00000|100%| O|  |TAMS 0x000000074ea00000, 0x000000074ec00000| Untracked 
| 630|0x000000074ec00000, 0x000000074ee00000, 0x000000074ee00000|100%| O|  |TAMS 0x000000074ec00000, 0x000000074ee00000| Untracked 
| 631|0x000000074ee00000, 0x000000074f000000, 0x000000074f000000|100%|HS|  |TAMS 0x000000074ee00000, 0x000000074f000000| Complete 
| 632|0x000000074f000000, 0x000000074f200000, 0x000000074f200000|100%|HC|  |TAMS 0x000000074f000000, 0x000000074f200000| Complete 
| 633|0x000000074f200000, 0x000000074f400000, 0x000000074f400000|100%|HC|  |TAMS 0x000000074f200000, 0x000000074f400000| Complete 
| 634|0x000000074f400000, 0x000000074f600000, 0x000000074f600000|100%| O|  |TAMS 0x000000074f400000, 0x000000074f600000| Untracked 
| 635|0x000000074f600000, 0x000000074f800000, 0x000000074f800000|100%| O|  |TAMS 0x000000074f600000, 0x000000074f800000| Untracked 
| 636|0x000000074f800000, 0x000000074fa00000, 0x000000074fa00000|100%| O|  |TAMS 0x000000074f800000, 0x000000074fa00000| Untracked 
| 637|0x000000074fa00000, 0x000000074fc00000, 0x000000074fc00000|100%|HS|  |TAMS 0x000000074fa00000, 0x000000074fc00000| Complete 
| 638|0x000000074fc00000, 0x000000074fe00000, 0x000000074fe00000|100%|HC|  |TAMS 0x000000074fc00000, 0x000000074fe00000| Complete 
| 639|0x000000074fe00000, 0x0000000750000000, 0x0000000750000000|100%| O|  |TAMS 0x000000074fe00000, 0x0000000750000000| Untracked 
| 640|0x0000000750000000, 0x0000000750200000, 0x0000000750200000|100%| O|  |TAMS 0x0000000750000000, 0x0000000750200000| Untracked 
| 641|0x0000000750200000, 0x0000000750400000, 0x0000000750400000|100%| O|  |TAMS 0x0000000750200000, 0x0000000750400000| Untracked 
| 642|0x0000000750400000, 0x0000000750600000, 0x0000000750600000|100%|HS|  |TAMS 0x0000000750400000, 0x0000000750600000| Complete 
| 643|0x0000000750600000, 0x0000000750800000, 0x0000000750800000|100%|HC|  |TAMS 0x0000000750600000, 0x0000000750800000| Complete 
| 644|0x0000000750800000, 0x0000000750a00000, 0x0000000750a00000|100%| O|  |TAMS 0x0000000750800000, 0x0000000750a00000| Untracked 
| 645|0x0000000750a00000, 0x0000000750c00000, 0x0000000750c00000|100%|HS|  |TAMS 0x0000000750a00000, 0x0000000750c00000| Complete 
| 646|0x0000000750c00000, 0x0000000750e00000, 0x0000000750e00000|100%| O|  |TAMS 0x0000000750c00000, 0x0000000750e00000| Untracked 
| 647|0x0000000750e00000, 0x0000000751000000, 0x0000000751000000|100%|HS|  |TAMS 0x0000000750e00000, 0x0000000751000000| Complete 
| 648|0x0000000751000000, 0x0000000751200000, 0x0000000751200000|100%| O|  |TAMS 0x0000000751000000, 0x0000000751200000| Untracked 
| 649|0x0000000751200000, 0x0000000751400000, 0x0000000751400000|100%|HS|  |TAMS 0x0000000751200000, 0x0000000751400000| Complete 
| 650|0x0000000751400000, 0x0000000751600000, 0x0000000751600000|100%| O|  |TAMS 0x0000000751400000, 0x0000000751600000| Untracked 
| 651|0x0000000751600000, 0x0000000751800000, 0x0000000751800000|100%| O|  |TAMS 0x0000000751600000, 0x0000000751800000| Untracked 
| 652|0x0000000751800000, 0x0000000751a00000, 0x0000000751a00000|100%| O|  |TAMS 0x0000000751800000, 0x0000000751a00000| Untracked 
| 653|0x0000000751a00000, 0x0000000751c00000, 0x0000000751c00000|100%|HS|  |TAMS 0x0000000751a00000, 0x0000000751c00000| Complete 
| 654|0x0000000751c00000, 0x0000000751e00000, 0x0000000751e00000|100%|HC|  |TAMS 0x0000000751c00000, 0x0000000751e00000| Complete 
| 655|0x0000000751e00000, 0x0000000752000000, 0x0000000752000000|100%| O|  |TAMS 0x0000000751e00000, 0x0000000752000000| Untracked 
| 656|0x0000000752000000, 0x0000000752200000, 0x0000000752200000|100%| O|  |TAMS 0x0000000752000000, 0x0000000752200000| Untracked 
| 657|0x0000000752200000, 0x0000000752400000, 0x0000000752400000|100%| O|  |TAMS 0x0000000752200000, 0x0000000752400000| Untracked 
| 658|0x0000000752400000, 0x0000000752600000, 0x0000000752600000|100%| O|  |TAMS 0x0000000752400000, 0x0000000752600000| Untracked 
| 659|0x0000000752600000, 0x0000000752800000, 0x0000000752800000|100%| O|  |TAMS 0x0000000752600000, 0x0000000752800000| Untracked 
| 660|0x0000000752800000, 0x0000000752a00000, 0x0000000752a00000|100%| O|  |TAMS 0x0000000752800000, 0x0000000752a00000| Untracked 
| 661|0x0000000752a00000, 0x0000000752c00000, 0x0000000752c00000|100%| O|  |TAMS 0x0000000752a00000, 0x0000000752c00000| Untracked 
| 662|0x0000000752c00000, 0x0000000752e00000, 0x0000000752e00000|100%| O|  |TAMS 0x0000000752c00000, 0x0000000752e00000| Untracked 
| 663|0x0000000752e00000, 0x0000000753000000, 0x0000000753000000|100%| O|  |TAMS 0x0000000752e00000, 0x0000000753000000| Untracked 
| 664|0x0000000753000000, 0x0000000753200000, 0x0000000753200000|100%| O|  |TAMS 0x0000000753000000, 0x0000000753200000| Untracked 
| 665|0x0000000753200000, 0x0000000753400000, 0x0000000753400000|100%| O|  |TAMS 0x0000000753200000, 0x0000000753400000| Untracked 
| 666|0x0000000753400000, 0x0000000753600000, 0x0000000753600000|100%| O|  |TAMS 0x0000000753400000, 0x0000000753600000| Untracked 
| 667|0x0000000753600000, 0x0000000753800000, 0x0000000753800000|100%| O|  |TAMS 0x0000000753600000, 0x0000000753800000| Untracked 
| 668|0x0000000753800000, 0x0000000753a00000, 0x0000000753a00000|100%| O|  |TAMS 0x0000000753800000, 0x0000000753a00000| Untracked 
| 669|0x0000000753a00000, 0x0000000753c00000, 0x0000000753c00000|100%| O|  |TAMS 0x0000000753a00000, 0x0000000753c00000| Untracked 
| 670|0x0000000753c00000, 0x0000000753e00000, 0x0000000753e00000|100%| O|  |TAMS 0x0000000753c00000, 0x0000000753e00000| Untracked 
| 671|0x0000000753e00000, 0x0000000754000000, 0x0000000754000000|100%| O|  |TAMS 0x0000000753e00000, 0x0000000754000000| Untracked 
| 672|0x0000000754000000, 0x0000000754200000, 0x0000000754200000|100%| O|  |TAMS 0x0000000754000000, 0x0000000754200000| Untracked 
| 673|0x0000000754200000, 0x0000000754400000, 0x0000000754400000|100%| O|  |TAMS 0x0000000754200000, 0x0000000754400000| Untracked 
| 674|0x0000000754400000, 0x0000000754600000, 0x0000000754600000|100%| O|  |TAMS 0x0000000754400000, 0x0000000754600000| Untracked 
| 675|0x0000000754600000, 0x0000000754800000, 0x0000000754800000|100%| O|  |TAMS 0x0000000754600000, 0x0000000754800000| Untracked 
| 676|0x0000000754800000, 0x0000000754a00000, 0x0000000754a00000|100%| O|  |TAMS 0x0000000754800000, 0x0000000754a00000| Untracked 
| 677|0x0000000754a00000, 0x0000000754c00000, 0x0000000754c00000|100%| O|  |TAMS 0x0000000754a00000, 0x0000000754c00000| Untracked 
| 678|0x0000000754c00000, 0x0000000754e00000, 0x0000000754e00000|100%| O|  |TAMS 0x0000000754c00000, 0x0000000754e00000| Untracked 
| 679|0x0000000754e00000, 0x0000000755000000, 0x0000000755000000|100%| O|  |TAMS 0x0000000754e00000, 0x0000000755000000| Untracked 
| 680|0x0000000755000000, 0x0000000755200000, 0x0000000755200000|100%| O|  |TAMS 0x0000000755000000, 0x0000000755200000| Untracked 
| 681|0x0000000755200000, 0x0000000755400000, 0x0000000755400000|100%| O|  |TAMS 0x0000000755200000, 0x0000000755400000| Untracked 
| 682|0x0000000755400000, 0x0000000755600000, 0x0000000755600000|100%| O|  |TAMS 0x0000000755400000, 0x0000000755600000| Untracked 
| 683|0x0000000755600000, 0x0000000755800000, 0x0000000755800000|100%| O|  |TAMS 0x0000000755600000, 0x0000000755800000| Untracked 
| 684|0x0000000755800000, 0x0000000755a00000, 0x0000000755a00000|100%| O|  |TAMS 0x0000000755800000, 0x0000000755a00000| Untracked 
| 685|0x0000000755a00000, 0x0000000755c00000, 0x0000000755c00000|100%| O|  |TAMS 0x0000000755a00000, 0x0000000755c00000| Untracked 
| 686|0x0000000755c00000, 0x0000000755e00000, 0x0000000755e00000|100%| O|  |TAMS 0x0000000755c00000, 0x0000000755e00000| Untracked 
| 687|0x0000000755e00000, 0x0000000756000000, 0x0000000756000000|100%| O|  |TAMS 0x0000000755e00000, 0x0000000756000000| Untracked 
| 688|0x0000000756000000, 0x0000000756200000, 0x0000000756200000|100%| O|  |TAMS 0x0000000756000000, 0x0000000756200000| Untracked 
| 689|0x0000000756200000, 0x0000000756400000, 0x0000000756400000|100%| O|  |TAMS 0x0000000756200000, 0x0000000756400000| Untracked 
| 690|0x0000000756400000, 0x0000000756600000, 0x0000000756600000|100%| O|  |TAMS 0x0000000756400000, 0x0000000756600000| Untracked 
| 691|0x0000000756600000, 0x0000000756800000, 0x0000000756800000|100%| O|  |TAMS 0x0000000756600000, 0x0000000756800000| Untracked 
| 692|0x0000000756800000, 0x0000000756a00000, 0x0000000756a00000|100%| O|  |TAMS 0x0000000756800000, 0x0000000756a00000| Untracked 
| 693|0x0000000756a00000, 0x0000000756c00000, 0x0000000756c00000|100%| O|  |TAMS 0x0000000756a00000, 0x0000000756c00000| Untracked 
| 694|0x0000000756c00000, 0x0000000756e00000, 0x0000000756e00000|100%| O|  |TAMS 0x0000000756c00000, 0x0000000756e00000| Untracked 
| 695|0x0000000756e00000, 0x0000000757000000, 0x0000000757000000|100%| O|  |TAMS 0x0000000756e00000, 0x0000000757000000| Untracked 
| 696|0x0000000757000000, 0x0000000757200000, 0x0000000757200000|100%| O|  |TAMS 0x0000000757000000, 0x0000000757200000| Untracked 
| 697|0x0000000757200000, 0x0000000757400000, 0x0000000757400000|100%|HS|  |TAMS 0x0000000757200000, 0x0000000757400000| Complete 
| 698|0x0000000757400000, 0x0000000757600000, 0x0000000757600000|100%| O|  |TAMS 0x0000000757400000, 0x0000000757600000| Untracked 
| 699|0x0000000757600000, 0x0000000757800000, 0x0000000757800000|100%| O|  |TAMS 0x0000000757600000, 0x0000000757800000| Untracked 
| 700|0x0000000757800000, 0x0000000757a00000, 0x0000000757a00000|100%|HS|  |TAMS 0x0000000757800000, 0x0000000757a00000| Complete 
| 701|0x0000000757a00000, 0x0000000757c00000, 0x0000000757c00000|100%| O|  |TAMS 0x0000000757a00000, 0x0000000757c00000| Untracked 
| 702|0x0000000757c00000, 0x0000000757e00000, 0x0000000757e00000|100%| O|  |TAMS 0x0000000757c00000, 0x0000000757e00000| Untracked 
| 703|0x0000000757e00000, 0x0000000758000000, 0x0000000758000000|100%| O|  |TAMS 0x0000000757e00000, 0x0000000758000000| Untracked 
| 704|0x0000000758000000, 0x0000000758200000, 0x0000000758200000|100%| O|  |TAMS 0x0000000758000000, 0x0000000758200000| Untracked 
| 705|0x0000000758200000, 0x0000000758400000, 0x0000000758400000|100%| O|  |TAMS 0x0000000758200000, 0x0000000758400000| Untracked 
| 706|0x0000000758400000, 0x0000000758600000, 0x0000000758600000|100%| O|  |TAMS 0x0000000758400000, 0x0000000758600000| Untracked 
| 707|0x0000000758600000, 0x0000000758800000, 0x0000000758800000|100%| O|  |TAMS 0x0000000758600000, 0x0000000758800000| Untracked 
| 708|0x0000000758800000, 0x0000000758a00000, 0x0000000758a00000|100%| O|  |TAMS 0x0000000758800000, 0x0000000758a00000| Untracked 
| 709|0x0000000758a00000, 0x0000000758c00000, 0x0000000758c00000|100%| O|  |TAMS 0x0000000758a00000, 0x0000000758c00000| Untracked 
| 710|0x0000000758c00000, 0x0000000758e00000, 0x0000000758e00000|100%| O|  |TAMS 0x0000000758c00000, 0x0000000758e00000| Untracked 
| 711|0x0000000758e00000, 0x0000000759000000, 0x0000000759000000|100%| O|  |TAMS 0x0000000758e00000, 0x0000000759000000| Untracked 
| 712|0x0000000759000000, 0x0000000759200000, 0x0000000759200000|100%| O|  |TAMS 0x0000000759000000, 0x0000000759200000| Untracked 
| 713|0x0000000759200000, 0x0000000759400000, 0x0000000759400000|100%| O|  |TAMS 0x0000000759200000, 0x0000000759400000| Untracked 
| 714|0x0000000759400000, 0x0000000759600000, 0x0000000759600000|100%| O|  |TAMS 0x0000000759400000, 0x0000000759600000| Untracked 
| 715|0x0000000759600000, 0x0000000759800000, 0x0000000759800000|100%| O|  |TAMS 0x0000000759600000, 0x0000000759800000| Untracked 
| 716|0x0000000759800000, 0x0000000759a00000, 0x0000000759a00000|100%| O|  |TAMS 0x0000000759800000, 0x0000000759a00000| Untracked 
| 717|0x0000000759a00000, 0x0000000759c00000, 0x0000000759c00000|100%| O|  |TAMS 0x0000000759a00000, 0x0000000759c00000| Untracked 
| 718|0x0000000759c00000, 0x0000000759e00000, 0x0000000759e00000|100%| O|  |TAMS 0x0000000759c00000, 0x0000000759e00000| Untracked 
| 719|0x0000000759e00000, 0x000000075a000000, 0x000000075a000000|100%| O|  |TAMS 0x0000000759e00000, 0x000000075a000000| Untracked 
| 720|0x000000075a000000, 0x000000075a200000, 0x000000075a200000|100%| O|  |TAMS 0x000000075a000000, 0x000000075a200000| Untracked 
| 721|0x000000075a200000, 0x000000075a400000, 0x000000075a400000|100%| O|  |TAMS 0x000000075a200000, 0x000000075a400000| Untracked 
| 722|0x000000075a400000, 0x000000075a600000, 0x000000075a600000|100%| O|  |TAMS 0x000000075a400000, 0x000000075a600000| Untracked 
| 723|0x000000075a600000, 0x000000075a800000, 0x000000075a800000|100%| O|  |TAMS 0x000000075a600000, 0x000000075a800000| Untracked 
| 724|0x000000075a800000, 0x000000075aa00000, 0x000000075aa00000|100%| O|  |TAMS 0x000000075a800000, 0x000000075aa00000| Untracked 
| 725|0x000000075aa00000, 0x000000075ac00000, 0x000000075ac00000|100%| O|  |TAMS 0x000000075aa00000, 0x000000075ac00000| Untracked 
| 726|0x000000075ac00000, 0x000000075ae00000, 0x000000075ae00000|100%| O|  |TAMS 0x000000075ac00000, 0x000000075ae00000| Untracked 
| 727|0x000000075ae00000, 0x000000075b000000, 0x000000075b000000|100%| O|  |TAMS 0x000000075ae00000, 0x000000075b000000| Untracked 
| 728|0x000000075b000000, 0x000000075b200000, 0x000000075b200000|100%| O|  |TAMS 0x000000075b000000, 0x000000075b200000| Untracked 
| 729|0x000000075b200000, 0x000000075b400000, 0x000000075b400000|100%| O|  |TAMS 0x000000075b200000, 0x000000075b400000| Untracked 
| 730|0x000000075b400000, 0x000000075b600000, 0x000000075b600000|100%| O|  |TAMS 0x000000075b400000, 0x000000075b600000| Untracked 
| 731|0x000000075b600000, 0x000000075b800000, 0x000000075b800000|100%| O|  |TAMS 0x000000075b600000, 0x000000075b800000| Untracked 
| 732|0x000000075b800000, 0x000000075ba00000, 0x000000075ba00000|100%| O|  |TAMS 0x000000075b800000, 0x000000075ba00000| Untracked 
| 733|0x000000075ba00000, 0x000000075bc00000, 0x000000075bc00000|100%| O|  |TAMS 0x000000075ba00000, 0x000000075bc00000| Untracked 
| 734|0x000000075bc00000, 0x000000075be00000, 0x000000075be00000|100%| O|  |TAMS 0x000000075bc00000, 0x000000075be00000| Untracked 
| 735|0x000000075be00000, 0x000000075c000000, 0x000000075c000000|100%| O|  |TAMS 0x000000075be00000, 0x000000075c000000| Untracked 
| 736|0x000000075c000000, 0x000000075c200000, 0x000000075c200000|100%| O|  |TAMS 0x000000075c000000, 0x000000075c200000| Untracked 
| 737|0x000000075c200000, 0x000000075c400000, 0x000000075c400000|100%| O|  |TAMS 0x000000075c200000, 0x000000075c400000| Untracked 
| 738|0x000000075c400000, 0x000000075c600000, 0x000000075c600000|100%| O|  |TAMS 0x000000075c400000, 0x000000075c600000| Untracked 
| 739|0x000000075c600000, 0x000000075c800000, 0x000000075c800000|100%| O|  |TAMS 0x000000075c600000, 0x000000075c800000| Untracked 
| 740|0x000000075c800000, 0x000000075ca00000, 0x000000075ca00000|100%| O|  |TAMS 0x000000075c800000, 0x000000075ca00000| Untracked 
| 741|0x000000075ca00000, 0x000000075cc00000, 0x000000075cc00000|100%| O|  |TAMS 0x000000075ca00000, 0x000000075cc00000| Untracked 
| 742|0x000000075cc00000, 0x000000075ce00000, 0x000000075ce00000|100%| O|  |TAMS 0x000000075cc00000, 0x000000075ce00000| Untracked 
| 743|0x000000075ce00000, 0x000000075d000000, 0x000000075d000000|100%| O|  |TAMS 0x000000075ce00000, 0x000000075d000000| Untracked 
| 744|0x000000075d000000, 0x000000075d200000, 0x000000075d200000|100%| O|  |TAMS 0x000000075d000000, 0x000000075d200000| Untracked 
| 745|0x000000075d200000, 0x000000075d400000, 0x000000075d400000|100%| O|  |TAMS 0x000000075d200000, 0x000000075d400000| Untracked 
| 746|0x000000075d400000, 0x000000075d600000, 0x000000075d600000|100%| O|  |TAMS 0x000000075d400000, 0x000000075d600000| Untracked 
| 747|0x000000075d600000, 0x000000075d800000, 0x000000075d800000|100%| O|  |TAMS 0x000000075d600000, 0x000000075d800000| Untracked 
| 748|0x000000075d800000, 0x000000075da00000, 0x000000075da00000|100%| O|  |TAMS 0x000000075d800000, 0x000000075da00000| Untracked 
| 749|0x000000075da00000, 0x000000075dc00000, 0x000000075dc00000|100%| O|  |TAMS 0x000000075da00000, 0x000000075dc00000| Untracked 
| 750|0x000000075dc00000, 0x000000075de00000, 0x000000075de00000|100%| O|  |TAMS 0x000000075dc00000, 0x000000075de00000| Untracked 
| 751|0x000000075de00000, 0x000000075e000000, 0x000000075e000000|100%| O|  |TAMS 0x000000075de00000, 0x000000075e000000| Untracked 
| 752|0x000000075e000000, 0x000000075e200000, 0x000000075e200000|100%| O|  |TAMS 0x000000075e000000, 0x000000075e200000| Untracked 
| 753|0x000000075e200000, 0x000000075e400000, 0x000000075e400000|100%| O|  |TAMS 0x000000075e200000, 0x000000075e400000| Untracked 
| 754|0x000000075e400000, 0x000000075e600000, 0x000000075e600000|100%| O|  |TAMS 0x000000075e400000, 0x000000075e600000| Untracked 
| 755|0x000000075e600000, 0x000000075e800000, 0x000000075e800000|100%| O|  |TAMS 0x000000075e600000, 0x000000075e800000| Untracked 
| 756|0x000000075e800000, 0x000000075ea00000, 0x000000075ea00000|100%| O|  |TAMS 0x000000075e800000, 0x000000075ea00000| Untracked 
| 757|0x000000075ea00000, 0x000000075ec00000, 0x000000075ec00000|100%| O|  |TAMS 0x000000075ea00000, 0x000000075ec00000| Untracked 
| 758|0x000000075ec00000, 0x000000075ee00000, 0x000000075ee00000|100%| O|  |TAMS 0x000000075ec00000, 0x000000075ee00000| Untracked 
| 759|0x000000075ee00000, 0x000000075f000000, 0x000000075f000000|100%| O|  |TAMS 0x000000075ee00000, 0x000000075f000000| Untracked 
| 760|0x000000075f000000, 0x000000075f200000, 0x000000075f200000|100%| O|  |TAMS 0x000000075f000000, 0x000000075f200000| Untracked 
| 761|0x000000075f200000, 0x000000075f400000, 0x000000075f400000|100%| O|  |TAMS 0x000000075f200000, 0x000000075f400000| Untracked 
| 762|0x000000075f400000, 0x000000075f600000, 0x000000075f600000|100%| O|  |TAMS 0x000000075f400000, 0x000000075f600000| Untracked 
| 763|0x000000075f600000, 0x000000075f800000, 0x000000075f800000|100%| O|  |TAMS 0x000000075f600000, 0x000000075f800000| Untracked 
| 764|0x000000075f800000, 0x000000075fa00000, 0x000000075fa00000|100%| O|  |TAMS 0x000000075f800000, 0x000000075fa00000| Untracked 
| 765|0x000000075fa00000, 0x000000075fc00000, 0x000000075fc00000|100%| O|  |TAMS 0x000000075fa00000, 0x000000075fc00000| Untracked 
| 766|0x000000075fc00000, 0x000000075fe00000, 0x000000075fe00000|100%| O|  |TAMS 0x000000075fc00000, 0x000000075fe00000| Untracked 
| 767|0x000000075fe00000, 0x0000000760000000, 0x0000000760000000|100%| O|  |TAMS 0x000000075fe00000, 0x0000000760000000| Untracked 
| 768|0x0000000760000000, 0x0000000760200000, 0x0000000760200000|100%| O|  |TAMS 0x0000000760000000, 0x0000000760200000| Untracked 
| 769|0x0000000760200000, 0x0000000760400000, 0x0000000760400000|100%| O|  |TAMS 0x0000000760200000, 0x0000000760400000| Untracked 
| 770|0x0000000760400000, 0x0000000760600000, 0x0000000760600000|100%| O|  |TAMS 0x0000000760400000, 0x0000000760600000| Untracked 
| 771|0x0000000760600000, 0x0000000760800000, 0x0000000760800000|100%| O|  |TAMS 0x0000000760600000, 0x0000000760800000| Untracked 
| 772|0x0000000760800000, 0x0000000760a00000, 0x0000000760a00000|100%| O|  |TAMS 0x0000000760800000, 0x0000000760a00000| Untracked 
| 773|0x0000000760a00000, 0x0000000760c00000, 0x0000000760c00000|100%| O|  |TAMS 0x0000000760a00000, 0x0000000760c00000| Untracked 
| 774|0x0000000760c00000, 0x0000000760e00000, 0x0000000760e00000|100%| O|  |TAMS 0x0000000760c00000, 0x0000000760e00000| Untracked 
| 775|0x0000000760e00000, 0x0000000761000000, 0x0000000761000000|100%| O|  |TAMS 0x0000000760e00000, 0x0000000761000000| Untracked 
| 776|0x0000000761000000, 0x0000000761200000, 0x0000000761200000|100%| O|  |TAMS 0x0000000761000000, 0x0000000761200000| Untracked 
| 777|0x0000000761200000, 0x0000000761400000, 0x0000000761400000|100%| O|  |TAMS 0x0000000761200000, 0x0000000761400000| Untracked 
| 778|0x0000000761400000, 0x0000000761600000, 0x0000000761600000|100%| O|  |TAMS 0x0000000761400000, 0x0000000761600000| Untracked 
| 779|0x0000000761600000, 0x0000000761800000, 0x0000000761800000|100%| O|  |TAMS 0x0000000761600000, 0x0000000761800000| Untracked 
| 780|0x0000000761800000, 0x0000000761a00000, 0x0000000761a00000|100%| O|  |TAMS 0x0000000761800000, 0x0000000761a00000| Untracked 
| 781|0x0000000761a00000, 0x0000000761c00000, 0x0000000761c00000|100%| O|  |TAMS 0x0000000761a00000, 0x0000000761c00000| Untracked 
| 782|0x0000000761c00000, 0x0000000761e00000, 0x0000000761e00000|100%| O|  |TAMS 0x0000000761c00000, 0x0000000761e00000| Untracked 
| 783|0x0000000761e00000, 0x0000000762000000, 0x0000000762000000|100%| O|  |TAMS 0x0000000761e00000, 0x0000000762000000| Untracked 
| 784|0x0000000762000000, 0x0000000762200000, 0x0000000762200000|100%| O|  |TAMS 0x0000000762000000, 0x0000000762200000| Untracked 
| 785|0x0000000762200000, 0x0000000762400000, 0x0000000762400000|100%| O|  |TAMS 0x0000000762200000, 0x0000000762400000| Untracked 
| 786|0x0000000762400000, 0x0000000762600000, 0x0000000762600000|100%| O|  |TAMS 0x0000000762400000, 0x0000000762600000| Untracked 
| 787|0x0000000762600000, 0x0000000762800000, 0x0000000762800000|100%| O|  |TAMS 0x0000000762600000, 0x0000000762800000| Untracked 
| 788|0x0000000762800000, 0x0000000762a00000, 0x0000000762a00000|100%| O|  |TAMS 0x0000000762800000, 0x0000000762a00000| Untracked 
| 789|0x0000000762a00000, 0x0000000762c00000, 0x0000000762c00000|100%| O|  |TAMS 0x0000000762a00000, 0x0000000762c00000| Untracked 
| 790|0x0000000762c00000, 0x0000000762e00000, 0x0000000762e00000|100%| O|  |TAMS 0x0000000762c00000, 0x0000000762e00000| Untracked 
| 791|0x0000000762e00000, 0x0000000763000000, 0x0000000763000000|100%| O|  |TAMS 0x0000000762e00000, 0x0000000763000000| Untracked 
| 792|0x0000000763000000, 0x0000000763200000, 0x0000000763200000|100%| O|  |TAMS 0x0000000763000000, 0x0000000763200000| Untracked 
| 793|0x0000000763200000, 0x0000000763400000, 0x0000000763400000|100%| O|  |TAMS 0x0000000763200000, 0x0000000763400000| Untracked 
| 794|0x0000000763400000, 0x0000000763600000, 0x0000000763600000|100%| O|  |TAMS 0x0000000763400000, 0x0000000763600000| Untracked 
| 795|0x0000000763600000, 0x0000000763800000, 0x0000000763800000|100%| O|  |TAMS 0x0000000763600000, 0x0000000763800000| Untracked 
| 796|0x0000000763800000, 0x0000000763a00000, 0x0000000763a00000|100%| O|  |TAMS 0x0000000763800000, 0x0000000763a00000| Untracked 
| 797|0x0000000763a00000, 0x0000000763c00000, 0x0000000763c00000|100%| O|  |TAMS 0x0000000763a00000, 0x0000000763c00000| Untracked 
| 798|0x0000000763c00000, 0x0000000763e00000, 0x0000000763e00000|100%| O|  |TAMS 0x0000000763c00000, 0x0000000763e00000| Untracked 
| 799|0x0000000763e00000, 0x0000000764000000, 0x0000000764000000|100%| O|  |TAMS 0x0000000763e00000, 0x0000000764000000| Untracked 
| 800|0x0000000764000000, 0x0000000764200000, 0x0000000764200000|100%| O|  |TAMS 0x0000000764000000, 0x0000000764200000| Untracked 
| 801|0x0000000764200000, 0x0000000764400000, 0x0000000764400000|100%| O|  |TAMS 0x0000000764200000, 0x0000000764400000| Untracked 
| 802|0x0000000764400000, 0x0000000764600000, 0x0000000764600000|100%| O|  |TAMS 0x0000000764400000, 0x0000000764600000| Untracked 
| 803|0x0000000764600000, 0x0000000764800000, 0x0000000764800000|100%| O|  |TAMS 0x0000000764600000, 0x0000000764800000| Untracked 
| 804|0x0000000764800000, 0x0000000764a00000, 0x0000000764a00000|100%| O|  |TAMS 0x0000000764800000, 0x0000000764a00000| Untracked 
| 805|0x0000000764a00000, 0x0000000764c00000, 0x0000000764c00000|100%| O|  |TAMS 0x0000000764a00000, 0x0000000764c00000| Untracked 
| 806|0x0000000764c00000, 0x0000000764e00000, 0x0000000764e00000|100%| O|  |TAMS 0x0000000764c00000, 0x0000000764e00000| Untracked 
| 807|0x0000000764e00000, 0x0000000765000000, 0x0000000765000000|100%| O|  |TAMS 0x0000000764e00000, 0x0000000765000000| Untracked 
| 808|0x0000000765000000, 0x0000000765200000, 0x0000000765200000|100%| O|  |TAMS 0x0000000765000000, 0x0000000765200000| Untracked 
| 809|0x0000000765200000, 0x0000000765400000, 0x0000000765400000|100%| O|  |TAMS 0x0000000765200000, 0x0000000765400000| Untracked 
| 810|0x0000000765400000, 0x0000000765600000, 0x0000000765600000|100%| O|  |TAMS 0x0000000765400000, 0x0000000765600000| Untracked 
| 811|0x0000000765600000, 0x0000000765800000, 0x0000000765800000|100%| O|  |TAMS 0x0000000765600000, 0x0000000765800000| Untracked 
| 812|0x0000000765800000, 0x0000000765a00000, 0x0000000765a00000|100%|HS|  |TAMS 0x0000000765800000, 0x0000000765a00000| Complete 
| 813|0x0000000765a00000, 0x0000000765c00000, 0x0000000765c00000|100%|HS|  |TAMS 0x0000000765a00000, 0x0000000765c00000| Complete 
| 814|0x0000000765c00000, 0x0000000765e00000, 0x0000000765e00000|100%|HS|  |TAMS 0x0000000765c00000, 0x0000000765e00000| Complete 
| 815|0x0000000765e00000, 0x0000000766000000, 0x0000000766000000|100%| O|  |TAMS 0x0000000765e00000, 0x0000000766000000| Untracked 
| 816|0x0000000766000000, 0x0000000766200000, 0x0000000766200000|100%| O|  |TAMS 0x0000000766000000, 0x0000000766200000| Untracked 
| 817|0x0000000766200000, 0x0000000766400000, 0x0000000766400000|100%| O|  |TAMS 0x0000000766200000, 0x0000000766400000| Untracked 
| 818|0x0000000766400000, 0x0000000766600000, 0x0000000766600000|100%| O|  |TAMS 0x0000000766400000, 0x0000000766600000| Untracked 
| 819|0x0000000766600000, 0x0000000766800000, 0x0000000766800000|100%| O|  |TAMS 0x0000000766600000, 0x0000000766800000| Untracked 
| 820|0x0000000766800000, 0x0000000766a00000, 0x0000000766a00000|100%| O|  |TAMS 0x0000000766800000, 0x0000000766a00000| Untracked 
| 821|0x0000000766a00000, 0x0000000766c00000, 0x0000000766c00000|100%| O|  |TAMS 0x0000000766a00000, 0x0000000766c00000| Untracked 
| 822|0x0000000766c00000, 0x0000000766e00000, 0x0000000766e00000|100%| O|  |TAMS 0x0000000766c00000, 0x0000000766e00000| Untracked 
| 823|0x0000000766e00000, 0x0000000767000000, 0x0000000767000000|100%| O|  |TAMS 0x0000000766e00000, 0x0000000767000000| Untracked 
| 824|0x0000000767000000, 0x0000000767200000, 0x0000000767200000|100%| O|  |TAMS 0x0000000767000000, 0x0000000767200000| Untracked 
| 825|0x0000000767200000, 0x0000000767400000, 0x0000000767400000|100%| O|  |TAMS 0x0000000767200000, 0x0000000767400000| Untracked 
| 826|0x0000000767400000, 0x0000000767600000, 0x0000000767600000|100%| O|  |TAMS 0x0000000767400000, 0x0000000767600000| Untracked 
| 827|0x0000000767600000, 0x0000000767800000, 0x0000000767800000|100%| O|  |TAMS 0x0000000767600000, 0x0000000767800000| Untracked 
| 828|0x0000000767800000, 0x0000000767a00000, 0x0000000767a00000|100%| O|  |TAMS 0x0000000767800000, 0x0000000767a00000| Untracked 
| 829|0x0000000767a00000, 0x0000000767c00000, 0x0000000767c00000|100%| O|  |TAMS 0x0000000767a00000, 0x0000000767c00000| Untracked 
| 830|0x0000000767c00000, 0x0000000767e00000, 0x0000000767e00000|100%| O|  |TAMS 0x0000000767c00000, 0x0000000767e00000| Untracked 
| 831|0x0000000767e00000, 0x0000000768000000, 0x0000000768000000|100%| O|  |TAMS 0x0000000767e00000, 0x0000000768000000| Untracked 
| 832|0x0000000768000000, 0x0000000768200000, 0x0000000768200000|100%| O|  |TAMS 0x0000000768000000, 0x0000000768200000| Untracked 
| 833|0x0000000768200000, 0x0000000768400000, 0x0000000768400000|100%| O|  |TAMS 0x0000000768200000, 0x0000000768400000| Untracked 
| 834|0x0000000768400000, 0x0000000768600000, 0x0000000768600000|100%| O|  |TAMS 0x0000000768400000, 0x0000000768600000| Untracked 
| 835|0x0000000768600000, 0x0000000768800000, 0x0000000768800000|100%| O|  |TAMS 0x0000000768600000, 0x0000000768800000| Untracked 
| 836|0x0000000768800000, 0x0000000768a00000, 0x0000000768a00000|100%| O|  |TAMS 0x0000000768800000, 0x0000000768a00000| Untracked 
| 837|0x0000000768a00000, 0x0000000768c00000, 0x0000000768c00000|100%| O|  |TAMS 0x0000000768a00000, 0x0000000768c00000| Untracked 
| 838|0x0000000768c00000, 0x0000000768e00000, 0x0000000768e00000|100%| O|  |TAMS 0x0000000768c00000, 0x0000000768e00000| Untracked 
| 839|0x0000000768e00000, 0x0000000769000000, 0x0000000769000000|100%| O|  |TAMS 0x0000000768e00000, 0x0000000769000000| Untracked 
| 840|0x0000000769000000, 0x0000000769200000, 0x0000000769200000|100%| O|  |TAMS 0x0000000769000000, 0x0000000769200000| Untracked 
| 841|0x0000000769200000, 0x0000000769400000, 0x0000000769400000|100%| O|  |TAMS 0x0000000769200000, 0x0000000769400000| Untracked 
| 842|0x0000000769400000, 0x0000000769600000, 0x0000000769600000|100%|HS|  |TAMS 0x0000000769400000, 0x0000000769600000| Complete 
| 843|0x0000000769600000, 0x0000000769800000, 0x0000000769800000|100%| O|  |TAMS 0x0000000769600000, 0x0000000769800000| Untracked 
| 844|0x0000000769800000, 0x0000000769a00000, 0x0000000769a00000|100%| O|  |TAMS 0x0000000769800000, 0x0000000769a00000| Untracked 
| 845|0x0000000769a00000, 0x0000000769c00000, 0x0000000769c00000|100%| O|  |TAMS 0x0000000769a00000, 0x0000000769c00000| Untracked 
| 846|0x0000000769c00000, 0x0000000769e00000, 0x0000000769e00000|100%| O|  |TAMS 0x0000000769c00000, 0x0000000769e00000| Untracked 
| 847|0x0000000769e00000, 0x000000076a000000, 0x000000076a000000|100%| O|  |TAMS 0x0000000769e00000, 0x000000076a000000| Untracked 
| 848|0x000000076a000000, 0x000000076a200000, 0x000000076a200000|100%| O|  |TAMS 0x000000076a000000, 0x000000076a200000| Untracked 
| 849|0x000000076a200000, 0x000000076a400000, 0x000000076a400000|100%| O|  |TAMS 0x000000076a200000, 0x000000076a400000| Untracked 
| 850|0x000000076a400000, 0x000000076a600000, 0x000000076a600000|100%| O|  |TAMS 0x000000076a400000, 0x000000076a600000| Untracked 
| 851|0x000000076a600000, 0x000000076a800000, 0x000000076a800000|100%| O|  |TAMS 0x000000076a600000, 0x000000076a800000| Untracked 
| 852|0x000000076a800000, 0x000000076aa00000, 0x000000076aa00000|100%| O|  |TAMS 0x000000076a800000, 0x000000076aa00000| Untracked 
| 853|0x000000076aa00000, 0x000000076ac00000, 0x000000076ac00000|100%| O|  |TAMS 0x000000076aa00000, 0x000000076ac00000| Untracked 
| 854|0x000000076ac00000, 0x000000076ae00000, 0x000000076ae00000|100%| O|  |TAMS 0x000000076ac00000, 0x000000076ae00000| Untracked 
| 855|0x000000076ae00000, 0x000000076b000000, 0x000000076b000000|100%| O|  |TAMS 0x000000076ae00000, 0x000000076b000000| Untracked 
| 856|0x000000076b000000, 0x000000076b200000, 0x000000076b200000|100%| O|  |TAMS 0x000000076b000000, 0x000000076b200000| Untracked 
| 857|0x000000076b200000, 0x000000076b400000, 0x000000076b400000|100%| O|  |TAMS 0x000000076b200000, 0x000000076b400000| Untracked 
| 858|0x000000076b400000, 0x000000076b600000, 0x000000076b600000|100%| O|  |TAMS 0x000000076b400000, 0x000000076b600000| Untracked 
| 859|0x000000076b600000, 0x000000076b800000, 0x000000076b800000|100%| O|  |TAMS 0x000000076b600000, 0x000000076b800000| Untracked 
| 860|0x000000076b800000, 0x000000076ba00000, 0x000000076ba00000|100%|HS|  |TAMS 0x000000076b800000, 0x000000076ba00000| Complete 
| 861|0x000000076ba00000, 0x000000076bc00000, 0x000000076bc00000|100%|HS|  |TAMS 0x000000076ba00000, 0x000000076bc00000| Complete 
| 862|0x000000076bc00000, 0x000000076be00000, 0x000000076be00000|100%|HS|  |TAMS 0x000000076bc00000, 0x000000076be00000| Complete 
| 863|0x000000076be00000, 0x000000076c000000, 0x000000076c000000|100%|HS|  |TAMS 0x000000076be00000, 0x000000076c000000| Complete 
| 864|0x000000076c000000, 0x000000076c200000, 0x000000076c200000|100%|HS|  |TAMS 0x000000076c000000, 0x000000076c200000| Complete 
| 865|0x000000076c200000, 0x000000076c400000, 0x000000076c400000|100%| O|  |TAMS 0x000000076c200000, 0x000000076c400000| Untracked 
| 866|0x000000076c400000, 0x000000076c600000, 0x000000076c600000|100%| O|  |TAMS 0x000000076c400000, 0x000000076c600000| Untracked 
| 867|0x000000076c600000, 0x000000076c800000, 0x000000076c800000|100%| O|  |TAMS 0x000000076c600000, 0x000000076c800000| Untracked 
| 868|0x000000076c800000, 0x000000076ca00000, 0x000000076ca00000|100%| O|  |TAMS 0x000000076c800000, 0x000000076ca00000| Untracked 
| 869|0x000000076ca00000, 0x000000076cc00000, 0x000000076cc00000|100%| O|  |TAMS 0x000000076ca00000, 0x000000076cc00000| Untracked 
| 870|0x000000076cc00000, 0x000000076ce00000, 0x000000076ce00000|100%| O|  |TAMS 0x000000076cc00000, 0x000000076ce00000| Untracked 
| 871|0x000000076ce00000, 0x000000076d000000, 0x000000076d000000|100%| O|  |TAMS 0x000000076ce00000, 0x000000076d000000| Untracked 
| 872|0x000000076d000000, 0x000000076d200000, 0x000000076d200000|100%| O|  |TAMS 0x000000076d000000, 0x000000076d200000| Untracked 
| 873|0x000000076d200000, 0x000000076d400000, 0x000000076d400000|100%| O|  |TAMS 0x000000076d200000, 0x000000076d400000| Untracked 
| 874|0x000000076d400000, 0x000000076d600000, 0x000000076d600000|100%| O|  |TAMS 0x000000076d400000, 0x000000076d600000| Untracked 
| 875|0x000000076d600000, 0x000000076d800000, 0x000000076d800000|100%| O|  |TAMS 0x000000076d600000, 0x000000076d800000| Untracked 
| 876|0x000000076d800000, 0x000000076da00000, 0x000000076da00000|100%| O|  |TAMS 0x000000076d800000, 0x000000076da00000| Untracked 
| 877|0x000000076da00000, 0x000000076dc00000, 0x000000076dc00000|100%| O|  |TAMS 0x000000076da00000, 0x000000076dc00000| Untracked 
| 878|0x000000076dc00000, 0x000000076de00000, 0x000000076de00000|100%| O|  |TAMS 0x000000076dc00000, 0x000000076de00000| Untracked 
| 879|0x000000076de00000, 0x000000076e000000, 0x000000076e000000|100%| O|  |TAMS 0x000000076de00000, 0x000000076e000000| Untracked 
| 880|0x000000076e000000, 0x000000076e200000, 0x000000076e200000|100%| O|  |TAMS 0x000000076e000000, 0x000000076e200000| Untracked 
| 881|0x000000076e200000, 0x000000076e400000, 0x000000076e400000|100%| O|  |TAMS 0x000000076e200000, 0x000000076e400000| Untracked 
| 882|0x000000076e400000, 0x000000076e600000, 0x000000076e600000|100%| O|  |TAMS 0x000000076e400000, 0x000000076e600000| Untracked 
| 883|0x000000076e600000, 0x000000076e800000, 0x000000076e800000|100%| O|  |TAMS 0x000000076e600000, 0x000000076e800000| Untracked 
| 884|0x000000076e800000, 0x000000076ea00000, 0x000000076ea00000|100%| O|  |TAMS 0x000000076e800000, 0x000000076ea00000| Untracked 
| 885|0x000000076ea00000, 0x000000076ec00000, 0x000000076ec00000|100%| O|  |TAMS 0x000000076ea00000, 0x000000076ec00000| Untracked 
| 886|0x000000076ec00000, 0x000000076ee00000, 0x000000076ee00000|100%| O|  |TAMS 0x000000076ec00000, 0x000000076ee00000| Untracked 
| 887|0x000000076ee00000, 0x000000076f000000, 0x000000076f000000|100%| O|  |TAMS 0x000000076ee00000, 0x000000076f000000| Untracked 
| 888|0x000000076f000000, 0x000000076f200000, 0x000000076f200000|100%| O|  |TAMS 0x000000076f000000, 0x000000076f200000| Untracked 
| 889|0x000000076f200000, 0x000000076f400000, 0x000000076f400000|100%| O|  |TAMS 0x000000076f200000, 0x000000076f400000| Untracked 
| 890|0x000000076f400000, 0x000000076f600000, 0x000000076f600000|100%| O|  |TAMS 0x000000076f400000, 0x000000076f600000| Untracked 
| 891|0x000000076f600000, 0x000000076f800000, 0x000000076f800000|100%| O|  |TAMS 0x000000076f600000, 0x000000076f800000| Untracked 
| 892|0x000000076f800000, 0x000000076fa00000, 0x000000076fa00000|100%| O|  |TAMS 0x000000076f800000, 0x000000076fa00000| Untracked 
| 893|0x000000076fa00000, 0x000000076fc00000, 0x000000076fc00000|100%| O|  |TAMS 0x000000076fa00000, 0x000000076fc00000| Untracked 
| 894|0x000000076fc00000, 0x000000076fe00000, 0x000000076fe00000|100%| O|  |TAMS 0x000000076fc00000, 0x000000076fe00000| Untracked 
| 895|0x000000076fe00000, 0x0000000770000000, 0x0000000770000000|100%| O|  |TAMS 0x000000076fe00000, 0x0000000770000000| Untracked 
| 896|0x0000000770000000, 0x0000000770200000, 0x0000000770200000|100%| O|  |TAMS 0x0000000770000000, 0x0000000770200000| Untracked 
| 897|0x0000000770200000, 0x0000000770400000, 0x0000000770400000|100%| O|  |TAMS 0x0000000770200000, 0x0000000770400000| Untracked 
| 898|0x0000000770400000, 0x0000000770600000, 0x0000000770600000|100%| O|  |TAMS 0x0000000770400000, 0x0000000770600000| Untracked 
| 899|0x0000000770600000, 0x0000000770800000, 0x0000000770800000|100%| O|  |TAMS 0x0000000770600000, 0x0000000770800000| Untracked 
| 900|0x0000000770800000, 0x0000000770a00000, 0x0000000770a00000|100%| O|  |TAMS 0x0000000770800000, 0x0000000770a00000| Untracked 
| 901|0x0000000770a00000, 0x0000000770c00000, 0x0000000770c00000|100%|HS|  |TAMS 0x0000000770a00000, 0x0000000770c00000| Complete 
| 902|0x0000000770c00000, 0x0000000770e00000, 0x0000000770e00000|100%|HS|  |TAMS 0x0000000770c00000, 0x0000000770e00000| Complete 
| 903|0x0000000770e00000, 0x0000000771000000, 0x0000000771000000|100%|HS|  |TAMS 0x0000000770e00000, 0x0000000771000000| Complete 
| 904|0x0000000771000000, 0x0000000771200000, 0x0000000771200000|100%| O|  |TAMS 0x0000000771000000, 0x0000000771200000| Untracked 
| 905|0x0000000771200000, 0x0000000771400000, 0x0000000771400000|100%| O|  |TAMS 0x0000000771200000, 0x0000000771400000| Untracked 
| 906|0x0000000771400000, 0x0000000771600000, 0x0000000771600000|100%| O|  |TAMS 0x0000000771400000, 0x0000000771600000| Untracked 
| 907|0x0000000771600000, 0x0000000771800000, 0x0000000771800000|100%| O|  |TAMS 0x0000000771600000, 0x0000000771800000| Untracked 
| 908|0x0000000771800000, 0x0000000771a00000, 0x0000000771a00000|100%| O|  |TAMS 0x0000000771800000, 0x0000000771a00000| Untracked 
| 909|0x0000000771a00000, 0x0000000771c00000, 0x0000000771c00000|100%| O|  |TAMS 0x0000000771a00000, 0x0000000771c00000| Untracked 
| 910|0x0000000771c00000, 0x0000000771e00000, 0x0000000771e00000|100%| O|  |TAMS 0x0000000771c00000, 0x0000000771e00000| Untracked 
| 911|0x0000000771e00000, 0x0000000772000000, 0x0000000772000000|100%| O|  |TAMS 0x0000000771e00000, 0x0000000772000000| Untracked 
| 912|0x0000000772000000, 0x0000000772200000, 0x0000000772200000|100%| O|  |TAMS 0x0000000772000000, 0x0000000772200000| Untracked 
| 913|0x0000000772200000, 0x0000000772400000, 0x0000000772400000|100%| O|  |TAMS 0x0000000772200000, 0x0000000772400000| Untracked 
| 914|0x0000000772400000, 0x0000000772600000, 0x0000000772600000|100%| O|  |TAMS 0x0000000772400000, 0x0000000772600000| Untracked 
| 915|0x0000000772600000, 0x0000000772800000, 0x0000000772800000|100%| O|  |TAMS 0x0000000772600000, 0x0000000772800000| Untracked 
| 916|0x0000000772800000, 0x0000000772a00000, 0x0000000772a00000|100%| O|  |TAMS 0x0000000772800000, 0x0000000772a00000| Untracked 
| 917|0x0000000772a00000, 0x0000000772c00000, 0x0000000772c00000|100%| O|  |TAMS 0x0000000772a00000, 0x0000000772c00000| Untracked 
| 918|0x0000000772c00000, 0x0000000772e00000, 0x0000000772e00000|100%| O|  |TAMS 0x0000000772c00000, 0x0000000772e00000| Untracked 
| 919|0x0000000772e00000, 0x0000000773000000, 0x0000000773000000|100%| O|  |TAMS 0x0000000772e00000, 0x0000000773000000| Untracked 
| 920|0x0000000773000000, 0x0000000773200000, 0x0000000773200000|100%| O|  |TAMS 0x0000000773000000, 0x0000000773200000| Untracked 
| 921|0x0000000773200000, 0x0000000773400000, 0x0000000773400000|100%| O|  |TAMS 0x0000000773200000, 0x0000000773400000| Untracked 
| 922|0x0000000773400000, 0x0000000773600000, 0x0000000773600000|100%| O|  |TAMS 0x0000000773400000, 0x0000000773600000| Untracked 
| 923|0x0000000773600000, 0x0000000773800000, 0x0000000773800000|100%| O|  |TAMS 0x0000000773600000, 0x0000000773800000| Untracked 
| 924|0x0000000773800000, 0x0000000773a00000, 0x0000000773a00000|100%| O|  |TAMS 0x0000000773800000, 0x0000000773a00000| Untracked 
| 925|0x0000000773a00000, 0x0000000773c00000, 0x0000000773c00000|100%| O|  |TAMS 0x0000000773a00000, 0x0000000773c00000| Untracked 
| 926|0x0000000773c00000, 0x0000000773e00000, 0x0000000773e00000|100%| O|  |TAMS 0x0000000773c00000, 0x0000000773e00000| Untracked 
| 927|0x0000000773e00000, 0x0000000774000000, 0x0000000774000000|100%| O|  |TAMS 0x0000000773e00000, 0x0000000774000000| Untracked 
| 928|0x0000000774000000, 0x0000000774200000, 0x0000000774200000|100%| O|  |TAMS 0x0000000774000000, 0x0000000774200000| Untracked 
| 929|0x0000000774200000, 0x0000000774400000, 0x0000000774400000|100%| O|  |TAMS 0x0000000774200000, 0x0000000774400000| Untracked 
| 930|0x0000000774400000, 0x0000000774600000, 0x0000000774600000|100%| O|  |TAMS 0x0000000774400000, 0x0000000774600000| Untracked 
| 931|0x0000000774600000, 0x0000000774800000, 0x0000000774800000|100%| O|  |TAMS 0x0000000774600000, 0x0000000774800000| Untracked 
| 932|0x0000000774800000, 0x0000000774a00000, 0x0000000774a00000|100%| O|  |TAMS 0x0000000774800000, 0x0000000774a00000| Untracked 
| 933|0x0000000774a00000, 0x0000000774c00000, 0x0000000774c00000|100%| O|  |TAMS 0x0000000774a00000, 0x0000000774c00000| Untracked 
| 934|0x0000000774c00000, 0x0000000774e00000, 0x0000000774e00000|100%| O|  |TAMS 0x0000000774c00000, 0x0000000774e00000| Untracked 
| 935|0x0000000774e00000, 0x0000000775000000, 0x0000000775000000|100%| O|  |TAMS 0x0000000774e00000, 0x0000000775000000| Untracked 
| 936|0x0000000775000000, 0x0000000775200000, 0x0000000775200000|100%| O|  |TAMS 0x0000000775000000, 0x0000000775200000| Untracked 
| 937|0x0000000775200000, 0x0000000775400000, 0x0000000775400000|100%| O|  |TAMS 0x0000000775200000, 0x0000000775400000| Untracked 
| 938|0x0000000775400000, 0x0000000775600000, 0x0000000775600000|100%| O|  |TAMS 0x0000000775400000, 0x0000000775600000| Untracked 
| 939|0x0000000775600000, 0x0000000775800000, 0x0000000775800000|100%| O|  |TAMS 0x0000000775600000, 0x0000000775800000| Untracked 
| 940|0x0000000775800000, 0x0000000775a00000, 0x0000000775a00000|100%| O|  |TAMS 0x0000000775800000, 0x0000000775a00000| Untracked 
| 941|0x0000000775a00000, 0x0000000775c00000, 0x0000000775c00000|100%| O|  |TAMS 0x0000000775a00000, 0x0000000775c00000| Untracked 
| 942|0x0000000775c00000, 0x0000000775e00000, 0x0000000775e00000|100%| O|  |TAMS 0x0000000775c00000, 0x0000000775e00000| Untracked 
| 943|0x0000000775e00000, 0x0000000776000000, 0x0000000776000000|100%| O|  |TAMS 0x0000000775e00000, 0x0000000776000000| Untracked 
| 944|0x0000000776000000, 0x0000000776200000, 0x0000000776200000|100%| O|  |TAMS 0x0000000776000000, 0x0000000776200000| Untracked 
| 945|0x0000000776200000, 0x0000000776400000, 0x0000000776400000|100%| O|  |TAMS 0x0000000776200000, 0x0000000776400000| Untracked 
| 946|0x0000000776400000, 0x0000000776600000, 0x0000000776600000|100%| O|  |TAMS 0x0000000776400000, 0x0000000776600000| Untracked 
| 947|0x0000000776600000, 0x0000000776800000, 0x0000000776800000|100%| O|  |TAMS 0x0000000776600000, 0x0000000776800000| Untracked 
| 948|0x0000000776800000, 0x0000000776a00000, 0x0000000776a00000|100%| O|  |TAMS 0x0000000776800000, 0x0000000776a00000| Untracked 
| 949|0x0000000776a00000, 0x0000000776c00000, 0x0000000776c00000|100%| O|  |TAMS 0x0000000776a00000, 0x0000000776c00000| Untracked 
| 950|0x0000000776c00000, 0x0000000776e00000, 0x0000000776e00000|100%| O|  |TAMS 0x0000000776c00000, 0x0000000776e00000| Untracked 
| 951|0x0000000776e00000, 0x0000000777000000, 0x0000000777000000|100%| O|  |TAMS 0x0000000776e00000, 0x0000000777000000| Untracked 
| 952|0x0000000777000000, 0x0000000777200000, 0x0000000777200000|100%| O|  |TAMS 0x0000000777000000, 0x0000000777200000| Untracked 
| 953|0x0000000777200000, 0x0000000777400000, 0x0000000777400000|100%| O|  |TAMS 0x0000000777200000, 0x0000000777400000| Untracked 
| 954|0x0000000777400000, 0x0000000777600000, 0x0000000777600000|100%| O|  |TAMS 0x0000000777400000, 0x0000000777600000| Untracked 
| 955|0x0000000777600000, 0x0000000777800000, 0x0000000777800000|100%| O|  |TAMS 0x0000000777600000, 0x0000000777800000| Untracked 
| 956|0x0000000777800000, 0x0000000777a00000, 0x0000000777a00000|100%| O|  |TAMS 0x0000000777800000, 0x0000000777a00000| Untracked 
| 957|0x0000000777a00000, 0x0000000777c00000, 0x0000000777c00000|100%| O|  |TAMS 0x0000000777a00000, 0x0000000777c00000| Untracked 
| 958|0x0000000777c00000, 0x0000000777e00000, 0x0000000777e00000|100%| O|  |TAMS 0x0000000777c00000, 0x0000000777e00000| Untracked 
| 959|0x0000000777e00000, 0x0000000778000000, 0x0000000778000000|100%| O|  |TAMS 0x0000000777e00000, 0x0000000778000000| Untracked 
| 960|0x0000000778000000, 0x0000000778200000, 0x0000000778200000|100%| O|  |TAMS 0x0000000778000000, 0x0000000778200000| Untracked 
| 961|0x0000000778200000, 0x0000000778400000, 0x0000000778400000|100%| O|  |TAMS 0x0000000778200000, 0x0000000778400000| Untracked 
| 962|0x0000000778400000, 0x0000000778600000, 0x0000000778600000|100%| O|  |TAMS 0x0000000778400000, 0x0000000778600000| Untracked 
| 963|0x0000000778600000, 0x0000000778800000, 0x0000000778800000|100%| O|  |TAMS 0x0000000778600000, 0x0000000778800000| Untracked 
| 964|0x0000000778800000, 0x0000000778a00000, 0x0000000778a00000|100%| O|  |TAMS 0x0000000778800000, 0x0000000778a00000| Untracked 
| 965|0x0000000778a00000, 0x0000000778c00000, 0x0000000778c00000|100%| O|  |TAMS 0x0000000778a00000, 0x0000000778c00000| Untracked 
| 966|0x0000000778c00000, 0x0000000778e00000, 0x0000000778e00000|100%| O|  |TAMS 0x0000000778c00000, 0x0000000778e00000| Untracked 
| 967|0x0000000778e00000, 0x0000000779000000, 0x0000000779000000|100%| O|  |TAMS 0x0000000778e00000, 0x0000000779000000| Untracked 
| 968|0x0000000779000000, 0x0000000779200000, 0x0000000779200000|100%| O|  |TAMS 0x0000000779000000, 0x0000000779200000| Untracked 
| 969|0x0000000779200000, 0x0000000779400000, 0x0000000779400000|100%| O|  |TAMS 0x0000000779200000, 0x0000000779400000| Untracked 
| 970|0x0000000779400000, 0x0000000779600000, 0x0000000779600000|100%| O|  |TAMS 0x0000000779400000, 0x0000000779600000| Untracked 
| 971|0x0000000779600000, 0x0000000779800000, 0x0000000779800000|100%| O|  |TAMS 0x0000000779600000, 0x0000000779800000| Untracked 
| 972|0x0000000779800000, 0x0000000779a00000, 0x0000000779a00000|100%| O|  |TAMS 0x0000000779800000, 0x0000000779a00000| Untracked 
| 973|0x0000000779a00000, 0x0000000779c00000, 0x0000000779c00000|100%| O|  |TAMS 0x0000000779a00000, 0x0000000779c00000| Untracked 
| 974|0x0000000779c00000, 0x0000000779e00000, 0x0000000779e00000|100%| O|  |TAMS 0x0000000779c00000, 0x0000000779e00000| Untracked 
| 975|0x0000000779e00000, 0x000000077a000000, 0x000000077a000000|100%| O|  |TAMS 0x0000000779e00000, 0x000000077a000000| Untracked 
| 976|0x000000077a000000, 0x000000077a200000, 0x000000077a200000|100%| O|  |TAMS 0x000000077a000000, 0x000000077a200000| Untracked 
| 977|0x000000077a200000, 0x000000077a400000, 0x000000077a400000|100%|HS|  |TAMS 0x000000077a200000, 0x000000077a400000| Complete 
| 978|0x000000077a400000, 0x000000077a600000, 0x000000077a600000|100%|HS|  |TAMS 0x000000077a400000, 0x000000077a600000| Complete 
| 979|0x000000077a600000, 0x000000077a800000, 0x000000077a800000|100%|HS|  |TAMS 0x000000077a600000, 0x000000077a800000| Complete 
| 980|0x000000077a800000, 0x000000077aa00000, 0x000000077aa00000|100%|HC|  |TAMS 0x000000077a800000, 0x000000077aa00000| Complete 
| 981|0x000000077aa00000, 0x000000077ac00000, 0x000000077ac00000|100%|HC|  |TAMS 0x000000077aa00000, 0x000000077ac00000| Complete 
| 982|0x000000077ac00000, 0x000000077ae00000, 0x000000077ae00000|100%|HC|  |TAMS 0x000000077ac00000, 0x000000077ae00000| Complete 
| 983|0x000000077ae00000, 0x000000077b000000, 0x000000077b000000|100%|HC|  |TAMS 0x000000077ae00000, 0x000000077b000000| Complete 
| 984|0x000000077b000000, 0x000000077b200000, 0x000000077b200000|100%|HS|  |TAMS 0x000000077b000000, 0x000000077b200000| Complete 
| 985|0x000000077b200000, 0x000000077b400000, 0x000000077b400000|100%|HC|  |TAMS 0x000000077b200000, 0x000000077b400000| Complete 
| 986|0x000000077b400000, 0x000000077b600000, 0x000000077b600000|100%|HC|  |TAMS 0x000000077b400000, 0x000000077b600000| Complete 
| 987|0x000000077b600000, 0x000000077b800000, 0x000000077b800000|100%|HC|  |TAMS 0x000000077b600000, 0x000000077b800000| Complete 
| 988|0x000000077b800000, 0x000000077ba00000, 0x000000077ba00000|100%|HC|  |TAMS 0x000000077b800000, 0x000000077ba00000| Complete 
| 989|0x000000077ba00000, 0x000000077bc00000, 0x000000077bc00000|100%|HC|  |TAMS 0x000000077ba00000, 0x000000077bc00000| Complete 
| 990|0x000000077bc00000, 0x000000077be00000, 0x000000077be00000|100%| O|  |TAMS 0x000000077bc00000, 0x000000077be00000| Untracked 
| 991|0x000000077be00000, 0x000000077c000000, 0x000000077c000000|100%| O|  |TAMS 0x000000077be00000, 0x000000077c000000| Untracked 
| 992|0x000000077c000000, 0x000000077c200000, 0x000000077c200000|100%| O|  |TAMS 0x000000077c000000, 0x000000077c200000| Untracked 
| 993|0x000000077c200000, 0x000000077c400000, 0x000000077c400000|100%| O|  |TAMS 0x000000077c200000, 0x000000077c400000| Untracked 
| 994|0x000000077c400000, 0x000000077c600000, 0x000000077c600000|100%| O|  |TAMS 0x000000077c400000, 0x000000077c600000| Untracked 
| 995|0x000000077c600000, 0x000000077c800000, 0x000000077c800000|100%| O|  |TAMS 0x000000077c600000, 0x000000077c800000| Untracked 
| 996|0x000000077c800000, 0x000000077ca00000, 0x000000077ca00000|100%| O|  |TAMS 0x000000077c800000, 0x000000077ca00000| Untracked 
| 997|0x000000077ca00000, 0x000000077cc00000, 0x000000077cc00000|100%| O|  |TAMS 0x000000077ca00000, 0x000000077cc00000| Untracked 
| 998|0x000000077cc00000, 0x000000077ce00000, 0x000000077ce00000|100%| O|  |TAMS 0x000000077cc00000, 0x000000077ce00000| Untracked 
| 999|0x000000077ce00000, 0x000000077d000000, 0x000000077d000000|100%| O|  |TAMS 0x000000077ce00000, 0x000000077d000000| Untracked 
|1000|0x000000077d000000, 0x000000077d200000, 0x000000077d200000|100%|HS|  |TAMS 0x000000077d000000, 0x000000077d200000| Complete 
|1001|0x000000077d200000, 0x000000077d400000, 0x000000077d400000|100%|HS|  |TAMS 0x000000077d200000, 0x000000077d400000| Complete 
|1002|0x000000077d400000, 0x000000077d600000, 0x000000077d600000|100%|HS|  |TAMS 0x000000077d400000, 0x000000077d600000| Complete 
|1003|0x000000077d600000, 0x000000077d800000, 0x000000077d800000|100%|HC|  |TAMS 0x000000077d600000, 0x000000077d800000| Complete 
|1004|0x000000077d800000, 0x000000077da00000, 0x000000077da00000|100%| O|  |TAMS 0x000000077d800000, 0x000000077da00000| Untracked 
|1005|0x000000077da00000, 0x000000077dc00000, 0x000000077dc00000|100%| O|  |TAMS 0x000000077da00000, 0x000000077da00000| Untracked 
|1006|0x000000077dc00000, 0x000000077de00000, 0x000000077de00000|100%| O|  |TAMS 0x000000077dc00000, 0x000000077de00000| Untracked 
|1007|0x000000077de00000, 0x000000077e000000, 0x000000077e000000|100%| O|  |TAMS 0x000000077de00000, 0x000000077de00000| Untracked 
|1008|0x000000077e000000, 0x000000077e200000, 0x000000077e200000|100%| O|  |TAMS 0x000000077e000000, 0x000000077e200000| Untracked 
|1009|0x000000077e200000, 0x000000077e400000, 0x000000077e400000|100%| O|  |TAMS 0x000000077e200000, 0x000000077e200000| Untracked 
|1010|0x000000077e400000, 0x000000077e600000, 0x000000077e600000|100%| O|  |TAMS 0x000000077e400000, 0x000000077e600000| Untracked 
|1011|0x000000077e600000, 0x000000077e800000, 0x000000077e800000|100%| O|  |TAMS 0x000000077e600000, 0x000000077e600000| Untracked 
|1012|0x000000077e800000, 0x000000077ea00000, 0x000000077ea00000|100%| O|  |TAMS 0x000000077e800000, 0x000000077ea00000| Untracked 
|1013|0x000000077ea00000, 0x000000077ec00000, 0x000000077ec00000|100%| O|  |TAMS 0x000000077ea00000, 0x000000077ec00000| Untracked 
|1014|0x000000077ec00000, 0x000000077ee00000, 0x000000077ee00000|100%| O|  |TAMS 0x000000077ec00000, 0x000000077ee00000| Untracked 
|1015|0x000000077ee00000, 0x000000077f000000, 0x000000077f000000|100%| O|  |TAMS 0x000000077ee00000, 0x000000077ee00000| Untracked 
|1016|0x000000077f000000, 0x000000077f200000, 0x000000077f200000|100%| O|  |TAMS 0x000000077f000000, 0x000000077f000000| Untracked 
|1017|0x000000077f200000, 0x000000077f400000, 0x000000077f400000|100%| O|  |TAMS 0x000000077f200000, 0x000000077f400000| Untracked 
|1018|0x000000077f400000, 0x000000077f600000, 0x000000077f600000|100%| O|  |TAMS 0x000000077f400000, 0x000000077f600000| Untracked 
|1019|0x000000077f600000, 0x000000077f800000, 0x000000077f800000|100%| O|  |TAMS 0x000000077f600000, 0x000000077f800000| Untracked 
|1020|0x000000077f800000, 0x000000077fa00000, 0x000000077fa00000|100%| O|  |TAMS 0x000000077f800000, 0x000000077fa00000| Untracked 
|1021|0x000000077fa00000, 0x000000077fc00000, 0x000000077fc00000|100%| O|  |TAMS 0x000000077fa00000, 0x000000077fc00000| Untracked 
|1022|0x000000077fc00000, 0x000000077fe00000, 0x000000077fe00000|100%| O|  |TAMS 0x000000077fc00000, 0x000000077fe00000| Untracked 
|1023|0x000000077fe00000, 0x0000000780000000, 0x0000000780000000|100%| O|  |TAMS 0x000000077fe00000, 0x0000000780000000| Untracked 
|1024|0x0000000780000000, 0x0000000780200000, 0x0000000780200000|100%| O|  |TAMS 0x0000000780000000, 0x0000000780200000| Untracked 
|1025|0x0000000780200000, 0x0000000780400000, 0x0000000780400000|100%| O|  |TAMS 0x0000000780200000, 0x0000000780400000| Untracked 
|1026|0x0000000780400000, 0x0000000780600000, 0x0000000780600000|100%| O|  |TAMS 0x0000000780400000, 0x0000000780600000| Untracked 
|1027|0x0000000780600000, 0x0000000780800000, 0x0000000780800000|100%| O|  |TAMS 0x0000000780600000, 0x0000000780800000| Untracked 
|1028|0x0000000780800000, 0x0000000780a00000, 0x0000000780a00000|100%| O|  |TAMS 0x0000000780800000, 0x0000000780a00000| Untracked 
|1029|0x0000000780a00000, 0x0000000780c00000, 0x0000000780c00000|100%| O|  |TAMS 0x0000000780a00000, 0x0000000780c00000| Untracked 
|1030|0x0000000780c00000, 0x0000000780e00000, 0x0000000780e00000|100%| O|  |TAMS 0x0000000780c00000, 0x0000000780e00000| Untracked 
|1031|0x0000000780e00000, 0x0000000781000000, 0x0000000781000000|100%| O|  |TAMS 0x0000000780e00000, 0x0000000781000000| Untracked 
|1032|0x0000000781000000, 0x0000000781200000, 0x0000000781200000|100%| O|  |TAMS 0x0000000781000000, 0x0000000781200000| Untracked 
|1033|0x0000000781200000, 0x0000000781400000, 0x0000000781400000|100%| O|  |TAMS 0x0000000781200000, 0x0000000781400000| Untracked 
|1034|0x0000000781400000, 0x0000000781600000, 0x0000000781600000|100%| O|  |TAMS 0x0000000781400000, 0x0000000781600000| Untracked 
|1035|0x0000000781600000, 0x0000000781800000, 0x0000000781800000|100%| O|  |TAMS 0x0000000781600000, 0x0000000781800000| Untracked 
|1036|0x0000000781800000, 0x0000000781a00000, 0x0000000781a00000|100%| O|  |TAMS 0x0000000781800000, 0x0000000781a00000| Untracked 
|1037|0x0000000781a00000, 0x0000000781c00000, 0x0000000781c00000|100%| O|  |TAMS 0x0000000781a00000, 0x0000000781c00000| Untracked 
|1038|0x0000000781c00000, 0x0000000781e00000, 0x0000000781e00000|100%|HS|  |TAMS 0x0000000781c00000, 0x0000000781c00000| Complete 
|1039|0x0000000781e00000, 0x0000000782000000, 0x0000000782000000|100%|HS|  |TAMS 0x0000000781e00000, 0x0000000781e00000| Complete 
|1040|0x0000000782000000, 0x0000000782200000, 0x0000000782200000|100%|HS|  |TAMS 0x0000000782000000, 0x0000000782000000| Complete 
|1041|0x0000000782200000, 0x0000000782200000, 0x0000000782400000|  0%| F|  |TAMS 0x0000000782200000, 0x0000000782200000| Untracked 
|1042|0x0000000782400000, 0x0000000782400000, 0x0000000782600000|  0%| F|  |TAMS 0x0000000782400000, 0x0000000782400000| Untracked 
|1043|0x0000000782600000, 0x0000000782600000, 0x0000000782800000|  0%| F|  |TAMS 0x0000000782600000, 0x0000000782600000| Untracked 
|1044|0x0000000782800000, 0x0000000782800000, 0x0000000782a00000|  0%| F|  |TAMS 0x0000000782800000, 0x0000000782800000| Untracked 
|1045|0x0000000782a00000, 0x0000000782a00000, 0x0000000782c00000|  0%| F|  |TAMS 0x0000000782a00000, 0x0000000782a00000| Untracked 
|1046|0x0000000782c00000, 0x0000000782c00000, 0x0000000782e00000|  0%| F|  |TAMS 0x0000000782c00000, 0x0000000782c00000| Untracked 
|1047|0x0000000782e00000, 0x0000000782e00000, 0x0000000783000000|  0%| F|  |TAMS 0x0000000782e00000, 0x0000000782e00000| Untracked 
|1048|0x0000000783000000, 0x0000000783000000, 0x0000000783200000|  0%| F|  |TAMS 0x0000000783000000, 0x0000000783000000| Untracked 
|1049|0x0000000783200000, 0x0000000783200000, 0x0000000783400000|  0%| F|  |TAMS 0x0000000783200000, 0x0000000783200000| Untracked 
|1050|0x0000000783400000, 0x0000000783600000, 0x0000000783600000|100%| O|  |TAMS 0x0000000783400000, 0x0000000783600000| Untracked 
|1051|0x0000000783600000, 0x0000000783800000, 0x0000000783800000|100%| O|  |TAMS 0x0000000783600000, 0x0000000783800000| Untracked 
|1052|0x0000000783800000, 0x0000000783a00000, 0x0000000783a00000|100%| O|  |TAMS 0x0000000783800000, 0x0000000783a00000| Untracked 
|1053|0x0000000783a00000, 0x0000000783c00000, 0x0000000783c00000|100%| O|  |TAMS 0x0000000783a00000, 0x0000000783c00000| Untracked 
|1054|0x0000000783c00000, 0x0000000783e00000, 0x0000000783e00000|100%| O|  |TAMS 0x0000000783c00000, 0x0000000783e00000| Untracked 
|1055|0x0000000783e00000, 0x0000000784000000, 0x0000000784000000|100%| O|  |TAMS 0x0000000783e00000, 0x0000000784000000| Untracked 
|1056|0x0000000784000000, 0x0000000784200000, 0x0000000784200000|100%| O|  |TAMS 0x0000000784000000, 0x0000000784200000| Untracked 
|1057|0x0000000784200000, 0x0000000784400000, 0x0000000784400000|100%| O|  |TAMS 0x0000000784200000, 0x0000000784400000| Untracked 
|1058|0x0000000784400000, 0x0000000784600000, 0x0000000784600000|100%| O|  |TAMS 0x0000000784400000, 0x0000000784600000| Untracked 
|1059|0x0000000784600000, 0x0000000784800000, 0x0000000784800000|100%| O|  |TAMS 0x0000000784600000, 0x0000000784800000| Untracked 
|1060|0x0000000784800000, 0x0000000784a00000, 0x0000000784a00000|100%| O|  |TAMS 0x0000000784800000, 0x0000000784a00000| Untracked 
|1061|0x0000000784a00000, 0x0000000784c00000, 0x0000000784c00000|100%| O|  |TAMS 0x0000000784a00000, 0x0000000784c00000| Untracked 
|1062|0x0000000784c00000, 0x0000000784e00000, 0x0000000784e00000|100%| O|  |TAMS 0x0000000784c00000, 0x0000000784e00000| Untracked 
|1063|0x0000000784e00000, 0x0000000785000000, 0x0000000785000000|100%| O|  |TAMS 0x0000000784e00000, 0x0000000785000000| Untracked 
|1064|0x0000000785000000, 0x0000000785200000, 0x0000000785200000|100%| O|  |TAMS 0x0000000785000000, 0x0000000785200000| Untracked 
|1065|0x0000000785200000, 0x0000000785400000, 0x0000000785400000|100%| O|  |TAMS 0x0000000785200000, 0x0000000785400000| Untracked 
|1066|0x0000000785400000, 0x0000000785600000, 0x0000000785600000|100%| O|  |TAMS 0x0000000785400000, 0x0000000785600000| Untracked 
|1067|0x0000000785600000, 0x0000000785800000, 0x0000000785800000|100%| O|  |TAMS 0x0000000785600000, 0x0000000785800000| Untracked 
|1068|0x0000000785800000, 0x0000000785a00000, 0x0000000785a00000|100%| O|  |TAMS 0x0000000785800000, 0x0000000785a00000| Untracked 
|1069|0x0000000785a00000, 0x0000000785c00000, 0x0000000785c00000|100%| O|  |TAMS 0x0000000785a00000, 0x0000000785c00000| Untracked 
|1070|0x0000000785c00000, 0x0000000785e00000, 0x0000000785e00000|100%| O|  |TAMS 0x0000000785c00000, 0x0000000785e00000| Untracked 
|1071|0x0000000785e00000, 0x0000000786000000, 0x0000000786000000|100%| O|  |TAMS 0x0000000785e00000, 0x0000000785e9ec00| Untracked 
|1072|0x0000000786000000, 0x0000000786200000, 0x0000000786200000|100%| O|  |TAMS 0x0000000786000000, 0x0000000786000000| Untracked 
|1073|0x0000000786200000, 0x0000000786400000, 0x0000000786400000|100%| O|  |TAMS 0x0000000786200000, 0x0000000786200000| Untracked 
|1074|0x0000000786400000, 0x0000000786600000, 0x0000000786600000|100%| O|  |TAMS 0x0000000786400000, 0x0000000786400000| Untracked 
|1075|0x0000000786600000, 0x0000000786800000, 0x0000000786800000|100%| O|  |TAMS 0x0000000786600000, 0x0000000786600000| Untracked 
|1076|0x0000000786800000, 0x0000000786a00000, 0x0000000786a00000|100%| O|  |TAMS 0x0000000786800000, 0x0000000786800000| Untracked 
|1077|0x0000000786a00000, 0x0000000786c00000, 0x0000000786c00000|100%| O|  |TAMS 0x0000000786a00000, 0x0000000786a00000| Untracked 
|1078|0x0000000786c00000, 0x0000000786e00000, 0x0000000786e00000|100%| O|  |TAMS 0x0000000786c00000, 0x0000000786c00000| Untracked 
|1079|0x0000000786e00000, 0x0000000787000000, 0x0000000787000000|100%| O|  |TAMS 0x0000000786e00000, 0x0000000786e00000| Untracked 
|1080|0x0000000787000000, 0x0000000787200000, 0x0000000787200000|100%| O|  |TAMS 0x0000000787000000, 0x0000000787000000| Untracked 
|1081|0x0000000787200000, 0x0000000787400000, 0x0000000787400000|100%| O|  |TAMS 0x0000000787200000, 0x0000000787200000| Untracked 
|1082|0x0000000787400000, 0x0000000787600000, 0x0000000787600000|100%| O|  |TAMS 0x0000000787400000, 0x0000000787400000| Untracked 
|1083|0x0000000787600000, 0x0000000787800000, 0x0000000787800000|100%| O|  |TAMS 0x0000000787600000, 0x0000000787600000| Untracked 
|1084|0x0000000787800000, 0x0000000787a00000, 0x0000000787a00000|100%| O|  |TAMS 0x0000000787800000, 0x0000000787800000| Untracked 
|1085|0x0000000787a00000, 0x0000000787c00000, 0x0000000787c00000|100%| O|  |TAMS 0x0000000787a00000, 0x0000000787a00000| Untracked 
|1086|0x0000000787c00000, 0x0000000787e00000, 0x0000000787e00000|100%| O|  |TAMS 0x0000000787c00000, 0x0000000787c00000| Untracked 
|1087|0x0000000787e00000, 0x0000000788000000, 0x0000000788000000|100%| O|  |TAMS 0x0000000787e00000, 0x0000000787e00000| Untracked 
|1088|0x0000000788000000, 0x0000000788000000, 0x0000000788200000|  0%| F|  |TAMS 0x0000000788000000, 0x0000000788000000| Untracked 
|1089|0x0000000788200000, 0x0000000788200000, 0x0000000788400000|  0%| F|  |TAMS 0x0000000788200000, 0x0000000788200000| Untracked 
|1090|0x0000000788400000, 0x0000000788400000, 0x0000000788600000|  0%| F|  |TAMS 0x0000000788400000, 0x0000000788400000| Untracked 
|1091|0x0000000788600000, 0x0000000788600000, 0x0000000788800000|  0%| F|  |TAMS 0x0000000788600000, 0x0000000788600000| Untracked 
|1092|0x0000000788800000, 0x0000000788800000, 0x0000000788a00000|  0%| F|  |TAMS 0x0000000788800000, 0x0000000788800000| Untracked 
|1093|0x0000000788a00000, 0x0000000788a00000, 0x0000000788c00000|  0%| F|  |TAMS 0x0000000788a00000, 0x0000000788a00000| Untracked 
|1094|0x0000000788c00000, 0x0000000788c00000, 0x0000000788e00000|  0%| F|  |TAMS 0x0000000788c00000, 0x0000000788c00000| Untracked 
|1095|0x0000000788e00000, 0x0000000788e00000, 0x0000000789000000|  0%| F|  |TAMS 0x0000000788e00000, 0x0000000788e00000| Untracked 
|1096|0x0000000789000000, 0x0000000789000000, 0x0000000789200000|  0%| F|  |TAMS 0x0000000789000000, 0x0000000789000000| Untracked 
|1097|0x0000000789200000, 0x0000000789200000, 0x0000000789400000|  0%| F|  |TAMS 0x0000000789200000, 0x0000000789200000| Untracked 
|1098|0x0000000789400000, 0x0000000789400000, 0x0000000789600000|  0%| F|  |TAMS 0x0000000789400000, 0x0000000789400000| Untracked 
|1099|0x0000000789600000, 0x0000000789600000, 0x0000000789800000|  0%| F|  |TAMS 0x0000000789600000, 0x0000000789600000| Untracked 
|1100|0x0000000789800000, 0x0000000789800000, 0x0000000789a00000|  0%| F|  |TAMS 0x0000000789800000, 0x0000000789800000| Untracked 
|1101|0x0000000789a00000, 0x0000000789a00000, 0x0000000789c00000|  0%| F|  |TAMS 0x0000000789a00000, 0x0000000789a00000| Untracked 
|1102|0x0000000789c00000, 0x0000000789c00000, 0x0000000789e00000|  0%| F|  |TAMS 0x0000000789c00000, 0x0000000789c00000| Untracked 
|1103|0x0000000789e00000, 0x0000000789e00000, 0x000000078a000000|  0%| F|  |TAMS 0x0000000789e00000, 0x0000000789e00000| Untracked 
|1104|0x000000078a000000, 0x000000078a000000, 0x000000078a200000|  0%| F|  |TAMS 0x000000078a000000, 0x000000078a000000| Untracked 
|1105|0x000000078a200000, 0x000000078a200000, 0x000000078a400000|  0%| F|  |TAMS 0x000000078a200000, 0x000000078a200000| Untracked 
|1106|0x000000078a400000, 0x000000078a400000, 0x000000078a600000|  0%| F|  |TAMS 0x000000078a400000, 0x000000078a400000| Untracked 
|1107|0x000000078a600000, 0x000000078a600000, 0x000000078a800000|  0%| F|  |TAMS 0x000000078a600000, 0x000000078a600000| Untracked 
|1108|0x000000078a800000, 0x000000078a800000, 0x000000078aa00000|  0%| F|  |TAMS 0x000000078a800000, 0x000000078a800000| Untracked 
|1109|0x000000078aa00000, 0x000000078aa00000, 0x000000078ac00000|  0%| F|  |TAMS 0x000000078aa00000, 0x000000078aa00000| Untracked 
|1110|0x000000078ac00000, 0x000000078ac00000, 0x000000078ae00000|  0%| F|  |TAMS 0x000000078ac00000, 0x000000078ac00000| Untracked 
|1111|0x000000078ae00000, 0x000000078ae00000, 0x000000078b000000|  0%| F|  |TAMS 0x000000078ae00000, 0x000000078ae00000| Untracked 
|1112|0x000000078b000000, 0x000000078b000000, 0x000000078b200000|  0%| F|  |TAMS 0x000000078b000000, 0x000000078b000000| Untracked 
|1113|0x000000078b200000, 0x000000078b200000, 0x000000078b400000|  0%| F|  |TAMS 0x000000078b200000, 0x000000078b200000| Untracked 
|1114|0x000000078b400000, 0x000000078b400000, 0x000000078b600000|  0%| F|  |TAMS 0x000000078b400000, 0x000000078b400000| Untracked 
|1115|0x000000078b600000, 0x000000078b600000, 0x000000078b800000|  0%| F|  |TAMS 0x000000078b600000, 0x000000078b600000| Untracked 
|1116|0x000000078b800000, 0x000000078b800000, 0x000000078ba00000|  0%| F|  |TAMS 0x000000078b800000, 0x000000078b800000| Untracked 
|1117|0x000000078ba00000, 0x000000078ba00000, 0x000000078bc00000|  0%| F|  |TAMS 0x000000078ba00000, 0x000000078ba00000| Untracked 
|1118|0x000000078bc00000, 0x000000078bc00000, 0x000000078be00000|  0%| F|  |TAMS 0x000000078bc00000, 0x000000078bc00000| Untracked 
|1119|0x000000078be00000, 0x000000078be00000, 0x000000078c000000|  0%| F|  |TAMS 0x000000078be00000, 0x000000078be00000| Untracked 
|1120|0x000000078c000000, 0x000000078c000000, 0x000000078c200000|  0%| F|  |TAMS 0x000000078c000000, 0x000000078c000000| Untracked 
|1121|0x000000078c200000, 0x000000078c200000, 0x000000078c400000|  0%| F|  |TAMS 0x000000078c200000, 0x000000078c200000| Untracked 
|1122|0x000000078c400000, 0x000000078c400000, 0x000000078c600000|  0%| F|  |TAMS 0x000000078c400000, 0x000000078c400000| Untracked 
|1123|0x000000078c600000, 0x000000078c600000, 0x000000078c800000|  0%| F|  |TAMS 0x000000078c600000, 0x000000078c600000| Untracked 
|1124|0x000000078c800000, 0x000000078c800000, 0x000000078ca00000|  0%| F|  |TAMS 0x000000078c800000, 0x000000078c800000| Untracked 
|1125|0x000000078ca00000, 0x000000078ca00000, 0x000000078cc00000|  0%| F|  |TAMS 0x000000078ca00000, 0x000000078ca00000| Untracked 
|1126|0x000000078cc00000, 0x000000078cc00000, 0x000000078ce00000|  0%| F|  |TAMS 0x000000078cc00000, 0x000000078cc00000| Untracked 
|1127|0x000000078ce00000, 0x000000078ce00000, 0x000000078d000000|  0%| F|  |TAMS 0x000000078ce00000, 0x000000078ce00000| Untracked 
|1128|0x000000078d000000, 0x000000078d000000, 0x000000078d200000|  0%| F|  |TAMS 0x000000078d000000, 0x000000078d000000| Untracked 
|1129|0x000000078d200000, 0x000000078d200000, 0x000000078d400000|  0%| F|  |TAMS 0x000000078d200000, 0x000000078d200000| Untracked 
|1130|0x000000078d400000, 0x000000078d400000, 0x000000078d600000|  0%| F|  |TAMS 0x000000078d400000, 0x000000078d400000| Untracked 
|1131|0x000000078d600000, 0x000000078d600000, 0x000000078d800000|  0%| F|  |TAMS 0x000000078d600000, 0x000000078d600000| Untracked 
|1132|0x000000078d800000, 0x000000078d800000, 0x000000078da00000|  0%| F|  |TAMS 0x000000078d800000, 0x000000078d800000| Untracked 
|1133|0x000000078da00000, 0x000000078da00000, 0x000000078dc00000|  0%| F|  |TAMS 0x000000078da00000, 0x000000078da00000| Untracked 
|1134|0x000000078dc00000, 0x000000078dc00000, 0x000000078de00000|  0%| F|  |TAMS 0x000000078dc00000, 0x000000078dc00000| Untracked 
|1135|0x000000078de00000, 0x000000078de00000, 0x000000078e000000|  0%| F|  |TAMS 0x000000078de00000, 0x000000078de00000| Untracked 
|1136|0x000000078e000000, 0x000000078e000000, 0x000000078e200000|  0%| F|  |TAMS 0x000000078e000000, 0x000000078e000000| Untracked 
|1137|0x000000078e200000, 0x000000078e200000, 0x000000078e400000|  0%| F|  |TAMS 0x000000078e200000, 0x000000078e200000| Untracked 
|1138|0x000000078e400000, 0x000000078e400000, 0x000000078e600000|  0%| F|  |TAMS 0x000000078e400000, 0x000000078e400000| Untracked 
|1139|0x000000078e600000, 0x000000078e600000, 0x000000078e800000|  0%| F|  |TAMS 0x000000078e600000, 0x000000078e600000| Untracked 
|1140|0x000000078e800000, 0x000000078e800000, 0x000000078ea00000|  0%| F|  |TAMS 0x000000078e800000, 0x000000078e800000| Untracked 
|1141|0x000000078ea00000, 0x000000078ea00000, 0x000000078ec00000|  0%| F|  |TAMS 0x000000078ea00000, 0x000000078ea00000| Untracked 
|1142|0x000000078ec00000, 0x000000078ec00000, 0x000000078ee00000|  0%| F|  |TAMS 0x000000078ec00000, 0x000000078ec00000| Untracked 
|1143|0x000000078ee00000, 0x000000078ee00000, 0x000000078f000000|  0%| F|  |TAMS 0x000000078ee00000, 0x000000078ee00000| Untracked 
|1144|0x000000078f000000, 0x000000078f000000, 0x000000078f200000|  0%| F|  |TAMS 0x000000078f000000, 0x000000078f000000| Untracked 
|1145|0x000000078f200000, 0x000000078f200000, 0x000000078f400000|  0%| F|  |TAMS 0x000000078f200000, 0x000000078f200000| Untracked 
|1146|0x000000078f400000, 0x000000078f400000, 0x000000078f600000|  0%| F|  |TAMS 0x000000078f400000, 0x000000078f400000| Untracked 
|1147|0x000000078f600000, 0x000000078f600000, 0x000000078f800000|  0%| F|  |TAMS 0x000000078f600000, 0x000000078f600000| Untracked 
|1148|0x000000078f800000, 0x000000078f800000, 0x000000078fa00000|  0%| F|  |TAMS 0x000000078f800000, 0x000000078f800000| Untracked 
|1149|0x000000078fa00000, 0x000000078fa00000, 0x000000078fc00000|  0%| F|  |TAMS 0x000000078fa00000, 0x000000078fa00000| Untracked 
|1150|0x000000078fc00000, 0x000000078fc00000, 0x000000078fe00000|  0%| F|  |TAMS 0x000000078fc00000, 0x000000078fc00000| Untracked 
|1151|0x000000078fe00000, 0x000000078fe00000, 0x0000000790000000|  0%| F|  |TAMS 0x000000078fe00000, 0x000000078fe00000| Untracked 
|1152|0x0000000790000000, 0x0000000790000000, 0x0000000790200000|  0%| F|  |TAMS 0x0000000790000000, 0x0000000790000000| Untracked 
|1153|0x0000000790200000, 0x0000000790200000, 0x0000000790400000|  0%| F|  |TAMS 0x0000000790200000, 0x0000000790200000| Untracked 
|1154|0x0000000790400000, 0x0000000790400000, 0x0000000790600000|  0%| F|  |TAMS 0x0000000790400000, 0x0000000790400000| Untracked 
|1155|0x0000000790600000, 0x0000000790600000, 0x0000000790800000|  0%| F|  |TAMS 0x0000000790600000, 0x0000000790600000| Untracked 
|1156|0x0000000790800000, 0x0000000790800000, 0x0000000790a00000|  0%| F|  |TAMS 0x0000000790800000, 0x0000000790800000| Untracked 
|1157|0x0000000790a00000, 0x0000000790a00000, 0x0000000790c00000|  0%| F|  |TAMS 0x0000000790a00000, 0x0000000790a00000| Untracked 
|1158|0x0000000790c00000, 0x0000000790c00000, 0x0000000790e00000|  0%| F|  |TAMS 0x0000000790c00000, 0x0000000790c00000| Untracked 
|1159|0x0000000790e00000, 0x0000000790e00000, 0x0000000791000000|  0%| F|  |TAMS 0x0000000790e00000, 0x0000000790e00000| Untracked 
|1160|0x0000000791000000, 0x0000000791000000, 0x0000000791200000|  0%| F|  |TAMS 0x0000000791000000, 0x0000000791000000| Untracked 
|1161|0x0000000791200000, 0x0000000791200000, 0x0000000791400000|  0%| F|  |TAMS 0x0000000791200000, 0x0000000791200000| Untracked 
|1162|0x0000000791400000, 0x0000000791400000, 0x0000000791600000|  0%| F|  |TAMS 0x0000000791400000, 0x0000000791400000| Untracked 
|1163|0x0000000791600000, 0x0000000791600000, 0x0000000791800000|  0%| F|  |TAMS 0x0000000791600000, 0x0000000791600000| Untracked 
|1164|0x0000000791800000, 0x0000000791800000, 0x0000000791a00000|  0%| F|  |TAMS 0x0000000791800000, 0x0000000791800000| Untracked 
|1165|0x0000000791a00000, 0x0000000791a00000, 0x0000000791c00000|  0%| F|  |TAMS 0x0000000791a00000, 0x0000000791a00000| Untracked 
|1166|0x0000000791c00000, 0x0000000791c00000, 0x0000000791e00000|  0%| F|  |TAMS 0x0000000791c00000, 0x0000000791c00000| Untracked 
|1167|0x0000000791e00000, 0x0000000791e00000, 0x0000000792000000|  0%| F|  |TAMS 0x0000000791e00000, 0x0000000791e00000| Untracked 
|1168|0x0000000792000000, 0x0000000792000000, 0x0000000792200000|  0%| F|  |TAMS 0x0000000792000000, 0x0000000792000000| Untracked 
|1169|0x0000000792200000, 0x0000000792200000, 0x0000000792400000|  0%| F|  |TAMS 0x0000000792200000, 0x0000000792200000| Untracked 
|1170|0x0000000792400000, 0x0000000792400000, 0x0000000792600000|  0%| F|  |TAMS 0x0000000792400000, 0x0000000792400000| Untracked 
|1171|0x0000000792600000, 0x0000000792600000, 0x0000000792800000|  0%| F|  |TAMS 0x0000000792600000, 0x0000000792600000| Untracked 
|1172|0x0000000792800000, 0x0000000792800000, 0x0000000792a00000|  0%| F|  |TAMS 0x0000000792800000, 0x0000000792800000| Untracked 
|1173|0x0000000792a00000, 0x0000000792a00000, 0x0000000792c00000|  0%| F|  |TAMS 0x0000000792a00000, 0x0000000792a00000| Untracked 
|1174|0x0000000792c00000, 0x0000000792c00000, 0x0000000792e00000|  0%| F|  |TAMS 0x0000000792c00000, 0x0000000792c00000| Untracked 
|1175|0x0000000792e00000, 0x0000000792e00000, 0x0000000793000000|  0%| F|  |TAMS 0x0000000792e00000, 0x0000000792e00000| Untracked 
|1176|0x0000000793000000, 0x0000000793000000, 0x0000000793200000|  0%| F|  |TAMS 0x0000000793000000, 0x0000000793000000| Untracked 
|1177|0x0000000793200000, 0x0000000793200000, 0x0000000793400000|  0%| F|  |TAMS 0x0000000793200000, 0x0000000793200000| Untracked 
|1178|0x0000000793400000, 0x0000000793400000, 0x0000000793600000|  0%| F|  |TAMS 0x0000000793400000, 0x0000000793400000| Untracked 
|1179|0x0000000793600000, 0x0000000793600000, 0x0000000793800000|  0%| F|  |TAMS 0x0000000793600000, 0x0000000793600000| Untracked 
|1180|0x0000000793800000, 0x0000000793800000, 0x0000000793a00000|  0%| F|  |TAMS 0x0000000793800000, 0x0000000793800000| Untracked 
|1181|0x0000000793a00000, 0x0000000793a00000, 0x0000000793c00000|  0%| F|  |TAMS 0x0000000793a00000, 0x0000000793a00000| Untracked 
|1182|0x0000000793c00000, 0x0000000793c00000, 0x0000000793e00000|  0%| F|  |TAMS 0x0000000793c00000, 0x0000000793c00000| Untracked 
|1183|0x0000000793e00000, 0x0000000793e00000, 0x0000000794000000|  0%| F|  |TAMS 0x0000000793e00000, 0x0000000793e00000| Untracked 
|1184|0x0000000794000000, 0x0000000794000000, 0x0000000794200000|  0%| F|  |TAMS 0x0000000794000000, 0x0000000794000000| Untracked 
|1185|0x0000000794200000, 0x0000000794200000, 0x0000000794400000|  0%| F|  |TAMS 0x0000000794200000, 0x0000000794200000| Untracked 
|1186|0x0000000794400000, 0x0000000794400000, 0x0000000794600000|  0%| F|  |TAMS 0x0000000794400000, 0x0000000794400000| Untracked 
|1187|0x0000000794600000, 0x0000000794600000, 0x0000000794800000|  0%| F|  |TAMS 0x0000000794600000, 0x0000000794600000| Untracked 
|1188|0x0000000794800000, 0x0000000794800000, 0x0000000794a00000|  0%| F|  |TAMS 0x0000000794800000, 0x0000000794800000| Untracked 
|1189|0x0000000794a00000, 0x0000000794a00000, 0x0000000794c00000|  0%| F|  |TAMS 0x0000000794a00000, 0x0000000794a00000| Untracked 
|1190|0x0000000794c00000, 0x0000000794c00000, 0x0000000794e00000|  0%| F|  |TAMS 0x0000000794c00000, 0x0000000794c00000| Untracked 
|1191|0x0000000794e00000, 0x0000000794e00000, 0x0000000795000000|  0%| F|  |TAMS 0x0000000794e00000, 0x0000000794e00000| Untracked 
|1192|0x0000000795000000, 0x0000000795000000, 0x0000000795200000|  0%| F|  |TAMS 0x0000000795000000, 0x0000000795000000| Untracked 
|1193|0x0000000795200000, 0x0000000795200000, 0x0000000795400000|  0%| F|  |TAMS 0x0000000795200000, 0x0000000795200000| Untracked 
|1194|0x0000000795400000, 0x0000000795400000, 0x0000000795600000|  0%| F|  |TAMS 0x0000000795400000, 0x0000000795400000| Untracked 
|1195|0x0000000795600000, 0x0000000795600000, 0x0000000795800000|  0%| F|  |TAMS 0x0000000795600000, 0x0000000795600000| Untracked 
|1196|0x0000000795800000, 0x0000000795800000, 0x0000000795a00000|  0%| F|  |TAMS 0x0000000795800000, 0x0000000795800000| Untracked 
|1197|0x0000000795a00000, 0x0000000795a00000, 0x0000000795c00000|  0%| F|  |TAMS 0x0000000795a00000, 0x0000000795a00000| Untracked 
|1198|0x0000000795c00000, 0x0000000795c00000, 0x0000000795e00000|  0%| F|  |TAMS 0x0000000795c00000, 0x0000000795c00000| Untracked 
|1199|0x0000000795e00000, 0x0000000795e00000, 0x0000000796000000|  0%| F|  |TAMS 0x0000000795e00000, 0x0000000795e00000| Untracked 
|1200|0x0000000796000000, 0x0000000796000000, 0x0000000796200000|  0%| F|  |TAMS 0x0000000796000000, 0x0000000796000000| Untracked 
|1201|0x0000000796200000, 0x0000000796200000, 0x0000000796400000|  0%| F|  |TAMS 0x0000000796200000, 0x0000000796200000| Untracked 
|1202|0x0000000796400000, 0x0000000796400000, 0x0000000796600000|  0%| F|  |TAMS 0x0000000796400000, 0x0000000796400000| Untracked 
|1203|0x0000000796600000, 0x0000000796600000, 0x0000000796800000|  0%| F|  |TAMS 0x0000000796600000, 0x0000000796600000| Untracked 
|1204|0x0000000796800000, 0x0000000796800000, 0x0000000796a00000|  0%| F|  |TAMS 0x0000000796800000, 0x0000000796800000| Untracked 
|1205|0x0000000796a00000, 0x0000000796a00000, 0x0000000796c00000|  0%| F|  |TAMS 0x0000000796a00000, 0x0000000796a00000| Untracked 
|1206|0x0000000796c00000, 0x0000000796c00000, 0x0000000796e00000|  0%| F|  |TAMS 0x0000000796c00000, 0x0000000796c00000| Untracked 
|1207|0x0000000796e00000, 0x0000000796e00000, 0x0000000797000000|  0%| F|  |TAMS 0x0000000796e00000, 0x0000000796e00000| Untracked 
|1208|0x0000000797000000, 0x0000000797000000, 0x0000000797200000|  0%| F|  |TAMS 0x0000000797000000, 0x0000000797000000| Untracked 
|1209|0x0000000797200000, 0x0000000797200000, 0x0000000797400000|  0%| F|  |TAMS 0x0000000797200000, 0x0000000797200000| Untracked 
|1210|0x0000000797400000, 0x0000000797400000, 0x0000000797600000|  0%| F|  |TAMS 0x0000000797400000, 0x0000000797400000| Untracked 
|1211|0x0000000797600000, 0x0000000797600000, 0x0000000797800000|  0%| F|  |TAMS 0x0000000797600000, 0x0000000797600000| Untracked 
|1212|0x0000000797800000, 0x0000000797800000, 0x0000000797a00000|  0%| F|  |TAMS 0x0000000797800000, 0x0000000797800000| Untracked 
|1213|0x0000000797a00000, 0x0000000797a00000, 0x0000000797c00000|  0%| F|  |TAMS 0x0000000797a00000, 0x0000000797a00000| Untracked 
|1214|0x0000000797c00000, 0x0000000797c00000, 0x0000000797e00000|  0%| F|  |TAMS 0x0000000797c00000, 0x0000000797c00000| Untracked 
|1215|0x0000000797e00000, 0x0000000797e00000, 0x0000000798000000|  0%| F|  |TAMS 0x0000000797e00000, 0x0000000797e00000| Untracked 
|1216|0x0000000798000000, 0x0000000798000000, 0x0000000798200000|  0%| F|  |TAMS 0x0000000798000000, 0x0000000798000000| Untracked 
|1217|0x0000000798200000, 0x0000000798200000, 0x0000000798400000|  0%| F|  |TAMS 0x0000000798200000, 0x0000000798200000| Untracked 
|1218|0x0000000798400000, 0x0000000798400000, 0x0000000798600000|  0%| F|  |TAMS 0x0000000798400000, 0x0000000798400000| Untracked 
|1219|0x0000000798600000, 0x0000000798600000, 0x0000000798800000|  0%| F|  |TAMS 0x0000000798600000, 0x0000000798600000| Untracked 
|1220|0x0000000798800000, 0x0000000798800000, 0x0000000798a00000|  0%| F|  |TAMS 0x0000000798800000, 0x0000000798800000| Untracked 
|1221|0x0000000798a00000, 0x0000000798a00000, 0x0000000798c00000|  0%| F|  |TAMS 0x0000000798a00000, 0x0000000798a00000| Untracked 
|1222|0x0000000798c00000, 0x0000000798c00000, 0x0000000798e00000|  0%| F|  |TAMS 0x0000000798c00000, 0x0000000798c00000| Untracked 
|1223|0x0000000798e00000, 0x0000000798e00000, 0x0000000799000000|  0%| F|  |TAMS 0x0000000798e00000, 0x0000000798e00000| Untracked 
|1224|0x0000000799000000, 0x0000000799000000, 0x0000000799200000|  0%| F|  |TAMS 0x0000000799000000, 0x0000000799000000| Untracked 
|1225|0x0000000799200000, 0x0000000799200000, 0x0000000799400000|  0%| F|  |TAMS 0x0000000799200000, 0x0000000799200000| Untracked 
|1226|0x0000000799400000, 0x0000000799400000, 0x0000000799600000|  0%| F|  |TAMS 0x0000000799400000, 0x0000000799400000| Untracked 
|1227|0x0000000799600000, 0x0000000799600000, 0x0000000799800000|  0%| F|  |TAMS 0x0000000799600000, 0x0000000799600000| Untracked 
|1228|0x0000000799800000, 0x0000000799800000, 0x0000000799a00000|  0%| F|  |TAMS 0x0000000799800000, 0x0000000799800000| Untracked 
|1229|0x0000000799a00000, 0x0000000799a00000, 0x0000000799c00000|  0%| F|  |TAMS 0x0000000799a00000, 0x0000000799a00000| Untracked 
|1230|0x0000000799c00000, 0x0000000799c00000, 0x0000000799e00000|  0%| F|  |TAMS 0x0000000799c00000, 0x0000000799c00000| Untracked 
|1231|0x0000000799e00000, 0x0000000799e00000, 0x000000079a000000|  0%| F|  |TAMS 0x0000000799e00000, 0x0000000799e00000| Untracked 
|1232|0x000000079a000000, 0x000000079a000000, 0x000000079a200000|  0%| F|  |TAMS 0x000000079a000000, 0x000000079a000000| Untracked 
|1233|0x000000079a200000, 0x000000079a200000, 0x000000079a400000|  0%| F|  |TAMS 0x000000079a200000, 0x000000079a200000| Untracked 
|1234|0x000000079a400000, 0x000000079a400000, 0x000000079a600000|  0%| F|  |TAMS 0x000000079a400000, 0x000000079a400000| Untracked 
|1235|0x000000079a600000, 0x000000079a600000, 0x000000079a800000|  0%| F|  |TAMS 0x000000079a600000, 0x000000079a600000| Untracked 
|1236|0x000000079a800000, 0x000000079a800000, 0x000000079aa00000|  0%| F|  |TAMS 0x000000079a800000, 0x000000079a800000| Untracked 
|1237|0x000000079aa00000, 0x000000079aa00000, 0x000000079ac00000|  0%| F|  |TAMS 0x000000079aa00000, 0x000000079aa00000| Untracked 
|1238|0x000000079ac00000, 0x000000079ac00000, 0x000000079ae00000|  0%| F|  |TAMS 0x000000079ac00000, 0x000000079ac00000| Untracked 
|1239|0x000000079ae00000, 0x000000079ae00000, 0x000000079b000000|  0%| F|  |TAMS 0x000000079ae00000, 0x000000079ae00000| Untracked 
|1240|0x000000079b000000, 0x000000079b000000, 0x000000079b200000|  0%| F|  |TAMS 0x000000079b000000, 0x000000079b000000| Untracked 
|1241|0x000000079b200000, 0x000000079b200000, 0x000000079b400000|  0%| F|  |TAMS 0x000000079b200000, 0x000000079b200000| Untracked 
|1242|0x000000079b400000, 0x000000079b400000, 0x000000079b600000|  0%| F|  |TAMS 0x000000079b400000, 0x000000079b400000| Untracked 
|1243|0x000000079b600000, 0x000000079b600000, 0x000000079b800000|  0%| F|  |TAMS 0x000000079b600000, 0x000000079b600000| Untracked 
|1244|0x000000079b800000, 0x000000079b800000, 0x000000079ba00000|  0%| F|  |TAMS 0x000000079b800000, 0x000000079b800000| Untracked 
|1245|0x000000079ba00000, 0x000000079ba00000, 0x000000079bc00000|  0%| F|  |TAMS 0x000000079ba00000, 0x000000079ba00000| Untracked 
|1246|0x000000079bc00000, 0x000000079bc00000, 0x000000079be00000|  0%| F|  |TAMS 0x000000079bc00000, 0x000000079bc00000| Untracked 
|1247|0x000000079be00000, 0x000000079be00000, 0x000000079c000000|  0%| F|  |TAMS 0x000000079be00000, 0x000000079be00000| Untracked 
|1248|0x000000079c000000, 0x000000079c000000, 0x000000079c200000|  0%| F|  |TAMS 0x000000079c000000, 0x000000079c000000| Untracked 
|1249|0x000000079c200000, 0x000000079c200000, 0x000000079c400000|  0%| F|  |TAMS 0x000000079c200000, 0x000000079c200000| Untracked 
|1250|0x000000079c400000, 0x000000079c400000, 0x000000079c600000|  0%| F|  |TAMS 0x000000079c400000, 0x000000079c400000| Untracked 
|1251|0x000000079c600000, 0x000000079c600000, 0x000000079c800000|  0%| F|  |TAMS 0x000000079c600000, 0x000000079c600000| Untracked 
|1252|0x000000079c800000, 0x000000079c800000, 0x000000079ca00000|  0%| F|  |TAMS 0x000000079c800000, 0x000000079c800000| Untracked 
|1253|0x000000079ca00000, 0x000000079ca00000, 0x000000079cc00000|  0%| F|  |TAMS 0x000000079ca00000, 0x000000079ca00000| Untracked 
|1254|0x000000079cc00000, 0x000000079cc00000, 0x000000079ce00000|  0%| F|  |TAMS 0x000000079cc00000, 0x000000079cc00000| Untracked 
|1255|0x000000079ce00000, 0x000000079ce00000, 0x000000079d000000|  0%| F|  |TAMS 0x000000079ce00000, 0x000000079ce00000| Untracked 
|1256|0x000000079d000000, 0x000000079d200000, 0x000000079d200000|100%| S|CS|TAMS 0x000000079d000000, 0x000000079d000000| Complete 
|1257|0x000000079d200000, 0x000000079d400000, 0x000000079d400000|100%| S|CS|TAMS 0x000000079d200000, 0x000000079d200000| Complete 
|1258|0x000000079d400000, 0x000000079d600000, 0x000000079d600000|100%| S|CS|TAMS 0x000000079d400000, 0x000000079d400000| Complete 
|1259|0x000000079d600000, 0x000000079d800000, 0x000000079d800000|100%| S|CS|TAMS 0x000000079d600000, 0x000000079d600000| Complete 
|1260|0x000000079d800000, 0x000000079da00000, 0x000000079da00000|100%| S|CS|TAMS 0x000000079d800000, 0x000000079d800000| Complete 
|1261|0x000000079da00000, 0x000000079dc00000, 0x000000079dc00000|100%| S|CS|TAMS 0x000000079da00000, 0x000000079da00000| Complete 
|1262|0x000000079dc00000, 0x000000079de00000, 0x000000079de00000|100%| S|CS|TAMS 0x000000079dc00000, 0x000000079dc00000| Complete 
|1263|0x000000079de00000, 0x000000079e000000, 0x000000079e000000|100%| S|CS|TAMS 0x000000079de00000, 0x000000079de00000| Complete 
|1264|0x000000079e000000, 0x000000079e200000, 0x000000079e200000|100%| S|CS|TAMS 0x000000079e000000, 0x000000079e000000| Complete 
|1265|0x000000079e200000, 0x000000079e400000, 0x000000079e400000|100%| S|CS|TAMS 0x000000079e200000, 0x000000079e200000| Complete 
|1266|0x000000079e400000, 0x000000079e600000, 0x000000079e600000|100%| S|CS|TAMS 0x000000079e400000, 0x000000079e400000| Complete 
|1267|0x000000079e600000, 0x000000079e800000, 0x000000079e800000|100%| S|CS|TAMS 0x000000079e600000, 0x000000079e600000| Complete 
|1268|0x000000079e800000, 0x000000079ea00000, 0x000000079ea00000|100%| S|CS|TAMS 0x000000079e800000, 0x000000079e800000| Complete 
|1269|0x000000079ea00000, 0x000000079ec00000, 0x000000079ec00000|100%| S|CS|TAMS 0x000000079ea00000, 0x000000079ea00000| Complete 
|1270|0x000000079ec00000, 0x000000079ee00000, 0x000000079ee00000|100%| S|CS|TAMS 0x000000079ec00000, 0x000000079ec00000| Complete 
|1271|0x000000079ee00000, 0x000000079ee00000, 0x000000079f000000|  0%| F|  |TAMS 0x000000079ee00000, 0x000000079ee00000| Untracked 
|1272|0x000000079f000000, 0x000000079f000000, 0x000000079f200000|  0%| F|  |TAMS 0x000000079f000000, 0x000000079f000000| Untracked 
|1273|0x000000079f200000, 0x000000079f200000, 0x000000079f400000|  0%| F|  |TAMS 0x000000079f200000, 0x000000079f200000| Untracked 
|1274|0x000000079f400000, 0x000000079f400000, 0x000000079f600000|  0%| F|  |TAMS 0x000000079f400000, 0x000000079f400000| Untracked 
|1275|0x000000079f600000, 0x000000079f600000, 0x000000079f800000|  0%| F|  |TAMS 0x000000079f600000, 0x000000079f600000| Untracked 
|1276|0x000000079f800000, 0x000000079f800000, 0x000000079fa00000|  0%| F|  |TAMS 0x000000079f800000, 0x000000079f800000| Untracked 
|1277|0x000000079fa00000, 0x000000079fa00000, 0x000000079fc00000|  0%| F|  |TAMS 0x000000079fa00000, 0x000000079fa00000| Untracked 
|1278|0x000000079fc00000, 0x000000079fc00000, 0x000000079fe00000|  0%| F|  |TAMS 0x000000079fc00000, 0x000000079fc00000| Untracked 
|1279|0x000000079fe00000, 0x000000079fe00000, 0x00000007a0000000|  0%| F|  |TAMS 0x000000079fe00000, 0x000000079fe00000| Untracked 
|1280|0x00000007a0000000, 0x00000007a0000000, 0x00000007a0200000|  0%| F|  |TAMS 0x00000007a0000000, 0x00000007a0000000| Untracked 
|1281|0x00000007a0200000, 0x00000007a0200000, 0x00000007a0400000|  0%| F|  |TAMS 0x00000007a0200000, 0x00000007a0200000| Untracked 
|1282|0x00000007a0400000, 0x00000007a0400000, 0x00000007a0600000|  0%| F|  |TAMS 0x00000007a0400000, 0x00000007a0400000| Untracked 
|1283|0x00000007a0600000, 0x00000007a0600000, 0x00000007a0800000|  0%| F|  |TAMS 0x00000007a0600000, 0x00000007a0600000| Untracked 
|1284|0x00000007a0800000, 0x00000007a0800000, 0x00000007a0a00000|  0%| F|  |TAMS 0x00000007a0800000, 0x00000007a0800000| Untracked 
|1285|0x00000007a0a00000, 0x00000007a0a00000, 0x00000007a0c00000|  0%| F|  |TAMS 0x00000007a0a00000, 0x00000007a0a00000| Untracked 
|1286|0x00000007a0c00000, 0x00000007a0c00000, 0x00000007a0e00000|  0%| F|  |TAMS 0x00000007a0c00000, 0x00000007a0c00000| Untracked 
|1287|0x00000007a0e00000, 0x00000007a0e00000, 0x00000007a1000000|  0%| F|  |TAMS 0x00000007a0e00000, 0x00000007a0e00000| Untracked 
|1288|0x00000007a1000000, 0x00000007a1000000, 0x00000007a1200000|  0%| F|  |TAMS 0x00000007a1000000, 0x00000007a1000000| Untracked 
|1289|0x00000007a1200000, 0x00000007a1200000, 0x00000007a1400000|  0%| F|  |TAMS 0x00000007a1200000, 0x00000007a1200000| Untracked 
|1290|0x00000007a1400000, 0x00000007a1400000, 0x00000007a1600000|  0%| F|  |TAMS 0x00000007a1400000, 0x00000007a1400000| Untracked 
|1291|0x00000007a1600000, 0x00000007a1600000, 0x00000007a1800000|  0%| F|  |TAMS 0x00000007a1600000, 0x00000007a1600000| Untracked 
|1292|0x00000007a1800000, 0x00000007a1800000, 0x00000007a1a00000|  0%| F|  |TAMS 0x00000007a1800000, 0x00000007a1800000| Untracked 
|1293|0x00000007a1a00000, 0x00000007a1a00000, 0x00000007a1c00000|  0%| F|  |TAMS 0x00000007a1a00000, 0x00000007a1a00000| Untracked 
|1294|0x00000007a1c00000, 0x00000007a1c00000, 0x00000007a1e00000|  0%| F|  |TAMS 0x00000007a1c00000, 0x00000007a1c00000| Untracked 
|1295|0x00000007a1e00000, 0x00000007a1e00000, 0x00000007a2000000|  0%| F|  |TAMS 0x00000007a1e00000, 0x00000007a1e00000| Untracked 
|1296|0x00000007a2000000, 0x00000007a2000000, 0x00000007a2200000|  0%| F|  |TAMS 0x00000007a2000000, 0x00000007a2000000| Untracked 
|1297|0x00000007a2200000, 0x00000007a2200000, 0x00000007a2400000|  0%| F|  |TAMS 0x00000007a2200000, 0x00000007a2200000| Untracked 
|1298|0x00000007a2400000, 0x00000007a2400000, 0x00000007a2600000|  0%| F|  |TAMS 0x00000007a2400000, 0x00000007a2400000| Untracked 
|1299|0x00000007a2600000, 0x00000007a2600000, 0x00000007a2800000|  0%| F|  |TAMS 0x00000007a2600000, 0x00000007a2600000| Untracked 
|1300|0x00000007a2800000, 0x00000007a2800000, 0x00000007a2a00000|  0%| F|  |TAMS 0x00000007a2800000, 0x00000007a2800000| Untracked 
|1301|0x00000007a2a00000, 0x00000007a2a00000, 0x00000007a2c00000|  0%| F|  |TAMS 0x00000007a2a00000, 0x00000007a2a00000| Untracked 
|1302|0x00000007a2c00000, 0x00000007a2c00000, 0x00000007a2e00000|  0%| F|  |TAMS 0x00000007a2c00000, 0x00000007a2c00000| Untracked 
|1303|0x00000007a2e00000, 0x00000007a2e00000, 0x00000007a3000000|  0%| F|  |TAMS 0x00000007a2e00000, 0x00000007a2e00000| Untracked 
|1304|0x00000007a3000000, 0x00000007a3000000, 0x00000007a3200000|  0%| F|  |TAMS 0x00000007a3000000, 0x00000007a3000000| Untracked 
|1305|0x00000007a3200000, 0x00000007a3200000, 0x00000007a3400000|  0%| F|  |TAMS 0x00000007a3200000, 0x00000007a3200000| Untracked 
|1306|0x00000007a3400000, 0x00000007a3400000, 0x00000007a3600000|  0%| F|  |TAMS 0x00000007a3400000, 0x00000007a3400000| Untracked 
|1307|0x00000007a3600000, 0x00000007a3600000, 0x00000007a3800000|  0%| F|  |TAMS 0x00000007a3600000, 0x00000007a3600000| Untracked 
|1308|0x00000007a3800000, 0x00000007a3800000, 0x00000007a3a00000|  0%| F|  |TAMS 0x00000007a3800000, 0x00000007a3800000| Untracked 
|1309|0x00000007a3a00000, 0x00000007a3a00000, 0x00000007a3c00000|  0%| F|  |TAMS 0x00000007a3a00000, 0x00000007a3a00000| Untracked 
|1310|0x00000007a3c00000, 0x00000007a3c00000, 0x00000007a3e00000|  0%| F|  |TAMS 0x00000007a3c00000, 0x00000007a3c00000| Untracked 
|1311|0x00000007a3e00000, 0x00000007a3e00000, 0x00000007a4000000|  0%| F|  |TAMS 0x00000007a3e00000, 0x00000007a3e00000| Untracked 
|1312|0x00000007a4000000, 0x00000007a4000000, 0x00000007a4200000|  0%| F|  |TAMS 0x00000007a4000000, 0x00000007a4000000| Untracked 
|1313|0x00000007a4200000, 0x00000007a4200000, 0x00000007a4400000|  0%| F|  |TAMS 0x00000007a4200000, 0x00000007a4200000| Untracked 
|1314|0x00000007a4400000, 0x00000007a4400000, 0x00000007a4600000|  0%| F|  |TAMS 0x00000007a4400000, 0x00000007a4400000| Untracked 
|1315|0x00000007a4600000, 0x00000007a4600000, 0x00000007a4800000|  0%| F|  |TAMS 0x00000007a4600000, 0x00000007a4600000| Untracked 
|1316|0x00000007a4800000, 0x00000007a4800000, 0x00000007a4a00000|  0%| F|  |TAMS 0x00000007a4800000, 0x00000007a4800000| Untracked 
|1317|0x00000007a4a00000, 0x00000007a4a00000, 0x00000007a4c00000|  0%| F|  |TAMS 0x00000007a4a00000, 0x00000007a4a00000| Untracked 
|1318|0x00000007a4c00000, 0x00000007a4c00000, 0x00000007a4e00000|  0%| F|  |TAMS 0x00000007a4c00000, 0x00000007a4c00000| Untracked 
|1319|0x00000007a4e00000, 0x00000007a4e00000, 0x00000007a5000000|  0%| F|  |TAMS 0x00000007a4e00000, 0x00000007a4e00000| Untracked 
|1320|0x00000007a5000000, 0x00000007a5000000, 0x00000007a5200000|  0%| F|  |TAMS 0x00000007a5000000, 0x00000007a5000000| Untracked 
|1321|0x00000007a5200000, 0x00000007a5200000, 0x00000007a5400000|  0%| F|  |TAMS 0x00000007a5200000, 0x00000007a5200000| Untracked 
|1322|0x00000007a5400000, 0x00000007a5400000, 0x00000007a5600000|  0%| F|  |TAMS 0x00000007a5400000, 0x00000007a5400000| Untracked 
|1323|0x00000007a5600000, 0x00000007a5600000, 0x00000007a5800000|  0%| F|  |TAMS 0x00000007a5600000, 0x00000007a5600000| Untracked 
|1324|0x00000007a5800000, 0x00000007a5800000, 0x00000007a5a00000|  0%| F|  |TAMS 0x00000007a5800000, 0x00000007a5800000| Untracked 
|1325|0x00000007a5a00000, 0x00000007a5a00000, 0x00000007a5c00000|  0%| F|  |TAMS 0x00000007a5a00000, 0x00000007a5a00000| Untracked 
|1326|0x00000007a5c00000, 0x00000007a5c00000, 0x00000007a5e00000|  0%| F|  |TAMS 0x00000007a5c00000, 0x00000007a5c00000| Untracked 
|1327|0x00000007a5e00000, 0x00000007a5e00000, 0x00000007a6000000|  0%| F|  |TAMS 0x00000007a5e00000, 0x00000007a5e00000| Untracked 
|1328|0x00000007a6000000, 0x00000007a60a69f0, 0x00000007a6200000| 32%| E|  |TAMS 0x00000007a6000000, 0x00000007a6000000| Complete 
|1329|0x00000007a6200000, 0x00000007a6400000, 0x00000007a6400000|100%| E|CS|TAMS 0x00000007a6200000, 0x00000007a6200000| Complete 
|1330|0x00000007a6400000, 0x00000007a6600000, 0x00000007a6600000|100%| E|CS|TAMS 0x00000007a6400000, 0x00000007a6400000| Complete 
|1331|0x00000007a6600000, 0x00000007a6800000, 0x00000007a6800000|100%| E|CS|TAMS 0x00000007a6600000, 0x00000007a6600000| Complete 
|1332|0x00000007a6800000, 0x00000007a6a00000, 0x00000007a6a00000|100%| E|CS|TAMS 0x00000007a6800000, 0x00000007a6800000| Complete 
|1333|0x00000007a6a00000, 0x00000007a6c00000, 0x00000007a6c00000|100%| E|CS|TAMS 0x00000007a6a00000, 0x00000007a6a00000| Complete 
|1334|0x00000007a6c00000, 0x00000007a6e00000, 0x00000007a6e00000|100%| E|CS|TAMS 0x00000007a6c00000, 0x00000007a6c00000| Complete 
|1335|0x00000007a6e00000, 0x00000007a7000000, 0x00000007a7000000|100%| E|  |TAMS 0x00000007a6e00000, 0x00000007a6e00000| Complete 
|1336|0x00000007a7000000, 0x00000007a7200000, 0x00000007a7200000|100%| E|CS|TAMS 0x00000007a7000000, 0x00000007a7000000| Complete 
|1337|0x00000007a7200000, 0x00000007a7400000, 0x00000007a7400000|100%| E|CS|TAMS 0x00000007a7200000, 0x00000007a7200000| Complete 
|1338|0x00000007a7400000, 0x00000007a7600000, 0x00000007a7600000|100%| E|CS|TAMS 0x00000007a7400000, 0x00000007a7400000| Complete 
|1339|0x00000007a7600000, 0x00000007a7800000, 0x00000007a7800000|100%| E|CS|TAMS 0x00000007a7600000, 0x00000007a7600000| Complete 
|1340|0x00000007a7800000, 0x00000007a7a00000, 0x00000007a7a00000|100%| E|CS|TAMS 0x00000007a7800000, 0x00000007a7800000| Complete 
|1341|0x00000007a7a00000, 0x00000007a7c00000, 0x00000007a7c00000|100%| E|CS|TAMS 0x00000007a7a00000, 0x00000007a7a00000| Complete 
|1342|0x00000007a7c00000, 0x00000007a7e00000, 0x00000007a7e00000|100%| E|CS|TAMS 0x00000007a7c00000, 0x00000007a7c00000| Complete 
|1343|0x00000007a7e00000, 0x00000007a8000000, 0x00000007a8000000|100%| E|CS|TAMS 0x00000007a7e00000, 0x00000007a7e00000| Complete 
|1344|0x00000007a8000000, 0x00000007a8200000, 0x00000007a8200000|100%| E|CS|TAMS 0x00000007a8000000, 0x00000007a8000000| Complete 
|1345|0x00000007a8200000, 0x00000007a8400000, 0x00000007a8400000|100%| E|CS|TAMS 0x00000007a8200000, 0x00000007a8200000| Complete 
|1346|0x00000007a8400000, 0x00000007a8600000, 0x00000007a8600000|100%| E|CS|TAMS 0x00000007a8400000, 0x00000007a8400000| Complete 
|1347|0x00000007a8600000, 0x00000007a8800000, 0x00000007a8800000|100%| E|CS|TAMS 0x00000007a8600000, 0x00000007a8600000| Complete 
|1348|0x00000007a8800000, 0x00000007a8a00000, 0x00000007a8a00000|100%| E|CS|TAMS 0x00000007a8800000, 0x00000007a8800000| Complete 
|1349|0x00000007a8a00000, 0x00000007a8c00000, 0x00000007a8c00000|100%| E|CS|TAMS 0x00000007a8a00000, 0x00000007a8a00000| Complete 
|1350|0x00000007a8c00000, 0x00000007a8e00000, 0x00000007a8e00000|100%| E|CS|TAMS 0x00000007a8c00000, 0x00000007a8c00000| Complete 
|1351|0x00000007a8e00000, 0x00000007a9000000, 0x00000007a9000000|100%| E|CS|TAMS 0x00000007a8e00000, 0x00000007a8e00000| Complete 
|1352|0x00000007a9000000, 0x00000007a9200000, 0x00000007a9200000|100%| E|CS|TAMS 0x00000007a9000000, 0x00000007a9000000| Complete 
|1353|0x00000007a9200000, 0x00000007a9400000, 0x00000007a9400000|100%| E|CS|TAMS 0x00000007a9200000, 0x00000007a9200000| Complete 
|1354|0x00000007a9400000, 0x00000007a9600000, 0x00000007a9600000|100%| E|CS|TAMS 0x00000007a9400000, 0x00000007a9400000| Complete 
|1355|0x00000007a9600000, 0x00000007a9800000, 0x00000007a9800000|100%| E|CS|TAMS 0x00000007a9600000, 0x00000007a9600000| Complete 
|1356|0x00000007a9800000, 0x00000007a9a00000, 0x00000007a9a00000|100%| E|CS|TAMS 0x00000007a9800000, 0x00000007a9800000| Complete 
|1357|0x00000007a9a00000, 0x00000007a9c00000, 0x00000007a9c00000|100%| E|CS|TAMS 0x00000007a9a00000, 0x00000007a9a00000| Complete 
|1358|0x00000007a9c00000, 0x00000007a9e00000, 0x00000007a9e00000|100%| E|CS|TAMS 0x00000007a9c00000, 0x00000007a9c00000| Complete 
|1359|0x00000007a9e00000, 0x00000007aa000000, 0x00000007aa000000|100%| E|CS|TAMS 0x00000007a9e00000, 0x00000007a9e00000| Complete 
|1360|0x00000007aa000000, 0x00000007aa200000, 0x00000007aa200000|100%| E|CS|TAMS 0x00000007aa000000, 0x00000007aa000000| Complete 
|1361|0x00000007aa200000, 0x00000007aa400000, 0x00000007aa400000|100%| E|CS|TAMS 0x00000007aa200000, 0x00000007aa200000| Complete 
|1362|0x00000007aa400000, 0x00000007aa600000, 0x00000007aa600000|100%| E|CS|TAMS 0x00000007aa400000, 0x00000007aa400000| Complete 
|1363|0x00000007aa600000, 0x00000007aa800000, 0x00000007aa800000|100%| E|CS|TAMS 0x00000007aa600000, 0x00000007aa600000| Complete 
|1364|0x00000007aa800000, 0x00000007aaa00000, 0x00000007aaa00000|100%| E|CS|TAMS 0x00000007aa800000, 0x00000007aa800000| Complete 
|1365|0x00000007aaa00000, 0x00000007aac00000, 0x00000007aac00000|100%| E|CS|TAMS 0x00000007aaa00000, 0x00000007aaa00000| Complete 
|1366|0x00000007aac00000, 0x00000007aae00000, 0x00000007aae00000|100%| E|CS|TAMS 0x00000007aac00000, 0x00000007aac00000| Complete 
|1367|0x00000007aae00000, 0x00000007ab000000, 0x00000007ab000000|100%| E|CS|TAMS 0x00000007aae00000, 0x00000007aae00000| Complete 
|2046|0x00000007ffc00000, 0x00000007ffd75000, 0x00000007ffe00000| 72%|OA|  |TAMS 0x00000007ffd75000, 0x00000007ffd75000| Untracked 
|2047|0x00000007ffe00000, 0x00000007ffe78000, 0x0000000800000000| 23%|CA|  |TAMS 0x00000007ffe78000, 0x00000007ffe78000| Untracked 

Card table byte_map: [0x00007e8683c00000,0x00007e8684400000] _byte_map_base: 0x00007e8680400000

Marking Bits (Prev, Next): (CMBitMap*) 0x00007e869c088640, (CMBitMap*) 0x00007e869c088680
 Prev Bits: [0x00007e867f400000, 0x00007e8683400000)
 Next Bits: [0x00007e867b400000, 0x00007e867f400000)

Polling page: 0x00007e86a20ac000

Metaspace:

Usage:
  Non-class:    431.36 MB used.
      Class:     62.23 MB used.
       Both:    493.59 MB used.

Virtual space:
  Non-class space:      448.00 MB reserved,     433.69 MB ( 97%) committed,  7 nodes.
      Class space:        1.00 GB reserved,      64.38 MB (  6%) committed,  1 nodes.
             Both:        1.44 GB reserved,     498.06 MB ( 34%) committed. 

Chunk freelists:
   Non-Class:  13.72 MB
       Class:  15.67 MB
        Both:  29.39 MB

MaxMetaspaceSize: unlimited
CompressedClassSpaceSize: 1.00 GB
Initial GC threshold: 21.00 MB
Current GC threshold: 624.50 MB
CDS: on
MetaspaceReclaimPolicy: balanced
 - commit_granule_bytes: 65536.
 - commit_granule_words: 8192.
 - virtual_space_node_default_size: 8388608.
 - enlarge_chunks_in_place: 1.
 - new_chunks_are_fully_committed: 0.
 - uncommit_free_chunks: 1.
 - use_allocation_guard: 0.
 - handle_deallocations: 1.


Internal statistics:

num_allocs_failed_limit: 38.
num_arena_births: 7500.
num_arena_deaths: 92.
num_vsnodes_births: 8.
num_vsnodes_deaths: 0.
num_space_committed: 7959.
num_space_uncommitted: 1.
num_chunks_returned_to_freelist: 195.
num_chunks_taken_from_freelist: 30975.
num_chunk_merges: 67.
num_chunk_splits: 20431.
num_chunks_enlarged: 12949.
num_inconsistent_stats: 0.

CodeHeap 'non-profiled nmethods': size=120028Kb used=83492Kb max_used=83492Kb free=36536Kb
 bounds [0x00007e868cec9000, 0x00007e8692059000, 0x00007e8694400000]
CodeHeap 'profiled nmethods': size=120028Kb used=120027Kb max_used=120027Kb free=0Kb
 bounds [0x00007e8685400000, 0x00007e868c937000, 0x00007e868c937000]
CodeHeap 'non-nmethods': size=5704Kb used=2999Kb max_used=3055Kb free=2704Kb
 bounds [0x00007e868c937000, 0x00007e868cc57000, 0x00007e868cec9000]
 total_blobs=66717 nmethods=65129 adapters=1493
 compilation: enabled
              stopped_count=0, restarted_count=0
 full_count=0

Compilation events (20 events):
Event: 1023.414 Thread 0x00007e869c1960a0 86437       1       org.jetbrains.kotlin.fir.resolve.FirRegularTowerDataContexts::getPrimaryConstructorPureParametersScope (5 bytes)
Event: 1023.414 Thread 0x00007e869c1960a0 nmethod 86437 0x00007e8692048b90 code [0x00007e8692048d20, 0x00007e8692048df0]
Event: 1023.417 Thread 0x00007e869c1960a0 86438       1       org.jetbrains.kotlin.codegen.signature.BothSignatureWriter::skipGenericSignature (2 bytes)
Event: 1023.417 Thread 0x00007e869c1960a0 nmethod 86438 0x00007e8692048e90 code [0x00007e8692049020, 0x00007e86920490f0]
Event: 1023.418 Thread 0x00007e869c1960a0 86439       2       org.jetbrains.kotlin.fir.symbols.FirLazyDeclarationResolver::assertLazyResolveAllowed (25 bytes)
Event: 1023.418 Thread 0x00007e869c1960a0 nmethod 86439 0x00007e8692049190 code [0x00007e8692049360, 0x00007e8692049590]
Event: 1023.420 Thread 0x00007e869c1960a0 86440       2       com.github.benmanes.caffeine.cache.SIA::expiresAfterAccess (13 bytes)
Event: 1023.434 Thread 0x00007e869c1960a0 nmethod 86440 0x00007e869204a010 code [0x00007e869204a1a0, 0x00007e869204a2b0]
Event: 1023.434 Thread 0x00007e869c1960a0 86441       2       com.github.benmanes.caffeine.cache.BoundedLocalCache::skipReadBuffer (23 bytes)
Event: 1023.434 Thread 0x00007e869c1960a0 nmethod 86441 0x00007e869204a390 code [0x00007e869204a540, 0x00007e869204a6f0]
Event: 1023.442 Thread 0x00007e869c1960a0 86446       2       org.jetbrains.kotlin.fir.declarations.FirResolvePhase::getPrevious (18 bytes)
Event: 1023.443 Thread 0x00007e869c1960a0 nmethod 86446 0x00007e869204a810 code [0x00007e869204a9c0, 0x00007e869204ab80]
Event: 1023.443 Thread 0x00007e869c1960a0 86447       2       org.jetbrains.kotlin.analysis.low.level.api.fir.transformers.LLFirTargetResolver::getResolveTargetSession (8 bytes)
Event: 1023.444 Thread 0x00007e869c1960a0 nmethod 86447 0x00007e869204ad10 code [0x00007e869204af80, 0x00007e869204b5e0]
Event: 1023.449 Thread 0x00007e869c1960a0 86448       2       com.intellij.openapi.util.NotNullLazyValue::<init> (5 bytes)
Event: 1023.449 Thread 0x00007e869c1960a0 nmethod 86448 0x00007e869204ba90 code [0x00007e869204bc20, 0x00007e869204bd10]
Event: 1023.454 Thread 0x00007e869c1960a0 86450       2       com.intellij.openapi.util.NotNullLazyValue$2::<init> (10 bytes)
Event: 1023.454 Thread 0x00007e869c1960a0 nmethod 86450 0x00007e869204bd90 code [0x00007e869204bf20, 0x00007e869204c070]
Event: 1023.454 Thread 0x00007e869c1960a0 86451       2       com.intellij.openapi.util.NotNullLazyValue::atomicLazy (17 bytes)
Event: 1023.455 Thread 0x00007e869c1960a0 nmethod 86451 0x00007e869204c110 code [0x00007e869204c2c0, 0x00007e869204c480]

GC Heap History (20 events):
Event: 1019.413 GC heap before
{Heap before GC invocations=156 (full 0):
 garbage-first heap   total 2746368K, used 2378342K [0x0000000700000000, 0x0000000800000000)
  region size 2048K, 297 young (608256K), 38 survivors (77824K)
 Metaspace       used 497963K, committed 502400K, reserved 1507328K
  class space    used 62800K, committed 64896K, reserved 1048576K
}
Event: 1019.451 GC heap after
{Heap after GC invocations=157 (full 0):
 garbage-first heap   total 2746368K, used 1891762K [0x0000000700000000, 0x0000000800000000)
  region size 2048K, 23 young (47104K), 23 survivors (47104K)
 Metaspace       used 497963K, committed 502400K, reserved 1507328K
  class space    used 62800K, committed 64896K, reserved 1048576K
}
Event: 1019.880 GC heap before
{Heap before GC invocations=157 (full 0):
 garbage-first heap   total 2746368K, used 2370994K [0x0000000700000000, 0x0000000800000000)
  region size 2048K, 255 young (522240K), 23 survivors (47104K)
 Metaspace       used 498274K, committed 502720K, reserved 1507328K
  class space    used 62827K, committed 64960K, reserved 1048576K
}
Event: 1019.917 GC heap after
{Heap after GC invocations=158 (full 0):
 garbage-first heap   total 2746368K, used 1963954K [0x0000000700000000, 0x0000000800000000)
  region size 2048K, 32 young (65536K), 32 survivors (65536K)
 Metaspace       used 498274K, committed 502720K, reserved 1507328K
  class space    used 62827K, committed 64960K, reserved 1048576K
}
Event: 1020.225 GC heap before
{Heap before GC invocations=158 (full 0):
 garbage-first heap   total 2746368K, used 2355121K [0x0000000700000000, 0x0000000800000000)
  region size 2048K, 222 young (454656K), 32 survivors (65536K)
 Metaspace       used 498630K, committed 503104K, reserved 1507328K
  class space    used 62890K, committed 65024K, reserved 1048576K
}
Event: 1020.255 GC heap after
{Heap after GC invocations=159 (full 0):
 garbage-first heap   total 2805760K, used 1998493K [0x0000000700000000, 0x0000000800000000)
  region size 2048K, 17 young (34816K), 17 survivors (34816K)
 Metaspace       used 498630K, committed 503104K, reserved 1507328K
  class space    used 62890K, committed 65024K, reserved 1048576K
}
Event: 1020.489 GC heap before
{Heap before GC invocations=159 (full 0):
 garbage-first heap   total 2805760K, used 2408093K [0x0000000700000000, 0x0000000800000000)
  region size 2048K, 217 young (444416K), 17 survivors (34816K)
 Metaspace       used 498834K, committed 503360K, reserved 1507328K
  class space    used 62922K, committed 65088K, reserved 1048576K
}
Event: 1020.507 GC heap after
{Heap after GC invocations=160 (full 0):
 garbage-first heap   total 2805760K, used 2016481K [0x0000000700000000, 0x0000000800000000)
  region size 2048K, 10 young (20480K), 10 survivors (20480K)
 Metaspace       used 498834K, committed 503360K, reserved 1507328K
  class space    used 62922K, committed 65088K, reserved 1048576K
}
Event: 1020.782 GC heap before
{Heap before GC invocations=160 (full 0):
 garbage-first heap   total 2805760K, used 2430177K [0x0000000700000000, 0x0000000800000000)
  region size 2048K, 208 young (425984K), 10 survivors (20480K)
 Metaspace       used 499072K, committed 503552K, reserved 1507328K
  class space    used 62949K, committed 65088K, reserved 1048576K
}
Event: 1020.801 GC heap after
{Heap after GC invocations=161 (full 0):
 garbage-first heap   total 2805760K, used 2031090K [0x0000000700000000, 0x0000000800000000)
  region size 2048K, 13 young (26624K), 13 survivors (26624K)
 Metaspace       used 499072K, committed 503552K, reserved 1507328K
  class space    used 62949K, committed 65088K, reserved 1048576K
}
Event: 1021.114 GC heap before
{Heap before GC invocations=161 (full 0):
 garbage-first heap   total 2805760K, used 2446834K [0x0000000700000000, 0x0000000800000000)
  region size 2048K, 212 young (434176K), 13 survivors (26624K)
 Metaspace       used 499335K, committed 503808K, reserved 1507328K
  class space    used 62966K, committed 65088K, reserved 1048576K
}
Event: 1021.128 GC heap after
{Heap after GC invocations=162 (full 0):
 garbage-first heap   total 2805760K, used 2051221K [0x0000000700000000, 0x0000000800000000)
  region size 2048K, 18 young (36864K), 18 survivors (36864K)
 Metaspace       used 499335K, committed 503808K, reserved 1507328K
  class space    used 62966K, committed 65088K, reserved 1048576K
}
Event: 1021.431 GC heap before
{Heap before GC invocations=162 (full 0):
 garbage-first heap   total 2805760K, used 2458773K [0x0000000700000000, 0x0000000800000000)
  region size 2048K, 212 young (434176K), 18 survivors (36864K)
 Metaspace       used 500508K, committed 505024K, reserved 1507328K
  class space    used 63119K, committed 65280K, reserved 1048576K
}
Event: 1021.458 GC heap after
{Heap after GC invocations=163 (full 0):
 garbage-first heap   total 2805760K, used 2089461K [0x0000000700000000, 0x0000000800000000)
  region size 2048K, 27 young (55296K), 27 survivors (55296K)
 Metaspace       used 500508K, committed 505024K, reserved 1507328K
  class space    used 63119K, committed 65280K, reserved 1048576K
}
Event: 1021.956 GC heap before
{Heap before GC invocations=163 (full 0):
 garbage-first heap   total 2805760K, used 2490868K [0x0000000700000000, 0x0000000800000000)
  region size 2048K, 200 young (409600K), 27 survivors (55296K)
 Metaspace       used 501773K, committed 506304K, reserved 1507328K
  class space    used 63324K, committed 65472K, reserved 1048576K
}
Event: 1021.981 GC heap after
{Heap after GC invocations=164 (full 0):
 garbage-first heap   total 2805760K, used 2143993K [0x0000000700000000, 0x0000000800000000)
  region size 2048K, 21 young (43008K), 21 survivors (43008K)
 Metaspace       used 501773K, committed 506304K, reserved 1507328K
  class space    used 63324K, committed 65472K, reserved 1048576K
}
Event: 1022.386 GC heap before
{Heap before GC invocations=164 (full 0):
 garbage-first heap   total 2805760K, used 2463481K [0x0000000700000000, 0x0000000800000000)
  region size 2048K, 166 young (339968K), 21 survivors (43008K)
 Metaspace       used 503909K, committed 508416K, reserved 1507328K
  class space    used 63559K, committed 65728K, reserved 1048576K
}
Event: 1022.419 GC heap after
{Heap after GC invocations=165 (full 0):
 garbage-first heap   total 2805760K, used 2225709K [0x0000000700000000, 0x0000000800000000)
  region size 2048K, 21 young (43008K), 21 survivors (43008K)
 Metaspace       used 503909K, committed 508416K, reserved 1507328K
  class space    used 63559K, committed 65728K, reserved 1048576K
}
Event: 1022.924 GC heap before
{Heap before GC invocations=165 (full 0):
 garbage-first heap   total 2805760K, used 2422316K [0x0000000700000000, 0x0000000800000000)
  region size 2048K, 118 young (241664K), 21 survivors (43008K)
 Metaspace       used 504685K, committed 509248K, reserved 1507328K
  class space    used 63611K, committed 65792K, reserved 1048576K
}
Event: 1022.963 GC heap after
{Heap after GC invocations=166 (full 0):
 garbage-first heap   total 2805760K, used 2235314K [0x0000000700000000, 0x0000000800000000)
  region size 2048K, 15 young (30720K), 15 survivors (30720K)
 Metaspace       used 504685K, committed 509248K, reserved 1507328K
  class space    used 63611K, committed 65792K, reserved 1048576K
}

Dll operation events (18 events):
Event: 0.001 Loaded shared library /nix/store/j5n2kxk19rgrrkb5z1w310sy7dkvlhgj-openjdk-headless-17.0.20.1+1/lib/openjdk/lib/libjava.so
Event: 0.013 Loaded shared library /nix/store/j5n2kxk19rgrrkb5z1w310sy7dkvlhgj-openjdk-headless-17.0.20.1+1/lib/openjdk/lib/libjsvml.so
Event: 0.040 Loaded shared library /nix/store/j5n2kxk19rgrrkb5z1w310sy7dkvlhgj-openjdk-headless-17.0.20.1+1/lib/openjdk/lib/libzip.so
Event: 0.040 Loaded shared library /nix/store/j5n2kxk19rgrrkb5z1w310sy7dkvlhgj-openjdk-headless-17.0.20.1+1/lib/openjdk/lib/libinstrument.so
Event: 0.041 Loaded shared library /nix/store/j5n2kxk19rgrrkb5z1w310sy7dkvlhgj-openjdk-headless-17.0.20.1+1/lib/openjdk/lib/libnio.so
Event: 0.042 Loaded shared library /nix/store/j5n2kxk19rgrrkb5z1w310sy7dkvlhgj-openjdk-headless-17.0.20.1+1/lib/openjdk/lib/libzip.so
Event: 0.121 Loaded shared library /nix/store/j5n2kxk19rgrrkb5z1w310sy7dkvlhgj-openjdk-headless-17.0.20.1+1/lib/openjdk/lib/libjimage.so
Event: 0.172 Loaded shared library /nix/store/j5n2kxk19rgrrkb5z1w310sy7dkvlhgj-openjdk-headless-17.0.20.1+1/lib/openjdk/lib/libverify.so
Event: 0.203 Loaded shared library /nix/store/j5n2kxk19rgrrkb5z1w310sy7dkvlhgj-openjdk-headless-17.0.20.1+1/lib/openjdk/lib/libnet.so
Event: 0.204 Loaded shared library /home/costeer/.gradle/native/1def1411415f61bf3af743bc5b6707747c0891f09f0c88961ee8f79bc544acac/linux-amd64/libnative-platform.so
Event: 0.211 Loaded shared library /home/costeer/.gradle/native/0.2.7/x86_64-linux-gnu/libgradle-fileevents.so
Event: 0.522 Loaded shared library /nix/store/j5n2kxk19rgrrkb5z1w310sy7dkvlhgj-openjdk-headless-17.0.20.1+1/lib/openjdk/lib/libmanagement.so
Event: 0.523 Loaded shared library /nix/store/j5n2kxk19rgrrkb5z1w310sy7dkvlhgj-openjdk-headless-17.0.20.1+1/lib/openjdk/lib/libmanagement_ext.so
Event: 0.557 Loaded shared library /nix/store/j5n2kxk19rgrrkb5z1w310sy7dkvlhgj-openjdk-headless-17.0.20.1+1/lib/openjdk/lib/libextnet.so
Event: 60.375 Loaded shared library /nix/store/j5n2kxk19rgrrkb5z1w310sy7dkvlhgj-openjdk-headless-17.0.20.1+1/lib/openjdk/lib/librmi.so
Event: 986.117 Loaded shared library /nix/store/j5n2kxk19rgrrkb5z1w310sy7dkvlhgj-openjdk-headless-17.0.20.1+1/lib/openjdk/lib/libawt.so
Event: 986.117 Loaded shared library /nix/store/j5n2kxk19rgrrkb5z1w310sy7dkvlhgj-openjdk-headless-17.0.20.1+1/lib/openjdk/lib/libawt_headless.so
Event: 995.477 Loaded shared library /tmp/sqlite-3.50.3.0-7766791d-5c09-4053-af25-b5b049c26604-libsqlitejdbc.so

Deoptimization events (20 events):
Event: 1023.177 Thread 0x00007e85a86d80a0 DEOPT PACKING pc=0x00007e869198c907 sp=0x00007e849adfd3f0
Event: 1023.177 Thread 0x00007e85a86d80a0 DEOPT UNPACKING pc=0x00007e868c98de2f sp=0x00007e849adfc928 mode 0
Event: 1023.178 Thread 0x00007e85a86d80a0 DEOPT PACKING pc=0x00007e869198c907 sp=0x00007e849adfd3f0
Event: 1023.178 Thread 0x00007e85a86d80a0 DEOPT UNPACKING pc=0x00007e868c98de2f sp=0x00007e849adfc928 mode 0
Event: 1023.178 Thread 0x00007e85a86d80a0 DEOPT PACKING pc=0x00007e869198c907 sp=0x00007e849adfd3f0
Event: 1023.178 Thread 0x00007e85a86d80a0 DEOPT UNPACKING pc=0x00007e868c98de2f sp=0x00007e849adfc928 mode 0
Event: 1023.178 Thread 0x00007e85a86d80a0 DEOPT PACKING pc=0x00007e869198c907 sp=0x00007e849adfd3f0
Event: 1023.178 Thread 0x00007e85a86d80a0 DEOPT UNPACKING pc=0x00007e868c98de2f sp=0x00007e849adfc928 mode 0
Event: 1023.185 Thread 0x00007e85a86d80a0 DEOPT PACKING pc=0x00007e869198c907 sp=0x00007e849adfd3f0
Event: 1023.185 Thread 0x00007e85a86d80a0 DEOPT UNPACKING pc=0x00007e868c98de2f sp=0x00007e849adfc928 mode 0
Event: 1023.185 Thread 0x00007e85a86d80a0 DEOPT PACKING pc=0x00007e869198c907 sp=0x00007e849adfd3f0
Event: 1023.185 Thread 0x00007e85a86d80a0 DEOPT UNPACKING pc=0x00007e868c98de2f sp=0x00007e849adfc928 mode 0
Event: 1023.185 Thread 0x00007e85a86d80a0 DEOPT PACKING pc=0x00007e869198c907 sp=0x00007e849adfd3f0
Event: 1023.185 Thread 0x00007e85a86d80a0 DEOPT UNPACKING pc=0x00007e868c98de2f sp=0x00007e849adfc928 mode 0
Event: 1023.189 Thread 0x00007e85a86d80a0 DEOPT PACKING pc=0x00007e869198c907 sp=0x00007e849adfd3f0
Event: 1023.189 Thread 0x00007e85a86d80a0 DEOPT UNPACKING pc=0x00007e868c98de2f sp=0x00007e849adfc928 mode 0
Event: 1023.190 Thread 0x00007e85a86d80a0 DEOPT PACKING pc=0x00007e869198c907 sp=0x00007e849adfd3f0
Event: 1023.190 Thread 0x00007e85a86d80a0 DEOPT UNPACKING pc=0x00007e868c98de2f sp=0x00007e849adfc928 mode 0
Event: 1023.192 Thread 0x00007e85a86d80a0 DEOPT PACKING pc=0x00007e869198c907 sp=0x00007e849adfd3f0
Event: 1023.192 Thread 0x00007e85a86d80a0 DEOPT UNPACKING pc=0x00007e868c98de2f sp=0x00007e849adfc928 mode 0

Classes loaded (20 events):
Event: 1009.041 Loading class java/util/ImmutableCollections$Access$1
Event: 1009.041 Loading class jdk/internal/access/JavaUtilCollectionAccess
Event: 1009.041 Loading class jdk/internal/access/JavaUtilCollectionAccess done
Event: 1009.041 Loading class java/util/ImmutableCollections$Access$1 done
Event: 1009.231 Loading class java/text/BreakIterator
Event: 1009.231 Loading class java/text/BreakIterator done
Event: 1009.316 Loading class java/nio/file/attribute/UserPrincipalLookupService
Event: 1009.317 Loading class java/nio/file/attribute/UserPrincipalLookupService done
Event: 1009.682 Loading class sun/awt/AppContext$PostShutdownEventRunnable
Event: 1009.682 Loading class sun/awt/AppContext$PostShutdownEventRunnable done
Event: 1009.682 Loading class sun/awt/AWTAutoShutdown$1
Event: 1009.682 Loading class sun/awt/AWTAutoShutdown$1 done
Event: 1009.688 Loading class java/nio/file/FileSystemLoopException
Event: 1009.688 Loading class java/nio/file/FileSystemLoopException done
Event: 1011.514 Loading class java/util/jar/JarInputStream
Event: 1011.515 Loading class java/util/jar/JarInputStream done
Event: 1018.318 Loading class java/security/spec/ECPublicKeySpec
Event: 1018.318 Loading class java/security/spec/ECPublicKeySpec done
Event: 1022.611 Loading class java/lang/Throwable$WrappedPrintWriter
Event: 1022.611 Loading class java/lang/Throwable$WrappedPrintWriter done

Classes unloaded (20 events):
Event: 985.866 Thread 0x00007e869c186040 Unloading class 0x00007e862673cc00 'java/lang/invoke/LambdaForm$DMH+0x00007e862673cc00'
Event: 985.866 Thread 0x00007e869c186040 Unloading class 0x00007e8626728c00 'jdk/internal/reflect/GeneratedSerializationConstructorAccessor531'
Event: 985.866 Thread 0x00007e869c186040 Unloading class 0x00007e8626728800 'jdk/internal/reflect/GeneratedSerializationConstructorAccessor530'
Event: 985.866 Thread 0x00007e869c186040 Unloading class 0x00007e8626729400 'jdk/internal/reflect/GeneratedSerializationConstructorAccessor527'
Event: 985.866 Thread 0x00007e869c186040 Unloading class 0x00007e8626728400 'jdk/internal/reflect/GeneratedSerializationConstructorAccessor529'
Event: 985.866 Thread 0x00007e869c186040 Unloading class 0x00007e8626729000 'jdk/internal/reflect/GeneratedSerializationConstructorAccessor528'
Event: 985.866 Thread 0x00007e869c186040 Unloading class 0x00007e8626728000 'jdk/internal/reflect/GeneratedSerializationConstructorAccessor526'
Event: 985.866 Thread 0x00007e869c186040 Unloading class 0x00007e8626720800 'jdk/internal/reflect/GeneratedSerializationConstructorAccessor524'
Event: 985.866 Thread 0x00007e869c186040 Unloading class 0x00007e8626714400 'jdk/internal/reflect/GeneratedSerializationConstructorAccessor521'
Event: 985.866 Thread 0x00007e869c186040 Unloading class 0x00007e8625f9c800 'jdk/internal/reflect/GeneratedSerializationConstructorAccessor432'
Event: 985.866 Thread 0x00007e869c186040 Unloading class 0x00007e8625f9c400 'jdk/internal/reflect/GeneratedSerializationConstructorAccessor430'
Event: 985.866 Thread 0x00007e869c186040 Unloading class 0x00007e8625f60000 'java/lang/invoke/LambdaForm$DMH+0x00007e8625f60000'
Event: 985.867 Thread 0x00007e869c186040 Unloading class 0x00007e8625cf0800 'java/lang/invoke/LambdaForm$DMH+0x00007e8625cf0800'
Event: 985.867 Thread 0x00007e869c186040 Unloading class 0x00007e8625cf0400 'java/lang/invoke/LambdaForm$DMH+0x00007e8625cf0400'
Event: 985.867 Thread 0x00007e869c186040 Unloading class 0x00007e8625ce4400 'java/lang/invoke/LambdaForm$DMH+0x00007e8625ce4400'
Event: 985.867 Thread 0x00007e869c186040 Unloading class 0x00007e8625ce4800 'java/lang/invoke/LambdaForm$DMH+0x00007e8625ce4800'
Event: 985.867 Thread 0x00007e869c186040 Unloading class 0x00007e8625bac800 'java/lang/invoke/LambdaForm$DMH+0x00007e8625bac800'
Event: 985.867 Thread 0x00007e869c186040 Unloading class 0x00007e8625bac000 'java/lang/invoke/LambdaForm$DMH+0x00007e8625bac000'
Event: 985.867 Thread 0x00007e869c186040 Unloading class 0x00007e8625b54000 'java/lang/invoke/LambdaForm$DMH+0x00007e8625b54000'
Event: 985.867 Thread 0x00007e869c186040 Unloading class 0x00007e8625b54800 'java/lang/invoke/LambdaForm$DMH+0x00007e8625b54800'

Classes redefined (0 events):
No events

Internal exceptions (20 events):
Event: 1021.540 Thread 0x00007e85a4032000 Exception <a 'sun/nio/fs/UnixException'{0x00000007a10b3ef8}> (0x00000007a10b3ef8) 
thrown [src/hotspot/share/prims/jni.cpp, line 516]
Event: 1021.541 Thread 0x00007e85a4032000 Exception <a 'sun/nio/fs/UnixException'{0x00000007a10bd1a8}> (0x00000007a10bd1a8) 
thrown [src/hotspot/share/prims/jni.cpp, line 516]
Event: 1021.692 Thread 0x00007e850450b3b0 Exception <a 'sun/nio/fs/UnixException'{0x000000079c9ba998}> (0x000000079c9ba998) 
thrown [src/hotspot/share/prims/jni.cpp, line 516]
Event: 1021.934 Thread 0x00007e85a402ff90 Exception <a 'java/lang/NoSuchMethodError'{0x0000000796536758}: static Lcom/android/build/gradle/internal/tasks/DexArchiveBuilderTaskDelegate$ClasspathServiceKey;.<clinit>()V> (0x0000000796536758) 
thrown [src/hotspot/share/prims/jni.cpp, line 1112]
Event: 1021.989 Thread 0x00007e866800f0e0 Exception <a 'sun/nio/fs/UnixException'{0x00000007aaab4080}> (0x00000007aaab4080) 
thrown [src/hotspot/share/prims/jni.cpp, line 516]
Event: 1021.989 Thread 0x00007e866800f0e0 Exception <a 'sun/nio/fs/UnixException'{0x00000007aaab4b00}> (0x00000007aaab4b00) 
thrown [src/hotspot/share/prims/jni.cpp, line 516]
Event: 1021.989 Thread 0x00007e866800f0e0 Exception <a 'sun/nio/fs/UnixException'{0x00000007aaab5560}> (0x00000007aaab5560) 
thrown [src/hotspot/share/prims/jni.cpp, line 516]
Event: 1021.989 Thread 0x00007e866800f0e0 Exception <a 'sun/nio/fs/UnixException'{0x00000007aaab5fa0}> (0x00000007aaab5fa0) 
thrown [src/hotspot/share/prims/jni.cpp, line 516]
Event: 1022.036 Thread 0x00007e85a86d80a0 Exception <a 'sun/nio/fs/UnixException'{0x00000007a8780730}> (0x00000007a8780730) 
thrown [src/hotspot/share/prims/jni.cpp, line 516]
Event: 1022.037 Thread 0x00007e85a86d80a0 Exception <a 'sun/nio/fs/UnixException'{0x00000007a87c7718}> (0x00000007a87c7718) 
thrown [src/hotspot/share/prims/jni.cpp, line 516]
Event: 1022.087 Thread 0x00007e8590013480 Exception <a 'sun/nio/fs/UnixException'{0x00000007a646af30}> (0x00000007a646af30) 
thrown [src/hotspot/share/prims/jni.cpp, line 516]
Event: 1022.134 Thread 0x00007e85b3e9ea70 Exception <a 'java/io/IOException'{0x00000007a4436fc8}> (0x00000007a4436fc8) 
thrown [src/hotspot/share/prims/jni.cpp, line 516]
Event: 1022.260 Thread 0x00007e866800f0e0 Exception <a 'sun/nio/fs/UnixException'{0x000000079d617600}> (0x000000079d617600) 
thrown [src/hotspot/share/prims/jni.cpp, line 516]
Event: 1022.295 Thread 0x00007e866800f0e0 Exception <a 'sun/nio/fs/UnixException'{0x000000079c702408}> (0x000000079c702408) 
thrown [src/hotspot/share/prims/jni.cpp, line 516]
Event: 1022.344 Thread 0x00007e85a4032000 Exception <a 'sun/nio/fs/UnixException'{0x000000079a949048}> (0x000000079a949048) 
thrown [src/hotspot/share/prims/jni.cpp, line 516]
Event: 1022.346 Thread 0x00007e85a4032000 Exception <a 'java/lang/NoSuchMethodError'{0x000000079a969ca8}: static Lcom/android/build/gradle/internal/tasks/MergeJavaResWorkAction$SourcedInput;.<clinit>()V> (0x000000079a969ca8) 
thrown [src/hotspot/share/prims/jni.cpp, line 1112]
Event: 1022.348 Thread 0x00007e85a86d80a0 Exception <a 'sun/nio/fs/UnixException'{0x000000079a1ea7f8}> (0x000000079a1ea7f8) 
thrown [src/hotspot/share/prims/jni.cpp, line 516]
Event: 1022.509 Thread 0x00007e85a402d6f0 Exception <a 'sun/nio/fs/UnixException'{0x00000007a88d4fd0}> (0x00000007a88d4fd0) 
thrown [src/hotspot/share/prims/jni.cpp, line 516]
Event: 1022.563 Thread 0x00007e8598046fc0 Exception <a 'sun/nio/fs/UnixException'{0x00000007a6563ad0}> (0x00000007a6563ad0) 
thrown [src/hotspot/share/prims/jni.cpp, line 516]
Event: 1022.609 Thread 0x00007e85a402d6f0 Exception <a 'java/lang/reflect/InvocationTargetException'{0x00000007a793e9c0}> (0x00000007a793e9c0) 
thrown [src/hotspot/share/runtime/reflection.cpp, line 1126]

VM Operations (20 events):
Event: 1020.782 Executing VM operation: G1CollectForAllocation
Event: 1020.801 Executing VM operation: G1CollectForAllocation done
Event: 1021.114 Executing VM operation: G1CollectForAllocation
Event: 1021.128 Executing VM operation: G1CollectForAllocation done
Event: 1021.431 Executing VM operation: G1CollectForAllocation
Event: 1021.458 Executing VM operation: G1CollectForAllocation done
Event: 1021.769 Executing VM operation: HandshakeAllThreads
Event: 1021.771 Executing VM operation: HandshakeAllThreads done
Event: 1021.953 Executing VM operation: G1CollectForAllocation
Event: 1021.984 Executing VM operation: G1CollectForAllocation done
Event: 1022.384 Executing VM operation: G1CollectForAllocation
Event: 1022.420 Executing VM operation: G1CollectForAllocation done
Event: 1022.923 Executing VM operation: G1CollectForAllocation
Event: 1022.924 Executing VM operation: G1CollectForAllocation done
Event: 1022.924 Executing VM operation: G1CollectForAllocation
Event: 1022.966 Executing VM operation: G1CollectForAllocation done
Event: 1023.110 Executing VM operation: HandshakeAllThreads
Event: 1023.113 Executing VM operation: HandshakeAllThreads done
Event: 1023.429 Executing VM operation: HandshakeAllThreads
Event: 1023.433 Executing VM operation: HandshakeAllThreads done

Memory protections (20 events):
Event: 1012.450 Protecting memory [0x00007e847e100000,0x00007e847e104000] with protection modes 0
Event: 1012.934 Protecting memory [0x00007e847e000000,0x00007e847e004000] with protection modes 0
Event: 1012.948 Protecting memory [0x00007e8479f00000,0x00007e8479f04000] with protection modes 0
Event: 1013.758 Protecting memory [0x00007e8484100000,0x00007e8484104000] with protection modes 0
Event: 1013.775 Protecting memory [0x00007e8479e00000,0x00007e8479e04000] with protection modes 0
Event: 1013.788 Protecting memory [0x00007e8479d00000,0x00007e8479d04000] with protection modes 0
Event: 1014.342 Protecting memory [0x00007e8484100000,0x00007e8484104000] with protection modes 0
Event: 1014.352 Protecting memory [0x00007e8479c00000,0x00007e8479c04000] with protection modes 0
Event: 1014.355 Protecting memory [0x00007e8479b00000,0x00007e8479b04000] with protection modes 0
Event: 1014.365 Protecting memory [0x00007e8479a00000,0x00007e8479a04000] with protection modes 0
Event: 1014.492 Protecting memory [0x00007e8479900000,0x00007e8479904000] with protection modes 0
Event: 1014.512 Protecting memory [0x00007e8479800000,0x00007e8479804000] with protection modes 0
Event: 1014.784 Protecting memory [0x00007e8479700000,0x00007e8479704000] with protection modes 0
Event: 1014.811 Protecting memory [0x00007e8479600000,0x00007e8479604000] with protection modes 0
Event: 1015.544 Protecting memory [0x00007e8479500000,0x00007e8479504000] with protection modes 0
Event: 1017.522 Protecting memory [0x00007e8479d00000,0x00007e8479d04000] with protection modes 0
Event: 1017.528 Protecting memory [0x00007e8479400000,0x00007e8479404000] with protection modes 0
Event: 1021.868 Protecting memory [0x00007e8479400000,0x00007e8479404000] with protection modes 0
Event: 1022.302 Protecting memory [0x00007e8479d00000,0x00007e8479d04000] with protection modes 0
Event: 1022.740 Protecting memory [0x00007e847867a000,0x00007e847867e000] with protection modes 0

Nmethod flushes (20 events):
Event: 1015.216 Thread 0x00007e869c19f510 flushing  nmethod 0x00007e868c489f90
Event: 1015.216 Thread 0x00007e869c19f510 flushing  nmethod 0x00007e868c4e8090
Event: 1015.216 Thread 0x00007e869c19f510 flushing  nmethod 0x00007e868c516b10
Event: 1015.217 Thread 0x00007e869c19f510 flushing  nmethod 0x00007e868c624e10
Event: 1015.220 Thread 0x00007e869c19f510 flushing  nmethod 0x00007e868c634b90
Event: 1020.331 Thread 0x00007e869c19f510 flushing  nmethod 0x00007e868deb6a10
Event: 1020.342 Thread 0x00007e869c19f510 flushing  nmethod 0x00007e868e7d3610
Event: 1020.369 Thread 0x00007e869c19f510 flushing  nmethod 0x00007e8690394510
Event: 1020.378 Thread 0x00007e869c19f510 flushing  nmethod 0x00007e86909f8710
Event: 1020.391 Thread 0x00007e869c19f510 flushing  nmethod 0x00007e8691549290
Event: 1020.394 Thread 0x00007e869c19f510 flushing  nmethod 0x00007e869165b990
Event: 1020.395 Thread 0x00007e869c19f510 flushing  nmethod 0x00007e8691921910
Event: 1020.422 Thread 0x00007e869c19f510 flushing  nmethod 0x00007e8685f26390
Event: 1020.526 Thread 0x00007e869c19f510 flushing  nmethod 0x00007e86898c7310
Event: 1020.565 Thread 0x00007e869c19f510 flushing  nmethod 0x00007e868af1eb90
Event: 1020.580 Thread 0x00007e869c19f510 flushing  nmethod 0x00007e868b8c1c10
Event: 1020.580 Thread 0x00007e869c19f510 flushing  nmethod 0x00007e868b965790
Event: 1020.600 Thread 0x00007e869c19f510 flushing  nmethod 0x00007e868c29c910
Event: 1020.608 Thread 0x00007e869c19f510 flushing  nmethod 0x00007e868c4e1190
Event: 1020.612 Thread 0x00007e869c19f510 flushing  nmethod 0x00007e868c6ef910

Events (20 events):
Event: 1013.775 Thread 0x00007e85f0034a30 Thread added: 0x00007e84e4ac0cb0
Event: 1013.788 Thread 0x00007e85a402d6f0 Thread added: 0x00007e85bc05a600
Event: 1014.223 Thread 0x00007e85f4d80ae0 Thread exited: 0x00007e85f4d80ae0
Event: 1014.341 Thread 0x00007e85c000b740 Thread added: 0x00007e8668024840
Event: 1014.350 Thread 0x00007e85bc00e170 Thread added: 0x00007e85e803ba60
Event: 1014.355 Thread 0x00007e85f0034a30 Thread added: 0x00007e84e42ad9b0
Event: 1014.365 Thread 0x00007e85f0034a30 Thread added: 0x00007e84e474b630
Event: 1014.491 Thread 0x00007e85c000a1f0 Thread added: 0x00007e8604770e30
Event: 1014.512 Thread 0x00007e85f0034a30 Thread added: 0x00007e84e48bdef0
Event: 1014.784 Thread 0x00007e85c400c2a0 Thread added: 0x00007e85f4d80ae0
Event: 1014.811 Thread 0x00007e85f0034a30 Thread added: 0x00007e84e43781a0
Event: 1015.544 Thread 0x00007e85f0034a30 Thread added: 0x00007e84e4b70390
Event: 1015.788 Thread 0x00007e85bc05a600 Thread exited: 0x00007e85bc05a600
Event: 1017.522 Thread 0x00007e85cc075fa0 Thread added: 0x00007e8504101e30
Event: 1017.528 Thread 0x00007e85cc075fa0 Thread added: 0x00007e85046eb750
Event: 1017.869 Thread 0x00007e8504101e30 Thread exited: 0x00007e8504101e30
Event: 1017.871 Thread 0x00007e85046eb750 Thread exited: 0x00007e85046eb750
Event: 1021.868 Thread 0x00007e85c000b740 Thread added: 0x00007e866800f0e0
Event: 1022.302 Thread 0x00007e866800f0e0 Thread added: 0x00007e85e019edf0
Event: 1022.737 Thread 0x00007e85f0034a30 Thread added: 0x00007e84e5124530


Dynamic libraries:
700000000-7ab000000 rw-p 00000000 00:00 0 
7ab000000-7ffc00000 ---p 00000000 00:00 0 
7ffc00000-7ffd00000 rw-p 00000000 00:00 0 
7ffd00000-7ffd75000 rw-p 00c77000 103:04 12327881                        /nix/store/j5n2kxk19rgrrkb5z1w310sy7dkvlhgj-openjdk-headless-17.0.20.1+1/lib/openjdk/lib/server/classes.jsa
7ffd75000-7ffe00000 rw-p 00000000 00:00 0 
7ffe00000-7ffe78000 rw-p 00bff000 103:04 12327881                        /nix/store/j5n2kxk19rgrrkb5z1w310sy7dkvlhgj-openjdk-headless-17.0.20.1+1/lib/openjdk/lib/server/classes.jsa
7ffe78000-800000000 rw-p 00000000 00:00 0 
5fc231db1000-5fc231db2000 r--p 00000000 103:04 11945825                  /nix/store/j5n2kxk19rgrrkb5z1w310sy7dkvlhgj-openjdk-headless-17.0.20.1+1/lib/openjdk/bin/java
5fc231db2000-5fc231db3000 r-xp 00001000 103:04 11945825                  /nix/store/j5n2kxk19rgrrkb5z1w310sy7dkvlhgj-openjdk-headless-17.0.20.1+1/lib/openjdk/bin/java
5fc231db3000-5fc231db4000 r--p 00002000 103:04 11945825                  /nix/store/j5n2kxk19rgrrkb5z1w310sy7dkvlhgj-openjdk-headless-17.0.20.1+1/lib/openjdk/bin/java
5fc231db4000-5fc231db5000 r--p 00002000 103:04 11945825                  /nix/store/j5n2kxk19rgrrkb5z1w310sy7dkvlhgj-openjdk-headless-17.0.20.1+1/lib/openjdk/bin/java
5fc231db5000-5fc231db8000 rw-p 00003000 103:04 11945825                  /nix/store/j5n2kxk19rgrrkb5z1w310sy7dkvlhgj-openjdk-headless-17.0.20.1+1/lib/openjdk/bin/java
5fc23bcb9000-5fc23c2d3000 rw-p 00000000 00:00 0                          [heap]
7e847867a000-7e847867e000 ---p 00000000 00:00 0 
7e847867e000-7e847877a000 rw-p 00000000 00:00 0 
7e847877a000-7e8479400000 rw-p 00000000 00:00 0 
7e8479400000-7e8479404000 ---p 00000000 00:00 0 
7e8479404000-7e8479500000 rw-p 00000000 00:00 0 
7e8479500000-7e8479504000 ---p 00000000 00:00 0 
7e8479504000-7e8479600000 rw-p 00000000 00:00 0 
7e8479600000-7e8479604000 ---p 00000000 00:00 0 
7e8479604000-7e8479700000 rw-p 00000000 00:00 0 
7e8479700000-7e8479704000 ---p 00000000 00:00 0 
7e8479704000-7e8479800000 rw-p 00000000 00:00 0 
7e8479800000-7e8479804000 ---p 00000000 00:00 0 
7e8479804000-7e8479900000 rw-p 00000000 00:00 0 
7e8479900000-7e8479904000 ---p 00000000 00:00 0 
7e8479904000-7e8479a00000 rw-p 00000000 00:00 0 
7e8479a00000-7e8479a04000 ---p 00000000 00:00 0 
7e8479a04000-7e8479b00000 rw-p 00000000 00:00 0 
7e8479b00000-7e8479b04000 ---p 00000000 00:00 0 
7e8479b04000-7e8479c00000 rw-p 00000000 00:00 0 
7e8479c00000-7e8479c04000 ---p 00000000 00:00 0 
7e8479c04000-7e8479d00000 rw-p 00000000 00:00 0 
7e8479d00000-7e8479d04000 ---p 00000000 00:00 0 
7e8479d04000-7e8479e00000 rw-p 00000000 00:00 0 
7e8479e00000-7e8479e04000 ---p 00000000 00:00 0 
7e8479e04000-7e8479f00000 rw-p 00000000 00:00 0 
7e8479f00000-7e8479f04000 ---p 00000000 00:00 0 
7e8479f04000-7e847a000000 rw-p 00000000 00:00 0 
7e847a000000-7e847c8c0000 rw-p 00000000 00:00 0 
7e847c8c0000-7e847c920000 rw-p 00000000 00:00 0 
7e847c920000-7e847d250000 rw-p 00000000 00:00 0 
7e847d250000-7e847e000000 ---p 00000000 00:00 0 
7e847e000000-7e847e004000 ---p 00000000 00:00 0 
7e847e004000-7e847e100000 rw-p 00000000 00:00 0 
7e847e100000-7e847e104000 ---p 00000000 00:00 0 
7e847e104000-7e847e200000 rw-p 00000000 00:00 0 
7e847e200000-7e847e204000 ---p 00000000 00:00 0 
7e847e204000-7e847e300000 rw-p 00000000 00:00 0 
7e847e300000-7e847e304000 ---p 00000000 00:00 0 
7e847e304000-7e847e400000 rw-p 00000000 00:00 0 
7e847e400000-7e847e404000 ---p 00000000 00:00 0 
7e847e404000-7e847e500000 rw-p 00000000 00:00 0 
7e847e500000-7e847e504000 ---p 00000000 00:00 0 
7e847e504000-7e847e600000 rw-p 00000000 00:00 0 
7e847e600000-7e847e604000 ---p 00000000 00:00 0 
7e847e604000-7e847e700000 rw-p 00000000 00:00 0 
7e847e700000-7e847e704000 ---p 00000000 00:00 0 
7e847e704000-7e847e800000 rw-p 00000000 00:00 0 
7e847e800000-7e847e804000 ---p 00000000 00:00 0 
7e847e804000-7e847e900000 rw-p 00000000 00:00 0 
7e847e900000-7e847e904000 ---p 00000000 00:00 0 
7e847e904000-7e847ea00000 rw-p 00000000 00:00 0 
7e847ea00000-7e847ea04000 ---p 00000000 00:00 0 
7e847ea04000-7e847eb00000 rw-p 00000000 00:00 0 
7e847eb00000-7e847eb04000 ---p 00000000 00:00 0 
7e847eb04000-7e847ec00000 rw-p 00000000 00:00 0 
7e847ec00000-7e847ec04000 ---p 00000000 00:00 0 
7e847ec04000-7e847ed00000 rw-p 00000000 00:00 0 
7e847ed00000-7e847ed04000 ---p 00000000 00:00 0 
7e847ed04000-7e847ee00000 rw-p 00000000 00:00 0 
7e847ee00000-7e847ee04000 ---p 00000000 00:00 0 
7e847ee04000-7e847ef00000 rw-p 00000000 00:00 0 
7e847ef00000-7e847ef04000 ---p 00000000 00:00 0 
7e847ef04000-7e847f000000 rw-p 00000000 00:00 0 
7e847f000000-7e847f004000 ---p 00000000 00:00 0 
7e847f004000-7e847f100000 rw-p 00000000 00:00 0 
7e847f100000-7e847f104000 ---p 00000000 00:00 0 
7e847f104000-7e847f200000 rw-p 00000000 00:00 0 
7e847f200000-7e847f204000 ---p 00000000 00:00 0 
7e847f204000-7e847f300000 rw-p 00000000 00:00 0 
7e847f300000-7e847f304000 ---p 00000000 00:00 0 
7e847f304000-7e847f400000 rw-p 00000000 00:00 0 
7e847f400000-7e847f404000 ---p 00000000 00:00 0 
7e847f404000-7e847f500000 rw-p 00000000 00:00 0 
7e847f500000-7e847f504000 ---p 00000000 00:00 0 
7e847f504000-7e847f600000 rw-p 00000000 00:00 0 
7e847f600000-7e847f604000 ---p 00000000 00:00 0 
7e847f604000-7e847f700000 rw-p 00000000 00:00 0 
7e847f700000-7e847f704000 ---p 00000000 00:00 0 
7e847f704000-7e847f800000 rw-p 00000000 00:00 0 
7e847f800000-7e847f804000 ---p 00000000 00:00 0 
7e847f804000-7e847f900000 rw-p 00000000 00:00 0 
7e847f900000-7e847f904000 ---p 00000000 00:00 0 
7e847f904000-7e847fa00000 rw-p 00000000 00:00 0 
7e847fa00000-7e847fa04000 ---p 00000000 00:00 0 
7e847fa04000-7e847fb00000 rw-p 00000000 00:00 0 
7e847fb00000-7e847fb04000 ---p 00000000 00:00 0 
7e847fb04000-7e847fc00000 rw-p 00000000 00:00 0 
7e847fc00000-7e847fc04000 ---p 00000000 00:00 0 
7e847fc04000-7e847fd00000 rw-p 00000000 00:00 0 
7e847fd00000-7e847fd04000 ---p 00000000 00:00 0 
7e847fd04000-7e847fe00000 rw-p 00000000 00:00 0 
7e847fe00000-7e847fe04000 ---p 00000000 00:00 0 
7e847fe04000-7e847ff00000 rw-p 00000000 00:00 0 
7e847ff00000-7e847ff04000 ---p 00000000 00:00 0 
7e847ff04000-7e8480000000 rw-p 00000000 00:00 0 
7e8480000000-7e8481160000 rw-p 00000000 00:00 0 
7e8481160000-7e8484000000 rw-p 00000000 00:00 0 
7e8484000000-7e8484004000 ---p 00000000 00:00 0 
7e8484004000-7e8484100000 rw-p 00000000 00:00 0 
7e8484100000-7e8484104000 ---p 00000000 00:00 0 
7e8484104000-7e8484200000 rw-p 00000000 00:00 0 
7e8484200000-7e8484204000 ---p 00000000 00:00 0 
7e8484204000-7e8484300000 rw-p 00000000 00:00 0 
7e8484300000-7e8484304000 ---p 00000000 00:00 0 
7e8484304000-7e8484400000 rw-p 00000000 00:00 0 
7e8484400000-7e848bfec000 r--s 00000000 103:04 12327755                  /nix/store/j5n2kxk19rgrrkb5z1w310sy7dkvlhgj-openjdk-headless-17.0.20.1+1/lib/openjdk/lib/modules
7e848c000000-7e848c4c0000 rw-p 00000000 00:00 0 
7e848c4c0000-7e848fb00000 rw-p 00000000 00:00 0 
7e848fb00000-7e848fb60000 rw-p 00000000 00:00 0 
7e848fb60000-7e848fc00000 ---p 00000000 00:00 0 
7e848fc00000-7e8490000000 rw-p 00000000 00:00 0 
7e8490000000-7e84903fb000 rw-p 00000000 00:00 0 
7e84903fb000-7e8494004000 ---p 00000000 00:00 0 
7e8494004000-7e8494100000 rw-p 00000000 00:00 0 
7e8494100000-7e8494104000 ---p 00000000 00:00 0 
7e8494104000-7e8494200000 rw-p 00000000 00:00 0 
7e8494200000-7e84942fe000 r-xp 00000000 103:04 21678                     /tmp/sqlite-3.50.3.0-7766791d-5c09-4053-af25-b5b049c26604-libsqlitejdbc.so
7e84942fe000-7e84944fe000 ---p 000fe000 103:04 21678                     /tmp/sqlite-3.50.3.0-7766791d-5c09-4053-af25-b5b049c26604-libsqlitejdbc.so
7e84944fe000-7e8494506000 rw-p 000fe000 103:04 21678                     /tmp/sqlite-3.50.3.0-7766791d-5c09-4053-af25-b5b049c26604-libsqlitejdbc.so
7e8494600000-7e8494604000 ---p 00000000 00:00 0 
7e8494604000-7e8494700000 rw-p 00000000 00:00 0 
7e8494700000-7e8494704000 ---p 00000000 00:00 0 
7e8494704000-7e8494800000 rw-p 00000000 00:00 0 
7e8494800000-7e8494804000 ---p 00000000 00:00 0 
7e8494804000-7e8494900000 rw-p 00000000 00:00 0 
7e8494900000-7e8494904000 ---p 00000000 00:00 0 
7e8494904000-7e8494a00000 rw-p 00000000 00:00 0 
7e8494a00000-7e8494a04000 ---p 00000000 00:00 0 
7e8494a04000-7e8494b00000 rw-p 00000000 00:00 0 
7e8494b00000-7e8494b04000 ---p 00000000 00:00 0 
7e8494b04000-7e8494c00000 rw-p 00000000 00:00 0 
7e8494c00000-7e8494c04000 ---p 00000000 00:00 0 
7e8494c04000-7e8494d00000 rw-p 00000000 00:00 0 
7e8494d00000-7e8494d04000 ---p 00000000 00:00 0 
7e8494d04000-7e8494e00000 rw-p 00000000 00:00 0 
7e8494e00000-7e8494e04000 ---p 00000000 00:00 0 
7e8494e04000-7e8494f00000 rw-p 00000000 00:00 0 
7e8494f00000-7e8494f04000 ---p 00000000 00:00 0 
7e8494f04000-7e8495000000 rw-p 00000000 00:00 0 
7e8495000000-7e8495500000 rw-p 00000000 00:00 0 
7e8495500000-7e8495600000 rw-p 00000000 00:00 0 
7e8495600000-7e8495960000 rw-p 00000000 00:00 0 
7e8495960000-7e8496900000 rw-p 00000000 00:00 0 
7e8496900000-7e8496a00000 rw-p 00000000 00:00 0 
7e8496a00000-7e8499000000 rw-p 00000000 00:00 0 
7e84990e5000-7e84990e9000 ---p 00000000 00:00 0 
7e84990e9000-7e84991e5000 rw-p 00000000 00:00 0 
7e84991e5000-7e84991e9000 ---p 00000000 00:00 0 
7e84991e9000-7e84995e8000 rw-p 00000000 00:00 0 
7e84995e8000-7e8499615000 r--p 00000000 103:04 12327632                  /nix/store/j5n2kxk19rgrrkb5z1w310sy7dkvlhgj-openjdk-headless-17.0.20.1+1/lib/openjdk/lib/libawt.so
7e8499615000-7e84996b9000 r-xp 0002d000 103:04 12327632                  /nix/store/j5n2kxk19rgrrkb5z1w310sy7dkvlhgj-openjdk-headless-17.0.20.1+1/lib/openjdk/lib/libawt.so
7e84996b9000-7e84996c6000 r--p 000d1000 103:04 12327632                  /nix/store/j5n2kxk19rgrrkb5z1w310sy7dkvlhgj-openjdk-headless-17.0.20.1+1/lib/openjdk/lib/libawt.so
7e84996c6000-7e84996c7000 r--p 000dd000 103:04 12327632                  /nix/store/j5n2kxk19rgrrkb5z1w310sy7dkvlhgj-openjdk-headless-17.0.20.1+1/lib/openjdk/lib/libawt.so
7e84996c7000-7e84996d2000 rw-p 000de000 103:04 12327632                  /nix/store/j5n2kxk19rgrrkb5z1w310sy7dkvlhgj-openjdk-headless-17.0.20.1+1/lib/openjdk/lib/libawt.so
7e84996d2000-7e84996f7000 rw-p 00000000 00:00 0 
7e84996f7000-7e8499700000 rw-p 000f7000 103:04 12327632                  /nix/store/j5n2kxk19rgrrkb5z1w310sy7dkvlhgj-openjdk-headless-17.0.20.1+1/lib/openjdk/lib/libawt.so
7e8499700000-7e8499704000 ---p 00000000 00:00 0 
7e8499704000-7e8499800000 rw-p 00000000 00:00 0 
7e8499800000-7e8499804000 ---p 00000000 00:00 0 
7e8499804000-7e8499900000 rw-p 00000000 00:00 0 
7e8499900000-7e8499904000 ---p 00000000 00:00 0 
7e8499904000-7e8499a00000 rw-p 00000000 00:00 0 
7e8499a00000-7e8499a04000 ---p 00000000 00:00 0 
7e8499a04000-7e8499b00000 rw-p 00000000 00:00 0 
7e8499b00000-7e8499b04000 ---p 00000000 00:00 0 
7e8499b04000-7e8499c00000 rw-p 00000000 00:00 0 
7e8499c00000-7e8499c04000 ---p 00000000 00:00 0 
7e8499c04000-7e8499d00000 rw-p 00000000 00:00 0 
7e8499d00000-7e8499d04000 ---p 00000000 00:00 0 
7e8499d04000-7e8499e00000 rw-p 00000000 00:00 0 
7e8499e00000-7e8499e04000 ---p 00000000 00:00 0 
7e8499e04000-7e8499f00000 rw-p 00000000 00:00 0 
7e8499f00000-7e8499f04000 ---p 00000000 00:00 0 
7e8499f04000-7e849a000000 rw-p 00000000 00:00 0 
7e849a000000-7e849a004000 ---p 00000000 00:00 0 
7e849a004000-7e849a100000 rw-p 00000000 00:00 0 
7e849a100000-7e849a104000 ---p 00000000 00:00 0 
7e849a104000-7e849a200000 rw-p 00000000 00:00 0 
7e849a200000-7e849a204000 ---p 00000000 00:00 0 
7e849a204000-7e849a300000 rw-p 00000000 00:00 0 
7e849a300000-7e849a304000 ---p 00000000 00:00 0 
7e849a304000-7e849a400000 rw-p 00000000 00:00 0 
7e849a400000-7e849a404000 ---p 00000000 00:00 0 
7e849a404000-7e849a500000 rw-p 00000000 00:00 0 
7e849a500000-7e849a504000 ---p 00000000 00:00 0 
7e849a504000-7e849a600000 rw-p 00000000 00:00 0 
7e849a600000-7e849a604000 ---p 00000000 00:00 0 
7e849a604000-7e849a700000 rw-p 00000000 00:00 0 
7e849a700000-7e849a704000 ---p 00000000 00:00 0 
7e849a704000-7e849a800000 rw-p 00000000 00:00 0 
7e849a800000-7e849a804000 ---p 00000000 00:00 0 
7e849a804000-7e849a900000 rw-p 00000000 00:00 0 
7e849a900000-7e849a904000 ---p 00000000 00:00 0 
7e849a904000-7e849aa00000 rw-p 00000000 00:00 0 
7e849aa00000-7e849aa04000 ---p 00000000 00:00 0 
7e849aa04000-7e849ab00000 rw-p 00000000 00:00 0 
7e849ab00000-7e849ab04000 ---p 00000000 00:00 0 
7e849ab04000-7e849ac00000 rw-p 00000000 00:00 0 
7e849ac00000-7e849ac04000 ---p 00000000 00:00 0 
7e849ac04000-7e849ad00000 rw-p 00000000 00:00 0 
7e849ad00000-7e849ad04000 ---p 00000000 00:00 0 
7e849ad04000-7e849ae00000 rw-p 00000000 00:00 0 
7e849ae00000-7e849ae04000 ---p 00000000 00:00 0 
7e849ae04000-7e849af00000 rw-p 00000000 00:00 0 
7e849af00000-7e849af04000 ---p 00000000 00:00 0 
7e849af04000-7e849b000000 rw-p 00000000 00:00 0 
7e849b000000-7e849b004000 ---p 00000000 00:00 0 
7e849b004000-7e849b100000 rw-p 00000000 00:00 0 
7e849b100000-7e849b104000 ---p 00000000 00:00 0 
7e849b104000-7e849b200000 rw-p 00000000 00:00 0 
7e849b200000-7e849b204000 ---p 00000000 00:00 0 
7e849b204000-7e849b300000 rw-p 00000000 00:00 0 
7e849b300000-7e849b304000 ---p 00000000 00:00 0 
7e849b304000-7e849b400000 rw-p 00000000 00:00 0 
7e849b400000-7e849b404000 ---p 00000000 00:00 0 
7e849b404000-7e849b500000 rw-p 00000000 00:00 0 
7e849b500000-7e849b504000 ---p 00000000 00:00 0 
7e849b504000-7e849b600000 rw-p 00000000 00:00 0 
7e849b600000-7e849b604000 ---p 00000000 00:00 0 
7e849b604000-7e849b700000 rw-p 00000000 00:00 0 
7e849b700000-7e849b704000 ---p 00000000 00:00 0 
7e849b704000-7e849b800000 rw-p 00000000 00:00 0 
7e849b800000-7e849b804000 ---p 00000000 00:00 0 
7e849b804000-7e849b900000 rw-p 00000000 00:00 0 
7e849b900000-7e849b904000 ---p 00000000 00:00 0 
7e849b904000-7e849ba00000 rw-p 00000000 00:00 0 
7e849ba00000-7e849ba04000 ---p 00000000 00:00 0 
7e849ba04000-7e849bb00000 rw-p 00000000 00:00 0 
7e849bb00000-7e849bb04000 ---p 00000000 00:00 0 
7e849bb04000-7e849bc00000 rw-p 00000000 00:00 0 
7e849bc00000-7e849bc04000 ---p 00000000 00:00 0 
7e849bc04000-7e849bd00000 rw-p 00000000 00:00 0 
7e849bd00000-7e849bd04000 ---p 00000000 00:00 0 
7e849bd04000-7e849be00000 rw-p 00000000 00:00 0 
7e849be00000-7e849be04000 ---p 00000000 00:00 0 
7e849be04000-7e849bf00000 rw-p 00000000 00:00 0 
7e849bf00000-7e849bf04000 ---p 00000000 00:00 0 
7e849bf04000-7e849c000000 rw-p 00000000 00:00 0 
7e849c000000-7e849ea89000 rw-p 00000000 00:00 0 
7e849ea89000-7e84a0004000 ---p 00000000 00:00 0 
7e84a0004000-7e84a0100000 rw-p 00000000 00:00 0 
7e84a0100000-7e84a0104000 ---p 00000000 00:00 0 
7e84a0104000-7e84a0200000 rw-p 00000000 00:00 0 
7e84a0200000-7e84a0204000 ---p 00000000 00:00 0 
7e84a0204000-7e84a0300000 rw-p 00000000 00:00 0 
7e84a0300000-7e84a0304000 ---p 00000000 00:00 0 
7e84a0304000-7e84a0400000 rw-p 00000000 00:00 0 
7e84a0400000-7e84a0404000 ---p 00000000 00:00 0 
7e84a0404000-7e84a0500000 rw-p 00000000 00:00 0 
7e84a0500000-7e84a0504000 ---p 00000000 00:00 0 
7e84a0504000-7e84a0600000 rw-p 00000000 00:00 0 
7e84a0600000-7e84a0604000 ---p 00000000 00:00 0 
7e84a0604000-7e84a0700000 rw-p 00000000 00:00 0 
7e84a0700000-7e84a0704000 ---p 00000000 00:00 0 
7e84a0704000-7e84a0800000 rw-p 00000000 00:00 0 
7e84a0800000-7e84a0804000 ---p 00000000 00:00 0 
7e84a0804000-7e84a0900000 rw-p 00000000 00:00 0 
7e84a0900000-7e84a0904000 ---p 00000000 00:00 0 
7e84a0904000-7e84a0a00000 rw-p 00000000 00:00 0 
7e84a0a00000-7e84a0a04000 ---p 00000000 00:00 0 
7e84a0a04000-7e84a0b00000 rw-p 00000000 00:00 0 
7e84a0b00000-7e84a0b04000 ---p 00000000 00:00 0 
7e84a0b04000-7e84a0c00000 rw-p 00000000 00:00 0 
7e84a0c00000-7e84a0c04000 ---p 00000000 00:00 0 
7e84a0c04000-7e84a0d00000 rw-p 00000000 00:00 0 
7e84a0d00000-7e84a0d04000 ---p 00000000 00:00 0 
7e84a0d04000-7e84a0e00000 rw-p 00000000 00:00 0 
7e84a0e00000-7e84a0e04000 ---p 00000000 00:00 0 
7e84a0e04000-7e84a0f00000 rw-p 00000000 00:00 0 
7e84a0f00000-7e84a0f04000 ---p 00000000 00:00 0 
7e84a0f04000-7e84a1000000 rw-p 00000000 00:00 0 
7e84a1000000-7e84a1004000 ---p 00000000 00:00 0 
7e84a1004000-7e84a1100000 rw-p 00000000 00:00 0 
7e84a1100000-7e84a1104000 ---p 00000000 00:00 0 
7e84a1104000-7e84a1200000 rw-p 00000000 00:00 0 
7e84a1200000-7e84a1204000 ---p 00000000 00:00 0 
7e84a1204000-7e84a1300000 rw-p 00000000 00:00 0 
7e84a1300000-7e84a1304000 ---p 00000000 00:00 0 
7e84a1304000-7e84a1400000 rw-p 00000000 00:00 0 
7e84a1400000-7e84a1404000 ---p 00000000 00:00 0 
7e84a1404000-7e84a1500000 rw-p 00000000 00:00 0 
7e84a1500000-7e84a1504000 ---p 00000000 00:00 0 
7e84a1504000-7e84a1600000 rw-p 00000000 00:00 0 
7e84a1600000-7e84a1604000 ---p 00000000 00:00 0 
7e84a1604000-7e84a1700000 rw-p 00000000 00:00 0 
7e84a1700000-7e84a1704000 ---p 00000000 00:00 0 
7e84a1704000-7e84a1800000 rw-p 00000000 00:00 0 
7e84a1800000-7e84a1804000 ---p 00000000 00:00 0 
7e84a1804000-7e84a1900000 rw-p 00000000 00:00 0 
7e84a1900000-7e84a1904000 ---p 00000000 00:00 0 
7e84a1904000-7e84a1a00000 rw-p 00000000 00:00 0 
7e84a1a00000-7e84a1a04000 ---p 00000000 00:00 0 
7e84a1a04000-7e84a1b00000 rw-p 00000000 00:00 0 
7e84a1b00000-7e84a1b04000 ---p 00000000 00:00 0 
7e84a1b04000-7e84a1c00000 rw-p 00000000 00:00 0 
7e84a1c00000-7e84a1c04000 ---p 00000000 00:00 0 
7e84a1c04000-7e84a1d00000 rw-p 00000000 00:00 0 
7e84a1d00000-7e84a1d04000 ---p 00000000 00:00 0 
7e84a1d04000-7e84a1e00000 rw-p 00000000 00:00 0 
7e84a1e00000-7e84a1e04000 ---p 00000000 00:00 0 
7e84a1e04000-7e84a1f00000 rw-p 00000000 00:00 0 
7e84a1f00000-7e84a1f04000 ---p 00000000 00:00 0 
7e84a1f04000-7e84a2000000 rw-p 00000000 00:00 0 
7e84a2000000-7e84a2004000 ---p 00000000 00:00 0 
7e84a2004000-7e84a2100000 rw-p 00000000 00:00 0 
7e84a2100000-7e84a2104000 ---p 00000000 00:00 0 
7e84a2104000-7e84a2200000 rw-p 00000000 00:00 0 
7e84a2200000-7e84a2204000 ---p 00000000 00:00 0 
7e84a2204000-7e84a2300000 rw-p 00000000 00:00 0 
7e84a2300000-7e84a2304000 ---p 00000000 00:00 0 
7e84a2304000-7e84a2400000 rw-p 00000000 00:00 0 
7e84a2400000-7e84a2404000 ---p 00000000 00:00 0 
7e84a2404000-7e84a2500000 rw-p 00000000 00:00 0 
7e84a2500000-7e84a2504000 ---p 00000000 00:00 0 
7e84a2504000-7e84a2600000 rw-p 00000000 00:00 0 
7e84a2600000-7e84a2604000 ---p 00000000 00:00 0 
7e84a2604000-7e84a2700000 rw-p 00000000 00:00 0 
7e84a2700000-7e84a2704000 ---p 00000000 00:00 0 
7e84a2704000-7e84a2800000 rw-p 00000000 00:00 0 
7e84a2800000-7e84a2804000 ---p 00000000 00:00 0 
7e84a2804000-7e84a2900000 rw-p 00000000 00:00 0 
7e84a2900000-7e84a2904000 ---p 00000000 00:00 0 
7e84a2904000-7e84a2a00000 rw-p 00000000 00:00 0 
7e84a2a00000-7e84a2a04000 ---p 00000000 00:00 0 
7e84a2a04000-7e84a2b00000 rw-p 00000000 00:00 0 
7e84a2b00000-7e84a2b04000 ---p 00000000 00:00 0 
7e84a2b04000-7e84a2c00000 rw-p 00000000 00:00 0 
7e84a2c00000-7e84a2c04000 ---p 00000000 00:00 0 
7e84a2c04000-7e84a2d00000 rw-p 00000000 00:00 0 
7e84a2d00000-7e84a2d04000 ---p 00000000 00:00 0 
7e84a2d04000-7e84a2e00000 rw-p 00000000 00:00 0 
7e84a2e00000-7e84a2e04000 ---p 00000000 00:00 0 
7e84a2e04000-7e84a2f00000 rw-p 00000000 00:00 0 
7e84a2f00000-7e84a2f04000 ---p 00000000 00:00 0 
7e84a2f04000-7e84a3000000 rw-p 00000000 00:00 0 
7e84a3000000-7e84a3004000 ---p 00000000 00:00 0 
7e84a3004000-7e84a3100000 rw-p 00000000 00:00 0 
7e84a3100000-7e84a3104000 ---p 00000000 00:00 0 
7e84a3104000-7e84a3200000 rw-p 00000000 00:00 0 
7e84a3200000-7e84a3204000 ---p 00000000 00:00 0 
7e84a3204000-7e84a3300000 rw-p 00000000 00:00 0 
7e84a3300000-7e84a3304000 ---p 00000000 00:00 0 
7e84a3304000-7e84a3400000 rw-p 00000000 00:00 0 
7e84a3400000-7e84a3404000 ---p 00000000 00:00 0 
7e84a3404000-7e84a3500000 rw-p 00000000 00:00 0 
7e84a3500000-7e84a3504000 ---p 00000000 00:00 0 
7e84a3504000-7e84a3600000 rw-p 00000000 00:00 0 
7e84a3600000-7e84a3604000 ---p 00000000 00:00 0 
7e84a3604000-7e84a3700000 rw-p 00000000 00:00 0 
7e84a3700000-7e84a3704000 ---p 00000000 00:00 0 
7e84a3704000-7e84a3800000 rw-p 00000000 00:00 0 
7e84a3800000-7e84a3804000 ---p 00000000 00:00 0 
7e84a3804000-7e84a3900000 rw-p 00000000 00:00 0 
7e84a3900000-7e84a3904000 ---p 00000000 00:00 0 
7e84a3904000-7e84a3a00000 rw-p 00000000 00:00 0 
7e84a3a00000-7e84a3a04000 ---p 00000000 00:00 0 
7e84a3a04000-7e84a3b00000 rw-p 00000000 00:00 0 
7e84a3b00000-7e84a3b04000 ---p 00000000 00:00 0 
7e84a3b04000-7e84a3c00000 rw-p 00000000 00:00 0 
7e84a3c00000-7e84a3c04000 ---p 00000000 00:00 0 
7e84a3c04000-7e84a3d00000 rw-p 00000000 00:00 0 
7e84a3d00000-7e84a3d04000 ---p 00000000 00:00 0 
7e84a3d04000-7e84a3e00000 rw-p 00000000 00:00 0 
7e84a3e00000-7e84a3e04000 ---p 00000000 00:00 0 
7e84a3e04000-7e84a3f00000 rw-p 00000000 00:00 0 
7e84a3f00000-7e84a3f04000 ---p 00000000 00:00 0 
7e84a3f04000-7e84a4000000 rw-p 00000000 00:00 0 
7e84a4000000-7e84a6129000 rw-p 00000000 00:00 0 
7e84a6129000-7e84a8000000 ---p 00000000 00:00 0 
7e84a8000000-7e84a9506000 rw-p 00000000 00:00 0 
7e84a9506000-7e84ac000000 ---p 00000000 00:00 0 
7e84ac000000-7e84acb00000 rw-p 00000000 00:00 0 
7e84acb00000-7e84acc00000 rw-p 00000000 00:00 0 
7e84acc00000-7e84adb00000 rw-p 00000000 00:00 0 
7e84adb00000-7e84adc00000 rw-p 00000000 00:00 0 
7e84adc00000-7e84af100000 rw-p 00000000 00:00 0 
7e84af100000-7e84af200000 rw-p 00000000 00:00 0 
7e84af200000-7e84af500000 rw-p 00000000 00:00 0 
7e84af500000-7e84b0000000 rw-p 00000000 00:00 0 
7e84b0000000-7e84b01a6000 rw-p 00000000 00:00 0 
7e84b01a6000-7e84b4000000 ---p 00000000 00:00 0 
7e84b4000000-7e84b68c4000 rw-p 00000000 00:00 0 
7e84b68c4000-7e84b8000000 ---p 00000000 00:00 0 
7e84b8000000-7e84ba1e5000 rw-p 00000000 00:00 0 
7e84ba1e5000-7e84bc000000 ---p 00000000 00:00 0 
7e84bc000000-7e84bca92000 rw-p 00000000 00:00 0 
7e84bca92000-7e84c0000000 ---p 00000000 00:00 0 
7e84c0000000-7e84c0065000 rw-p 00000000 00:00 0 
7e84c0065000-7e84c4000000 ---p 00000000 00:00 0 
7e84c4000000-7e84c427e000 rw-p 00000000 00:00 0 
7e84c427e000-7e84c8000000 ---p 00000000 00:00 0 
7e84c8000000-7e84c8025000 rw-p 00000000 00:00 0 
7e84c8025000-7e84cc000000 ---p 00000000 00:00 0 
7e84cc000000-7e84cc237000 rw-p 00000000 00:00 0 
7e84cc237000-7e84d0000000 ---p 00000000 00:00 0 
7e84d0000000-7e84d0330000 rw-p 00000000 00:00 0 
7e84d0330000-7e84d4000000 ---p 00000000 00:00 0 
7e84d4000000-7e84d4b6f000 rw-p 00000000 00:00 0 
7e84d4b6f000-7e84d8000000 ---p 00000000 00:00 0 
7e84d8000000-7e84d82c5000 rw-p 00000000 00:00 0 
7e84d82c5000-7e84dc000000 ---p 00000000 00:00 0 
7e84dc000000-7e84dc0b6000 rw-p 00000000 00:00 0 
7e84dc0b6000-7e84e0000000 ---p 00000000 00:00 0 
7e84e0000000-7e84e0076000 rw-p 00000000 00:00 0 
7e84e0076000-7e84e4000000 ---p 00000000 00:00 0 
7e84e4000000-7e84e5c36000 rw-p 00000000 00:00 0 
7e84e5c36000-7e84e8000000 ---p 00000000 00:00 0 
7e84e8000000-7e84e8774000 rw-p 00000000 00:00 0 
7e84e8774000-7e84ec000000 ---p 00000000 00:00 0 
7e84ec000000-7e84ece10000 rw-p 00000000 00:00 0 
7e84ece10000-7e84f0000000 ---p 00000000 00:00 0 
7e84f0000000-7e84f0120000 rw-p 00000000 00:00 0 
7e84f0120000-7e84f4000000 ---p 00000000 00:00 0 
7e84f4000000-7e84f5633000 rw-p 00000000 00:00 0 
7e84f5633000-7e84f8000000 ---p 00000000 00:00 0 
7e84f8000000-7e84fa809000 rw-p 00000000 00:00 0 
7e84fa809000-7e84fc000000 ---p 00000000 00:00 0 
7e84fc000000-7e84fc0ab000 rw-p 00000000 00:00 0 
7e84fc0ab000-7e8500000000 ---p 00000000 00:00 0 
7e8500000000-7e850008f000 rw-p 00000000 00:00 0 
7e850008f000-7e8504000000 ---p 00000000 00:00 0 
7e8504000000-7e8504982000 rw-p 00000000 00:00 0 
7e8504982000-7e8508000000 ---p 00000000 00:00 0 
7e8508000000-7e85080ec000 rw-p 00000000 00:00 0 
7e85080ec000-7e850c000000 ---p 00000000 00:00 0 
7e850c000000-7e850c034000 rw-p 00000000 00:00 0 
7e850c034000-7e8510000000 ---p 00000000 00:00 0 
7e8510000000-7e851008c000 rw-p 00000000 00:00 0 
7e851008c000-7e8514000000 ---p 00000000 00:00 0 
7e8514000000-7e85140b1000 rw-p 00000000 00:00 0 
7e85140b1000-7e8518000000 ---p 00000000 00:00 0 
7e8518000000-7e851994e000 rw-p 00000000 00:00 0 
7e851994e000-7e851c000000 ---p 00000000 00:00 0 
7e851c000000-7e851cad1000 rw-p 00000000 00:00 0 
7e851cad1000-7e8520000000 ---p 00000000 00:00 0 
7e8520000000-7e8523ffd000 rw-p 00000000 00:00 0 
7e8523ffd000-7e8524000000 ---p 00000000 00:00 0 
7e8524000000-7e8524093000 rw-p 00000000 00:00 0 
7e8524093000-7e8528000000 ---p 00000000 00:00 0 
7e8528000000-7e8528043000 rw-p 00000000 00:00 0 
7e8528043000-7e852c000000 ---p 00000000 00:00 0 
7e852c000000-7e852c322000 rw-p 00000000 00:00 0 
7e852c322000-7e8530000000 ---p 00000000 00:00 0 
7e8530000000-7e8530386000 rw-p 00000000 00:00 0 
7e8530386000-7e8534000000 ---p 00000000 00:00 0 
7e8534000000-7e853418d000 rw-p 00000000 00:00 0 
7e853418d000-7e8538000000 ---p 00000000 00:00 0 
7e8538000000-7e8538085000 rw-p 00000000 00:00 0 
7e8538085000-7e853c000000 ---p 00000000 00:00 0 
7e853c000000-7e853c255000 rw-p 00000000 00:00 0 
7e853c255000-7e8540000000 ---p 00000000 00:00 0 
7e8540000000-7e8541600000 rw-p 00000000 00:00 0 
7e8541600000-7e8542d00000 rw-p 00000000 00:00 0 
7e8542d00000-7e8542d40000 rw-p 00000000 00:00 0 
7e8542d40000-7e8542d80000 rw-p 00000000 00:00 0 
7e8542d80000-7e8542f00000 rw-p 00000000 00:00 0 
7e8542f00000-7e8543100000 rw-p 00000000 00:00 0 
7e8543100000-7e8543180000 rw-p 00000000 00:00 0 
7e8543180000-7e8543300000 rw-p 00000000 00:00 0 
7e8543300000-7e8544000000 rw-p 00000000 00:00 0 
7e8544000000-7e8544088000 rw-p 00000000 00:00 0 
7e8544088000-7e8548000000 ---p 00000000 00:00 0 
7e8548000000-7e8548e13000 rw-p 00000000 00:00 0 
7e8548e13000-7e854c000000 ---p 00000000 00:00 0 
7e854c000000-7e854e1e2000 rw-p 00000000 00:00 0 
7e854e1e2000-7e8550000000 ---p 00000000 00:00 0 
7e8550000000-7e855008a000 rw-p 00000000 00:00 0 
7e855008a000-7e8554000000 ---p 00000000 00:00 0 
7e8554000000-7e855407c000 rw-p 00000000 00:00 0 
7e855407c000-7e8558000000 ---p 00000000 00:00 0 
7e8558000000-7e85580fb000 rw-p 00000000 00:00 0 
7e85580fb000-7e855c000000 ---p 00000000 00:00 0 
7e855c000000-7e855c431000 rw-p 00000000 00:00 0 
7e855c431000-7e8560004000 ---p 00000000 00:00 0 
7e8560004000-7e8560100000 rw-p 00000000 00:00 0 
7e8560100000-7e8560104000 ---p 00000000 00:00 0 
7e8560104000-7e8560200000 rw-p 00000000 00:00 0 
7e8560200000-7e8560204000 ---p 00000000 00:00 0 
7e8560204000-7e8560300000 rw-p 00000000 00:00 0 
7e8560300000-7e8560304000 ---p 00000000 00:00 0 
7e8560304000-7e8560400000 rw-p 00000000 00:00 0 
7e8560400000-7e8567fec000 r--s 00000000 103:04 12327755                  /nix/store/j5n2kxk19rgrrkb5z1w310sy7dkvlhgj-openjdk-headless-17.0.20.1+1/lib/openjdk/lib/modules
7e8568000000-7e8568092000 rw-p 00000000 00:00 0 
7e8568092000-7e856c000000 ---p 00000000 00:00 0 
7e856c0fa000-7e856c0fe000 ---p 00000000 00:00 0 
7e856c0fe000-7e856c1fa000 rw-p 00000000 00:00 0 
7e856c1fa000-7e856c1fe000 ---p 00000000 00:00 0 
7e856c1fe000-7e856c2fa000 rw-p 00000000 00:00 0 
7e856c2fa000-7e856c2fe000 ---p 00000000 00:00 0 
7e856c2fe000-7e856c3fa000 rw-p 00000000 00:00 0 
7e856c3fa000-7e856c3fe000 ---p 00000000 00:00 0 
7e856c3fe000-7e856c4fa000 rw-p 00000000 00:00 0 
7e856c4fa000-7e856c4fe000 ---p 00000000 00:00 0 
7e856c4fe000-7e856c5fa000 rw-p 00000000 00:00 0 
7e856c5fa000-7e856c5fe000 ---p 00000000 00:00 0 
7e856c5fe000-7e856c6fa000 rw-p 00000000 00:00 0 
7e856c6fa000-7e856c6fe000 ---p 00000000 00:00 0 
7e856c6fe000-7e856c7fa000 rw-p 00000000 00:00 0 
7e856c7fa000-7e856c7fe000 ---p 00000000 00:00 0 
7e856c7fe000-7e856c8fa000 rw-p 00000000 00:00 0 
7e856c8fa000-7e856c8fe000 ---p 00000000 00:00 0 
7e856c8fe000-7e856c9fa000 rw-p 00000000 00:00 0 
7e856c9fa000-7e856c9fe000 ---p 00000000 00:00 0 
7e856c9fe000-7e856cafa000 rw-p 00000000 00:00 0 
7e856cafa000-7e856cafe000 ---p 00000000 00:00 0 
7e856cafe000-7e856cbfa000 rw-p 00000000 00:00 0 
7e856cbfa000-7e856cbfe000 ---p 00000000 00:00 0 
7e856cbfe000-7e856ccfa000 rw-p 00000000 00:00 0 
7e856ccfa000-7e856ccfe000 ---p 00000000 00:00 0 
7e856ccfe000-7e856cdfa000 rw-p 00000000 00:00 0 
7e856cdfa000-7e856cdfe000 ---p 00000000 00:00 0 
7e856cdfe000-7e856cefa000 rw-p 00000000 00:00 0 
7e856cefa000-7e856cefe000 ---p 00000000 00:00 0 
7e856cefe000-7e856cffa000 rw-p 00000000 00:00 0 
7e856cffa000-7e856cffe000 ---p 00000000 00:00 0 
7e856cffe000-7e856d0fa000 rw-p 00000000 00:00 0 
7e856d0fa000-7e856d0fe000 ---p 00000000 00:00 0 
7e856d0fe000-7e856d1fa000 rw-p 00000000 00:00 0 
7e856d1fa000-7e856d1fe000 ---p 00000000 00:00 0 
7e856d1fe000-7e856d2fa000 rw-p 00000000 00:00 0 
7e856d2fa000-7e856d2fe000 ---p 00000000 00:00 0 
7e856d2fe000-7e856d3fa000 rw-p 00000000 00:00 0 
7e856d3fa000-7e856d3fe000 ---p 00000000 00:00 0 
7e856d3fe000-7e856d4fa000 rw-p 00000000 00:00 0 
7e856d4fa000-7e856d4fe000 ---p 00000000 00:00 0 
7e856d4fe000-7e856d5fa000 rw-p 00000000 00:00 0 
7e856d5fa000-7e856d5fe000 ---p 00000000 00:00 0 
7e856d5fe000-7e856d6fa000 rw-p 00000000 00:00 0 
7e856d6fa000-7e856d6fe000 ---p 00000000 00:00 0 
7e856d6fe000-7e856d7fa000 rw-p 00000000 00:00 0 
7e856d7fa000-7e856d7fe000 ---p 00000000 00:00 0 
7e856d7fe000-7e856d8fa000 rw-p 00000000 00:00 0 
7e856d8fa000-7e856d8fe000 ---p 00000000 00:00 0 
7e856d8fe000-7e856d9fa000 rw-p 00000000 00:00 0 
7e856d9fa000-7e856d9fe000 ---p 00000000 00:00 0 
7e856d9fe000-7e856dafa000 rw-p 00000000 00:00 0 
7e856dafa000-7e856dafe000 ---p 00000000 00:00 0 
7e856dafe000-7e856dbfa000 rw-p 00000000 00:00 0 
7e856dbfa000-7e856dbfe000 ---p 00000000 00:00 0 
7e856dbfe000-7e856dcfa000 rw-p 00000000 00:00 0 
7e856dcfa000-7e856dcfe000 ---p 00000000 00:00 0 
7e856dcfe000-7e856ddfa000 rw-p 00000000 00:00 0 
7e856ddfa000-7e856ddfe000 ---p 00000000 00:00 0 
7e856ddfe000-7e856defa000 rw-p 00000000 00:00 0 
7e856defa000-7e856defe000 ---p 00000000 00:00 0 
7e856defe000-7e856dffa000 rw-p 00000000 00:00 0 
7e856dffa000-7e856dffe000 ---p 00000000 00:00 0 
7e856dffe000-7e856e0fa000 rw-p 00000000 00:00 0 
7e856e0fa000-7e856e0fe000 ---p 00000000 00:00 0 
7e856e0fe000-7e856e1fa000 rw-p 00000000 00:00 0 
7e856e1fa000-7e856e1fe000 ---p 00000000 00:00 0 
7e856e1fe000-7e856e2fa000 rw-p 00000000 00:00 0 
7e856e2fa000-7e856e2fe000 ---p 00000000 00:00 0 
7e856e2fe000-7e856e3fa000 rw-p 00000000 00:00 0 
7e856e3fa000-7e856e3fe000 ---p 00000000 00:00 0 
7e856e3fe000-7e856e4fa000 rw-p 00000000 00:00 0 
7e856e4fa000-7e856e4fe000 ---p 00000000 00:00 0 
7e856e4fe000-7e856e5fa000 rw-p 00000000 00:00 0 
7e856e5fa000-7e856e5fe000 ---p 00000000 00:00 0 
7e856e5fe000-7e856e6fa000 rw-p 00000000 00:00 0 
7e856e6fa000-7e856e6fe000 ---p 00000000 00:00 0 
7e856e6fe000-7e856e7fa000 rw-p 00000000 00:00 0 
7e856e7fa000-7e856e7fe000 ---p 00000000 00:00 0 
7e856e7fe000-7e856e8fa000 rw-p 00000000 00:00 0 
7e856e8fa000-7e856e8fe000 ---p 00000000 00:00 0 
7e856e8fe000-7e856e9fa000 rw-p 00000000 00:00 0 
7e856e9fa000-7e856e9fe000 ---p 00000000 00:00 0 
7e856e9fe000-7e856eafa000 rw-p 00000000 00:00 0 
7e856eafa000-7e856eafe000 ---p 00000000 00:00 0 
7e856eafe000-7e856ebfa000 rw-p 00000000 00:00 0 
7e856ebfa000-7e856ebfe000 ---p 00000000 00:00 0 
7e856ebfe000-7e856ecfa000 rw-p 00000000 00:00 0 
7e856ecfa000-7e856ecfe000 ---p 00000000 00:00 0 
7e856ecfe000-7e856edfa000 rw-p 00000000 00:00 0 
7e856edfa000-7e856edfe000 ---p 00000000 00:00 0 
7e856edfe000-7e856eefa000 rw-p 00000000 00:00 0 
7e856eefa000-7e856eefe000 ---p 00000000 00:00 0 
7e856eefe000-7e856effa000 rw-p 00000000 00:00 0 
7e856effa000-7e856effe000 ---p 00000000 00:00 0 
7e856effe000-7e856f0fa000 rw-p 00000000 00:00 0 
7e856f0fa000-7e856f0fe000 ---p 00000000 00:00 0 
7e856f0fe000-7e856f1fa000 rw-p 00000000 00:00 0 
7e856f1fa000-7e856f1fe000 ---p 00000000 00:00 0 
7e856f1fe000-7e856f2fa000 rw-p 00000000 00:00 0 
7e856f2fa000-7e856f2fe000 ---p 00000000 00:00 0 
7e856f2fe000-7e856f3fa000 rw-p 00000000 00:00 0 
7e856f3fa000-7e856f3fe000 ---p 00000000 00:00 0 
7e856f3fe000-7e856f4fa000 rw-p 00000000 00:00 0 
7e856f4fa000-7e856f4fe000 ---p 00000000 00:00 0 
7e856f4fe000-7e856f5fa000 rw-p 00000000 00:00 0 
7e856f5fa000-7e856f5fe000 ---p 00000000 00:00 0 
7e856f5fe000-7e856f6fa000 rw-p 00000000 00:00 0 
7e856f6fa000-7e856f6fe000 ---p 00000000 00:00 0 
7e856f6fe000-7e856f7fa000 rw-p 00000000 00:00 0 
7e856f7fa000-7e856f7fe000 ---p 00000000 00:00 0 
7e856f7fe000-7e856ff00000 rw-p 00000000 00:00 0 
7e856ff00000-7e856ff04000 ---p 00000000 00:00 0 
7e856ff04000-7e8570000000 rw-p 00000000 00:00 0 
7e8570000000-7e8570624000 rw-p 00000000 00:00 0 
7e8570624000-7e8574000000 ---p 00000000 00:00 0 
7e8574000000-7e857441d000 rw-p 00000000 00:00 0 
7e857441d000-7e8578000000 ---p 00000000 00:00 0 
7e8578000000-7e85781ba000 rw-p 00000000 00:00 0 
7e85781ba000-7e857c000000 ---p 00000000 00:00 0 
7e857c000000-7e857c5ae000 rw-p 00000000 00:00 0 
7e857c5ae000-7e8580000000 ---p 00000000 00:00 0 
7e8580000000-7e85802f6000 rw-p 00000000 00:00 0 
7e85802f6000-7e8584000000 ---p 00000000 00:00 0 
7e8584000000-7e8584586000 rw-p 00000000 00:00 0 
7e8584586000-7e8588000000 ---p 00000000 00:00 0 
7e8588000000-7e8588141000 rw-p 00000000 00:00 0 
7e8588141000-7e858c000000 ---p 00000000 00:00 0 
7e858c000000-7e858c192000 rw-p 00000000 00:00 0 
7e858c192000-7e8590000000 ---p 00000000 00:00 0 
7e8590000000-7e8590053000 rw-p 00000000 00:00 0 
7e8590053000-7e8594000000 ---p 00000000 00:00 0 
7e8594000000-7e8594386000 rw-p 00000000 00:00 0 
7e8594386000-7e8598000000 ---p 00000000 00:00 0 
7e8598000000-7e85983b7000 rw-p 00000000 00:00 0 
7e85983b7000-7e859c000000 ---p 00000000 00:00 0 
7e859c000000-7e859c8da000 rw-p 00000000 00:00 0 
7e859c8da000-7e85a0000000 ---p 00000000 00:00 0 
7e85a0000000-7e85a02f6000 rw-p 00000000 00:00 0 
7e85a02f6000-7e85a4000000 ---p 00000000 00:00 0 
7e85a4000000-7e85a4b30000 rw-p 00000000 00:00 0 
7e85a4b30000-7e85a8000000 ---p 00000000 00:00 0 
7e85a8000000-7e85abff4000 rw-p 00000000 00:00 0 
7e85abff4000-7e85ac000000 ---p 00000000 00:00 0 
7e85ac000000-7e85afee8000 rw-p 00000000 00:00 0 
7e85afee8000-7e85b0000000 ---p 00000000 00:00 0 
7e85b0000000-7e85b4000000 rw-p 00000000 00:00 0 
7e85b4000000-7e85b413f000 rw-p 00000000 00:00 0 
7e85b413f000-7e85b8000000 ---p 00000000 00:00 0 
7e85b8000000-7e85b97ff000 rw-p 00000000 00:00 0 
7e85b97ff000-7e85bc000000 ---p 00000000 00:00 0 
7e85bc000000-7e85bc1e2000 rw-p 00000000 00:00 0 
7e85bc1e2000-7e85c0000000 ---p 00000000 00:00 0 
7e85c0000000-7e85c0552000 rw-p 00000000 00:00 0 
7e85c0552000-7e85c4000000 ---p 00000000 00:00 0 
7e85c4000000-7e85c4197000 rw-p 00000000 00:00 0 
7e85c4197000-7e85c8000000 ---p 00000000 00:00 0 
7e85c8000000-7e85c83c4000 rw-p 00000000 00:00 0 
7e85c83c4000-7e85cc000000 ---p 00000000 00:00 0 
7e85cc000000-7e85cc0e1000 rw-p 00000000 00:00 0 
7e85cc0e1000-7e85d0000000 ---p 00000000 00:00 0 
7e85d0000000-7e85d00cd000 rw-p 00000000 00:00 0 
7e85d00cd000-7e85d4000000 ---p 00000000 00:00 0 
7e85d4000000-7e85d4153000 rw-p 00000000 00:00 0 
7e85d4153000-7e85d8000000 ---p 00000000 00:00 0 
7e85d8000000-7e85d80cb000 rw-p 00000000 00:00 0 
7e85d80cb000-7e85dc000000 ---p 00000000 00:00 0 
7e85dc000000-7e85dc067000 rw-p 00000000 00:00 0 
7e85dc067000-7e85e0000000 ---p 00000000 00:00 0 
7e85e0000000-7e85e16a0000 rw-p 00000000 00:00 0 
7e85e16a0000-7e85e4000000 ---p 00000000 00:00 0 
7e85e4000000-7e85e406a000 rw-p 00000000 00:00 0 
7e85e406a000-7e85e8000000 ---p 00000000 00:00 0 
7e85e8000000-7e85e80a7000 rw-p 00000000 00:00 0 
7e85e80a7000-7e85ec000000 ---p 00000000 00:00 0 
7e85ec000000-7e85ee57c000 rw-p 00000000 00:00 0 
7e85ee57c000-7e85f0000000 ---p 00000000 00:00 0 
7e85f0000000-7e85f0309000 rw-p 00000000 00:00 0 
7e85f0309000-7e85f4000000 ---p 00000000 00:00 0 
7e85f4000000-7e85f4dba000 rw-p 00000000 00:00 0 
7e85f4dba000-7e85f8000000 ---p 00000000 00:00 0 
7e85f8000000-7e85f9cf6000 rw-p 00000000 00:00 0 
7e85f9cf6000-7e85fc000000 ---p 00000000 00:00 0 
7e85fc000000-7e85fc7b1000 rw-p 00000000 00:00 0 
7e85fc7b1000-7e8600000000 ---p 00000000 00:00 0 
7e8600000000-7e8600057000 rw-p 00000000 00:00 0 
7e8600057000-7e8604000000 ---p 00000000 00:00 0 
7e8604000000-7e860725a000 rw-p 00000000 00:00 0 
7e860725a000-7e8608000000 ---p 00000000 00:00 0 
7e8608000000-7e860add8000 rw-p 00000000 00:00 0 
7e860add8000-7e860c000000 ---p 00000000 00:00 0 
7e860c000000-7e860ce1d000 rw-p 00000000 00:00 0 
7e860ce1d000-7e8610000000 ---p 00000000 00:00 0 
7e8610000000-7e861006b000 rw-p 00000000 00:00 0 
7e861006b000-7e8614000000 ---p 00000000 00:00 0 
7e8614000000-7e861481b000 rw-p 00000000 00:00 0 
7e861481b000-7e8618000000 ---p 00000000 00:00 0 
7e8618000000-7e86185f7000 rw-p 00000000 00:00 0 
7e86185f7000-7e861c000000 ---p 00000000 00:00 0 
7e861c0fa000-7e861c0fe000 ---p 00000000 00:00 0 
7e861c0fe000-7e861c1fa000 rw-p 00000000 00:00 0 
7e861c1fa000-7e861c1fe000 ---p 00000000 00:00 0 
7e861c1fe000-7e861c4fc000 rw-p 00000000 00:00 0 
7e861c4fc000-7e861c500000 ---p 00000000 00:00 0 
7e861c500000-7e861c5fc000 rw-p 00000000 00:00 0 
7e861c5fc000-7e861c600000 ---p 00000000 00:00 0 
7e861c600000-7e861c6fc000 rw-p 00000000 00:00 0 
7e861c6fc000-7e861c700000 ---p 00000000 00:00 0 
7e861c700000-7e861c7fc000 rw-p 00000000 00:00 0 
7e861c7fc000-7e861c800000 ---p 00000000 00:00 0 
7e861c800000-7e861c8fc000 rw-p 00000000 00:00 0 
7e861c8fc000-7e861c900000 ---p 00000000 00:00 0 
7e861c900000-7e861c9fc000 rw-p 00000000 00:00 0 
7e861c9fc000-7e861ca00000 ---p 00000000 00:00 0 
7e861ca00000-7e861cf00000 rw-p 00000000 00:00 0 
7e861cf00000-7e861cf04000 ---p 00000000 00:00 0 
7e861cf04000-7e861d000000 rw-p 00000000 00:00 0 
7e861d000000-7e861d004000 ---p 00000000 00:00 0 
7e861d004000-7e861d100000 rw-p 00000000 00:00 0 
7e861d100000-7e861d104000 ---p 00000000 00:00 0 
7e861d104000-7e861d200000 rw-p 00000000 00:00 0 
7e861d200000-7e861d204000 ---p 00000000 00:00 0 
7e861d204000-7e861d300000 rw-p 00000000 00:00 0 
7e861d300000-7e861d304000 ---p 00000000 00:00 0 
7e861d304000-7e861d400000 rw-p 00000000 00:00 0 
7e861d400000-7e861d404000 ---p 00000000 00:00 0 
7e861d404000-7e861d500000 rw-p 00000000 00:00 0 
7e861d500000-7e861d504000 ---p 00000000 00:00 0 
7e861d504000-7e861d600000 rw-p 00000000 00:00 0 
7e861d600000-7e861d604000 ---p 00000000 00:00 0 
7e861d604000-7e861d700000 rw-p 00000000 00:00 0 
7e861d700000-7e861d704000 ---p 00000000 00:00 0 
7e861d704000-7e861d800000 rw-p 00000000 00:00 0 
7e861d800000-7e861d805000 r-xp 00000000 103:04 3170445                   /home/costeer/.gradle/native/1def1411415f61bf3af743bc5b6707747c0891f09f0c88961ee8f79bc544acac/linux-amd64/libnative-platform.so
7e861d805000-7e861da05000 ---p 00005000 103:04 3170445                   /home/costeer/.gradle/native/1def1411415f61bf3af743bc5b6707747c0891f09f0c88961ee8f79bc544acac/linux-amd64/libnative-platform.so
7e861da05000-7e861da06000 r--p 00005000 103:04 3170445                   /home/costeer/.gradle/native/1def1411415f61bf3af743bc5b6707747c0891f09f0c88961ee8f79bc544acac/linux-amd64/libnative-platform.so
7e861da06000-7e861da07000 rw-p 00006000 103:04 3170445                   /home/costeer/.gradle/native/1def1411415f61bf3af743bc5b6707747c0891f09f0c88961ee8f79bc544acac/linux-amd64/libnative-platform.so
7e861dafa000-7e861dafe000 ---p 00000000 00:00 0 
7e861dafe000-7e861e0ff000 rw-p 00000000 00:00 0 
7e861e0ff000-7e861e103000 ---p 00000000 00:00 0 
7e861e103000-7e861e1ff000 rw-p 00000000 00:00 0 
7e861e1ff000-7e861e203000 ---p 00000000 00:00 0 
7e861e203000-7e861e400000 rw-p 00000000 00:00 0 
7e861e400000-7e861e404000 ---p 00000000 00:00 0 
7e861e404000-7e861e500000 rw-p 00000000 00:00 0 
7e861e500000-7e861e504000 ---p 00000000 00:00 0 
7e861e504000-7e861e600000 rw-p 00000000 00:00 0 
7e861e600000-7e861e604000 ---p 00000000 00:00 0 
7e861e604000-7e861e700000 rw-p 00000000 00:00 0 
7e861e700000-7e861e704000 ---p 00000000 00:00 0 
7e861e704000-7e861e800000 rw-p 00000000 00:00 0 
7e861e800000-7e861e804000 ---p 00000000 00:00 0 
7e861e804000-7e861e900000 rw-p 00000000 00:00 0 
7e861e900000-7e861e904000 ---p 00000000 00:00 0 
7e861e904000-7e861ea00000 rw-p 00000000 00:00 0 
7e861ea00000-7e861ea04000 ---p 00000000 00:00 0 
7e861ea04000-7e861eb00000 rw-p 00000000 00:00 0 
7e861eb00000-7e861eb04000 ---p 00000000 00:00 0 
7e861eb04000-7e861ec00000 rw-p 00000000 00:00 0 
7e861ec00000-7e861ef49000 r--p 00000000 103:04 12327329                  /nix/store/7n769af7d879jlfn8d3h43bk617fan72-glibc-locales-2.42-84/lib/locale/locale-archive
7e861ef6f000-7e861efab000 r--p 00000000 103:04 3170491                   /home/costeer/.gradle/native/0.2.7/x86_64-linux-gnu/libgradle-fileevents.so
7e861efab000-7e861eff3000 r-xp 0003b000 103:04 3170491                   /home/costeer/.gradle/native/0.2.7/x86_64-linux-gnu/libgradle-fileevents.so
7e861eff3000-7e861effc000 r--p 00082000 103:04 3170491                   /home/costeer/.gradle/native/0.2.7/x86_64-linux-gnu/libgradle-fileevents.so
7e861effc000-7e861effd000 rw-p 0008a000 103:04 3170491                   /home/costeer/.gradle/native/0.2.7/x86_64-linux-gnu/libgradle-fileevents.so
7e861effd000-7e861f400000 rw-p 00000000 00:00 0 
7e861f400000-7e861f7c0000 rw-p 00000000 00:00 0 
7e861f7c0000-7e861f800000 rw-p 00000000 00:00 0 
7e861f800000-7e861f9c0000 rw-p 00000000 00:00 0 
7e861f9c0000-7e861fa00000 rw-p 00000000 00:00 0 
7e861fa00000-7e861fbc0000 rw-p 00000000 00:00 0 
7e861fbc0000-7e861fc00000 rw-p 00000000 00:00 0 
7e861fc00000-7e861ff00000 rw-p 00000000 00:00 0 
7e861ff00000-7e8620000000 rw-p 00000000 00:00 0 
7e8620000000-7e8620500000 rw-p 00000000 00:00 0 
7e8620500000-7e8620600000 rw-p 00000000 00:00 0 
7e8620600000-7e8620d00000 rw-p 00000000 00:00 0 
7e8620d00000-7e8620f00000 rw-p 00000000 00:00 0 
7e8620f00000-7e8621000000 rw-p 00000000 00:00 0 
7e8621000000-7e8621fa0000 rw-p 00000000 00:00 0 
7e8621fa0000-7e8623000000 rw-p 00000000 00:00 0 
7e8623000000-7e8623bc7000 rw-p 00001000 103:04 12327881                  /nix/store/j5n2kxk19rgrrkb5z1w310sy7dkvlhgj-openjdk-headless-17.0.20.1+1/lib/openjdk/lib/server/classes.jsa
7e8623bc7000-7e8624000000 ---p 00000000 00:00 0 
7e8624000000-7e8624040000 rw-p 00000000 00:00 0 
7e8624040000-7e8624080000 rw-p 00000000 00:00 0 
7e8624080000-7e8624140000 rw-p 00000000 00:00 0 
7e8624140000-7e8624180000 rw-p 00000000 00:00 0 
7e8624180000-7e86244c0000 rw-p 00000000 00:00 0 
7e86244c0000-7e8624500000 rw-p 00000000 00:00 0 
7e8624500000-7e8624fe0000 rw-p 00000000 00:00 0 
7e8624fe0000-7e8625000000 rw-p 00000000 00:00 0 
7e8625000000-7e8625040000 rw-p 00000000 00:00 0 
7e8625040000-7e8625080000 rw-p 00000000 00:00 0 
7e8625080000-7e86250c0000 rw-p 00000000 00:00 0 
7e86250c0000-7e86253e0000 rw-p 00000000 00:00 0 
7e86253e0000-7e8625940000 rw-p 00000000 00:00 0 
7e8625940000-7e8625980000 rw-p 00000000 00:00 0 
7e8625980000-7e8626f60000 rw-p 00000000 00:00 0 
7e8626f60000-7e8626f80000 rw-p 00000000 00:00 0 
7e8626f80000-7e8628060000 rw-p 00000000 00:00 0 
7e8628060000-7e8664000000 ---p 00000000 00:00 0 
7e8664000000-7e86642c5000 rw-p 00000000 00:00 0 
7e86642c5000-7e8668000000 ---p 00000000 00:00 0 
7e8668000000-7e8668527000 rw-p 00000000 00:00 0 
7e8668527000-7e866c000000 ---p 00000000 00:00 0 
7e866c000000-7e866c04f000 rw-p 00000000 00:00 0 
7e866c04f000-7e8670000000 ---p 00000000 00:00 0 
7e8670000000-7e86709ed000 rw-p 00000000 00:00 0 
7e86709ed000-7e8674000000 ---p 00000000 00:00 0 
7e8674000000-7e867562a000 rw-p 00000000 00:00 0 
7e867562a000-7e8678000000 ---p 00000000 00:00 0 
7e8678022000-7e8678026000 ---p 00000000 00:00 0 
7e8678026000-7e8678122000 rw-p 00000000 00:00 0 
7e8678122000-7e8678126000 ---p 00000000 00:00 0 
7e8678126000-7e8678323000 rw-p 00000000 00:00 0 
7e8678323000-7e8678328000 r--p 00000000 103:04 12327666                  /nix/store/j5n2kxk19rgrrkb5z1w310sy7dkvlhgj-openjdk-headless-17.0.20.1+1/lib/openjdk/lib/libjsvml.so
7e8678328000-7e8678369000 r-xp 00005000 103:04 12327666                  /nix/store/j5n2kxk19rgrrkb5z1w310sy7dkvlhgj-openjdk-headless-17.0.20.1+1/lib/openjdk/lib/libjsvml.so
7e8678369000-7e86783f2000 r--p 00046000 103:04 12327666                  /nix/store/j5n2kxk19rgrrkb5z1w310sy7dkvlhgj-openjdk-headless-17.0.20.1+1/lib/openjdk/lib/libjsvml.so
7e86783f2000-7e86783f3000 r--p 000ce000 103:04 12327666                  /nix/store/j5n2kxk19rgrrkb5z1w310sy7dkvlhgj-openjdk-headless-17.0.20.1+1/lib/openjdk/lib/libjsvml.so
7e86783f3000-7e86783f4000 rw-p 000cf000 103:04 12327666                  /nix/store/j5n2kxk19rgrrkb5z1w310sy7dkvlhgj-openjdk-headless-17.0.20.1+1/lib/openjdk/lib/libjsvml.so
7e86783f4000-7e86785f6000 rw-p 00000000 00:00 0 
7e86785f6000-7e867b000000 rw-p 00000000 00:00 0 
7e867b038000-7e867b03c000 ---p 00000000 00:00 0 
7e867b03c000-7e867b05a000 rw-p 00000000 00:00 0 
7e867b05a000-7e867b05e000 ---p 00000000 00:00 0 
7e867b05e000-7e867b07c000 rw-p 00000000 00:00 0 
7e867b0fd000-7e867b400000 rw-p 00000000 00:00 0 
7e867b400000-7e867dec0000 rw-p 00000000 00:00 0 
7e867dec0000-7e867f3f0000 ---p 00000000 00:00 0 
7e867f3f0000-7e8681ec0000 rw-p 00000000 00:00 0 
7e8681ec0000-7e86833f0000 ---p 00000000 00:00 0 
7e86833f0000-7e8683958000 rw-p 00000000 00:00 0 
7e8683958000-7e8683bfe000 ---p 00000000 00:00 0 
7e8683bfe000-7e8684158000 rw-p 00000000 00:00 0 
7e8684158000-7e86843fe000 ---p 00000000 00:00 0 
7e86843fe000-7e8684958000 rw-p 00000000 00:00 0 
7e8684958000-7e8684bfe000 ---p 00000000 00:00 0 
7e8684bfe000-7e8684c00000 rw-p 00000000 00:00 0 
7e8684c19000-7e8685400000 rw-p 00000000 00:00 0 
7e8685400000-7e868c937000 rwxp 00000000 00:00 0 
7e868c937000-7e868cc57000 rwxp 00000000 00:00 0 
7e868cc57000-7e868cec9000 ---p 00000000 00:00 0 
7e868cec9000-7e8692059000 rwxp 00000000 00:00 0 
7e8692059000-7e8694400000 ---p 00000000 00:00 0 
7e8694400000-7e869bfec000 r--s 00000000 103:04 12327755                  /nix/store/j5n2kxk19rgrrkb5z1w310sy7dkvlhgj-openjdk-headless-17.0.20.1+1/lib/openjdk/lib/modules
7e869c000000-7e869d4f9000 rw-p 00000000 00:00 0 
7e869d4f9000-7e86a0000000 ---p 00000000 00:00 0 
7e86a0012000-7e86a03b9000 rw-p 00000000 00:00 0 
7e86a03b9000-7e86a0400000 ---p 00000000 00:00 0 
7e86a0400000-7e86a04aa000 r--p 00000000 103:04 12977102                  /nix/store/3b7njvjfc2w5lhj1jklrsw4lq7nwypri-gcc-15.2.0-lib/lib/libstdc++.so.6.0.34
7e86a04aa000-7e86a05de000 r-xp 000aa000 103:04 12977102                  /nix/store/3b7njvjfc2w5lhj1jklrsw4lq7nwypri-gcc-15.2.0-lib/lib/libstdc++.so.6.0.34
7e86a05de000-7e86a066c000 r--p 001de000 103:04 12977102                  /nix/store/3b7njvjfc2w5lhj1jklrsw4lq7nwypri-gcc-15.2.0-lib/lib/libstdc++.so.6.0.34
7e86a066c000-7e86a067d000 r--p 0026b000 103:04 12977102                  /nix/store/3b7njvjfc2w5lhj1jklrsw4lq7nwypri-gcc-15.2.0-lib/lib/libstdc++.so.6.0.34
7e86a067d000-7e86a067e000 rw-p 0027c000 103:04 12977102                  /nix/store/3b7njvjfc2w5lhj1jklrsw4lq7nwypri-gcc-15.2.0-lib/lib/libstdc++.so.6.0.34
7e86a067e000-7e86a0682000 rw-p 00000000 00:00 0 
7e86a06a2000-7e86a06a4000 r--p 00000000 103:04 12327697                  /nix/store/j5n2kxk19rgrrkb5z1w310sy7dkvlhgj-openjdk-headless-17.0.20.1+1/lib/openjdk/lib/libmanagement_ext.so
7e86a06a4000-7e86a06a7000 r-xp 00002000 103:04 12327697                  /nix/store/j5n2kxk19rgrrkb5z1w310sy7dkvlhgj-openjdk-headless-17.0.20.1+1/lib/openjdk/lib/libmanagement_ext.so
7e86a06a7000-7e86a06a9000 r--p 00005000 103:04 12327697                  /nix/store/j5n2kxk19rgrrkb5z1w310sy7dkvlhgj-openjdk-headless-17.0.20.1+1/lib/openjdk/lib/libmanagement_ext.so
7e86a06a9000-7e86a06aa000 r--p 00006000 103:04 12327697                  /nix/store/j5n2kxk19rgrrkb5z1w310sy7dkvlhgj-openjdk-headless-17.0.20.1+1/lib/openjdk/lib/libmanagement_ext.so
7e86a06aa000-7e86a06ab000 rw-p 00007000 103:04 12327697                  /nix/store/j5n2kxk19rgrrkb5z1w310sy7dkvlhgj-openjdk-headless-17.0.20.1+1/lib/openjdk/lib/libmanagement_ext.so
7e86a06ab000-7e86a06ac000 rw-p 0000a000 103:04 12327697                  /nix/store/j5n2kxk19rgrrkb5z1w310sy7dkvlhgj-openjdk-headless-17.0.20.1+1/lib/openjdk/lib/libmanagement_ext.so
7e86a06ac000-7e86a06b1000 r--p 00000000 103:04 12327737                  /nix/store/j5n2kxk19rgrrkb5z1w310sy7dkvlhgj-openjdk-headless-17.0.20.1+1/lib/openjdk/lib/libverify.so
7e86a06b1000-7e86a06b9000 r-xp 00005000 103:04 12327737                  /nix/store/j5n2kxk19rgrrkb5z1w310sy7dkvlhgj-openjdk-headless-17.0.20.1+1/lib/openjdk/lib/libverify.so
7e86a06b9000-7e86a06bb000 r--p 0000d000 103:04 12327737                  /nix/store/j5n2kxk19rgrrkb5z1w310sy7dkvlhgj-openjdk-headless-17.0.20.1+1/lib/openjdk/lib/libverify.so
7e86a06bb000-7e86a06bd000 r--p 0000e000 103:04 12327737                  /nix/store/j5n2kxk19rgrrkb5z1w310sy7dkvlhgj-openjdk-headless-17.0.20.1+1/lib/openjdk/lib/libverify.so
7e86a06bd000-7e86a06be000 rw-p 00010000 103:04 12327737                  /nix/store/j5n2kxk19rgrrkb5z1w310sy7dkvlhgj-openjdk-headless-17.0.20.1+1/lib/openjdk/lib/libverify.so
7e86a06be000-7e86a06bf000 rw-p 00012000 103:04 12327737                  /nix/store/j5n2kxk19rgrrkb5z1w310sy7dkvlhgj-openjdk-headless-17.0.20.1+1/lib/openjdk/lib/libverify.so
7e86a06cb000-7e86a06ce000 r--p 00000000 103:04 12327635                  /nix/store/j5n2kxk19rgrrkb5z1w310sy7dkvlhgj-openjdk-headless-17.0.20.1+1/lib/openjdk/lib/libawt_headless.so
7e86a06ce000-7e86a06d2000 r-xp 00003000 103:04 12327635                  /nix/store/j5n2kxk19rgrrkb5z1w310sy7dkvlhgj-openjdk-headless-17.0.20.1+1/lib/openjdk/lib/libawt_headless.so
7e86a06d2000-7e86a06d4000 r--p 00007000 103:04 12327635                  /nix/store/j5n2kxk19rgrrkb5z1w310sy7dkvlhgj-openjdk-headless-17.0.20.1+1/lib/openjdk/lib/libawt_headless.so
7e86a06d4000-7e86a06d5000 r--p 00008000 103:04 12327635                  /nix/store/j5n2kxk19rgrrkb5z1w310sy7dkvlhgj-openjdk-headless-17.0.20.1+1/lib/openjdk/lib/libawt_headless.so
7e86a06d5000-7e86a06d6000 rw-p 00009000 103:04 12327635                  /nix/store/j5n2kxk19rgrrkb5z1w310sy7dkvlhgj-openjdk-headless-17.0.20.1+1/lib/openjdk/lib/libawt_headless.so
7e86a06d6000-7e86a06d8000 rw-p 0000c000 103:04 12327635                  /nix/store/j5n2kxk19rgrrkb5z1w310sy7dkvlhgj-openjdk-headless-17.0.20.1+1/lib/openjdk/lib/libawt_headless.so
7e86a06d8000-7e86a06d9000 r--p 00000000 103:04 12327722                  /nix/store/j5n2kxk19rgrrkb5z1w310sy7dkvlhgj-openjdk-headless-17.0.20.1+1/lib/openjdk/lib/librmi.so
7e86a06d9000-7e86a06da000 r-xp 00001000 103:04 12327722                  /nix/store/j5n2kxk19rgrrkb5z1w310sy7dkvlhgj-openjdk-headless-17.0.20.1+1/lib/openjdk/lib/librmi.so
7e86a06da000-7e86a06db000 r--p 00002000 103:04 12327722                  /nix/store/j5n2kxk19rgrrkb5z1w310sy7dkvlhgj-openjdk-headless-17.0.20.1+1/lib/openjdk/lib/librmi.so
7e86a06db000-7e86a06dc000 r--p 00002000 103:04 12327722                  /nix/store/j5n2kxk19rgrrkb5z1w310sy7dkvlhgj-openjdk-headless-17.0.20.1+1/lib/openjdk/lib/librmi.so
7e86a06dc000-7e86a06de000 rw-p 00003000 103:04 12327722                  /nix/store/j5n2kxk19rgrrkb5z1w310sy7dkvlhgj-openjdk-headless-17.0.20.1+1/lib/openjdk/lib/librmi.so
7e86a06de000-7e86a06e2000 ---p 00000000 00:00 0 
7e86a06e2000-7e86a0700000 rw-p 00000000 00:00 0 
7e86a0700000-7e86a0704000 ---p 00000000 00:00 0 
7e86a0704000-7e86a0800000 rw-p 00000000 00:00 0 
7e86a0800000-7e86a0a55000 r--p 00000000 103:04 12327897                  /nix/store/j5n2kxk19rgrrkb5z1w310sy7dkvlhgj-openjdk-headless-17.0.20.1+1/lib/openjdk/lib/server/libjvm.so
7e86a0a55000-7e86a184b000 r-xp 00255000 103:04 12327897                  /nix/store/j5n2kxk19rgrrkb5z1w310sy7dkvlhgj-openjdk-headless-17.0.20.1+1/lib/openjdk/lib/server/libjvm.so
7e86a184b000-7e86a1ac7000 r--p 0104b000 103:04 12327897                  /nix/store/j5n2kxk19rgrrkb5z1w310sy7dkvlhgj-openjdk-headless-17.0.20.1+1/lib/openjdk/lib/server/libjvm.so
7e86a1ac7000-7e86a1b81000 r--p 012c6000 103:04 12327897                  /nix/store/j5n2kxk19rgrrkb5z1w310sy7dkvlhgj-openjdk-headless-17.0.20.1+1/lib/openjdk/lib/server/libjvm.so
7e86a1b81000-7e86a1bb6000 rw-p 01380000 103:04 12327897                  /nix/store/j5n2kxk19rgrrkb5z1w310sy7dkvlhgj-openjdk-headless-17.0.20.1+1/lib/openjdk/lib/server/libjvm.so
7e86a1bb6000-7e86a1c11000 rw-p 00000000 00:00 0 
7e86a1c11000-7e86a1c14000 rw-p 01796000 103:04 12327897                  /nix/store/j5n2kxk19rgrrkb5z1w310sy7dkvlhgj-openjdk-headless-17.0.20.1+1/lib/openjdk/lib/server/libjvm.so
7e86a1c17000-7e86a1c18000 r--p 00000000 103:04 12327640                  /nix/store/j5n2kxk19rgrrkb5z1w310sy7dkvlhgj-openjdk-headless-17.0.20.1+1/lib/openjdk/lib/libextnet.so
7e86a1c18000-7e86a1c19000 r-xp 00001000 103:04 12327640                  /nix/store/j5n2kxk19rgrrkb5z1w310sy7dkvlhgj-openjdk-headless-17.0.20.1+1/lib/openjdk/lib/libextnet.so
7e86a1c19000-7e86a1c1a000 r--p 00002000 103:04 12327640                  /nix/store/j5n2kxk19rgrrkb5z1w310sy7dkvlhgj-openjdk-headless-17.0.20.1+1/lib/openjdk/lib/libextnet.so
7e86a1c1a000-7e86a1c1b000 r--p 00002000 103:04 12327640                  /nix/store/j5n2kxk19rgrrkb5z1w310sy7dkvlhgj-openjdk-headless-17.0.20.1+1/lib/openjdk/lib/libextnet.so
7e86a1c1b000-7e86a1c1c000 rw-p 00003000 103:04 12327640                  /nix/store/j5n2kxk19rgrrkb5z1w310sy7dkvlhgj-openjdk-headless-17.0.20.1+1/lib/openjdk/lib/libextnet.so
7e86a1c1c000-7e86a1c1d000 rw-p 00005000 103:04 12327640                  /nix/store/j5n2kxk19rgrrkb5z1w310sy7dkvlhgj-openjdk-headless-17.0.20.1+1/lib/openjdk/lib/libextnet.so
7e86a1c1d000-7e86a1d08000 rw-p 00000000 00:00 0 
7e86a1d08000-7e86a1d19000 r--p 00000000 103:04 11946591                  /nix/store/rkiwrqh8g6gs5rws4bf1s3mrdcs15gm9-glibc-2.42-84/lib/libm.so.6
7e86a1d19000-7e86a1d9e000 r-xp 00011000 103:04 11946591                  /nix/store/rkiwrqh8g6gs5rws4bf1s3mrdcs15gm9-glibc-2.42-84/lib/libm.so.6
7e86a1d9e000-7e86a1dfe000 r--p 00096000 103:04 11946591                  /nix/store/rkiwrqh8g6gs5rws4bf1s3mrdcs15gm9-glibc-2.42-84/lib/libm.so.6
7e86a1dfe000-7e86a1dff000 r--p 000f5000 103:04 11946591                  /nix/store/rkiwrqh8g6gs5rws4bf1s3mrdcs15gm9-glibc-2.42-84/lib/libm.so.6
7e86a1dff000-7e86a1e00000 rw-p 000f6000 103:04 11946591                  /nix/store/rkiwrqh8g6gs5rws4bf1s3mrdcs15gm9-glibc-2.42-84/lib/libm.so.6
7e86a1e00000-7e86a1e28000 r--p 00000000 103:04 11946579                  /nix/store/rkiwrqh8g6gs5rws4bf1s3mrdcs15gm9-glibc-2.42-84/lib/libc.so.6
7e86a1e28000-7e86a1fa9000 r-xp 00028000 103:04 11946579                  /nix/store/rkiwrqh8g6gs5rws4bf1s3mrdcs15gm9-glibc-2.42-84/lib/libc.so.6
7e86a1fa9000-7e86a1ff8000 r--p 001a9000 103:04 11946579                  /nix/store/rkiwrqh8g6gs5rws4bf1s3mrdcs15gm9-glibc-2.42-84/lib/libc.so.6
7e86a1ff8000-7e86a1ffc000 r--p 001f7000 103:04 11946579                  /nix/store/rkiwrqh8g6gs5rws4bf1s3mrdcs15gm9-glibc-2.42-84/lib/libc.so.6
7e86a1ffc000-7e86a1ffe000 rw-p 001fb000 103:04 11946579                  /nix/store/rkiwrqh8g6gs5rws4bf1s3mrdcs15gm9-glibc-2.42-84/lib/libc.so.6
7e86a1ffe000-7e86a200b000 rw-p 00000000 00:00 0 
7e86a200d000-7e86a2010000 r--p 00000000 103:04 12327670                  /nix/store/j5n2kxk19rgrrkb5z1w310sy7dkvlhgj-openjdk-headless-17.0.20.1+1/lib/openjdk/lib/libmanagement.so
7e86a2010000-7e86a2011000 r-xp 00003000 103:04 12327670                  /nix/store/j5n2kxk19rgrrkb5z1w310sy7dkvlhgj-openjdk-headless-17.0.20.1+1/lib/openjdk/lib/libmanagement.so
7e86a2011000-7e86a2012000 r--p 00004000 103:04 12327670                  /nix/store/j5n2kxk19rgrrkb5z1w310sy7dkvlhgj-openjdk-headless-17.0.20.1+1/lib/openjdk/lib/libmanagement.so
7e86a2012000-7e86a2013000 r--p 00004000 103:04 12327670                  /nix/store/j5n2kxk19rgrrkb5z1w310sy7dkvlhgj-openjdk-headless-17.0.20.1+1/lib/openjdk/lib/libmanagement.so
7e86a2013000-7e86a2014000 rw-p 00005000 103:04 12327670                  /nix/store/j5n2kxk19rgrrkb5z1w310sy7dkvlhgj-openjdk-headless-17.0.20.1+1/lib/openjdk/lib/libmanagement.so
7e86a2014000-7e86a2016000 rw-p 00008000 103:04 12327670                  /nix/store/j5n2kxk19rgrrkb5z1w310sy7dkvlhgj-openjdk-headless-17.0.20.1+1/lib/openjdk/lib/libmanagement.so
7e86a2016000-7e86a201a000 r--p 00000000 103:04 12327702                  /nix/store/j5n2kxk19rgrrkb5z1w310sy7dkvlhgj-openjdk-headless-17.0.20.1+1/lib/openjdk/lib/libnet.so
7e86a201a000-7e86a2029000 r-xp 00004000 103:04 12327702                  /nix/store/j5n2kxk19rgrrkb5z1w310sy7dkvlhgj-openjdk-headless-17.0.20.1+1/lib/openjdk/lib/libnet.so
7e86a2029000-7e86a202d000 r--p 00013000 103:04 12327702                  /nix/store/j5n2kxk19rgrrkb5z1w310sy7dkvlhgj-openjdk-headless-17.0.20.1+1/lib/openjdk/lib/libnet.so
7e86a202d000-7e86a202e000 r--p 00016000 103:04 12327702                  /nix/store/j5n2kxk19rgrrkb5z1w310sy7dkvlhgj-openjdk-headless-17.0.20.1+1/lib/openjdk/lib/libnet.so
7e86a202e000-7e86a202f000 rw-p 00017000 103:04 12327702                  /nix/store/j5n2kxk19rgrrkb5z1w310sy7dkvlhgj-openjdk-headless-17.0.20.1+1/lib/openjdk/lib/libnet.so
7e86a202f000-7e86a2031000 rw-p 0001c000 103:04 12327702                  /nix/store/j5n2kxk19rgrrkb5z1w310sy7dkvlhgj-openjdk-headless-17.0.20.1+1/lib/openjdk/lib/libnet.so
7e86a2031000-7e86a2039000 r--p 00000000 103:04 12327706                  /nix/store/j5n2kxk19rgrrkb5z1w310sy7dkvlhgj-openjdk-headless-17.0.20.1+1/lib/openjdk/lib/libnio.so
7e86a2039000-7e86a2042000 r-xp 00008000 103:04 12327706                  /nix/store/j5n2kxk19rgrrkb5z1w310sy7dkvlhgj-openjdk-headless-17.0.20.1+1/lib/openjdk/lib/libnio.so
7e86a2042000-7e86a2046000 r--p 00011000 103:04 12327706                  /nix/store/j5n2kxk19rgrrkb5z1w310sy7dkvlhgj-openjdk-headless-17.0.20.1+1/lib/openjdk/lib/libnio.so
7e86a2046000-7e86a2047000 r--p 00015000 103:04 12327706                  /nix/store/j5n2kxk19rgrrkb5z1w310sy7dkvlhgj-openjdk-headless-17.0.20.1+1/lib/openjdk/lib/libnio.so
7e86a2047000-7e86a2048000 rw-p 00016000 103:04 12327706                  /nix/store/j5n2kxk19rgrrkb5z1w310sy7dkvlhgj-openjdk-headless-17.0.20.1+1/lib/openjdk/lib/libnio.so
7e86a2048000-7e86a204c000 rw-p 0001c000 103:04 12327706                  /nix/store/j5n2kxk19rgrrkb5z1w310sy7dkvlhgj-openjdk-headless-17.0.20.1+1/lib/openjdk/lib/libnio.so
7e86a204c000-7e86a204f000 r--p 00000000 103:04 12327749                  /nix/store/j5n2kxk19rgrrkb5z1w310sy7dkvlhgj-openjdk-headless-17.0.20.1+1/lib/openjdk/lib/libzip.so
7e86a204f000-7e86a2054000 r-xp 00003000 103:04 12327749                  /nix/store/j5n2kxk19rgrrkb5z1w310sy7dkvlhgj-openjdk-headless-17.0.20.1+1/lib/openjdk/lib/libzip.so
7e86a2054000-7e86a2056000 r--p 00008000 103:04 12327749                  /nix/store/j5n2kxk19rgrrkb5z1w310sy7dkvlhgj-openjdk-headless-17.0.20.1+1/lib/openjdk/lib/libzip.so
7e86a2056000-7e86a2057000 r--p 00009000 103:04 12327749                  /nix/store/j5n2kxk19rgrrkb5z1w310sy7dkvlhgj-openjdk-headless-17.0.20.1+1/lib/openjdk/lib/libzip.so
7e86a2057000-7e86a2058000 rw-p 0000a000 103:04 12327749                  /nix/store/j5n2kxk19rgrrkb5z1w310sy7dkvlhgj-openjdk-headless-17.0.20.1+1/lib/openjdk/lib/libzip.so
7e86a2058000-7e86a2059000 rw-p 0000d000 103:04 12327749                  /nix/store/j5n2kxk19rgrrkb5z1w310sy7dkvlhgj-openjdk-headless-17.0.20.1+1/lib/openjdk/lib/libzip.so
7e86a2059000-7e86a2060000 rw-p 00000000 00:00 0 
7e86a2060000-7e86a2065000 ---p 00000000 00:00 0 
7e86a2065000-7e86a206d000 rw-s 00000000 103:04 3183405                   /tmp/hsperfdata_costeer/276805
7e86a206d000-7e86a207b000 r--p 00000000 103:04 12327654                  /nix/store/j5n2kxk19rgrrkb5z1w310sy7dkvlhgj-openjdk-headless-17.0.20.1+1/lib/openjdk/lib/libjava.so
7e86a207b000-7e86a208e000 r-xp 0000e000 103:04 12327654                  /nix/store/j5n2kxk19rgrrkb5z1w310sy7dkvlhgj-openjdk-headless-17.0.20.1+1/lib/openjdk/lib/libjava.so
7e86a208e000-7e86a2094000 r--p 00021000 103:04 12327654                  /nix/store/j5n2kxk19rgrrkb5z1w310sy7dkvlhgj-openjdk-headless-17.0.20.1+1/lib/openjdk/lib/libjava.so
7e86a2094000-7e86a2095000 r--p 00027000 103:04 12327654                  /nix/store/j5n2kxk19rgrrkb5z1w310sy7dkvlhgj-openjdk-headless-17.0.20.1+1/lib/openjdk/lib/libjava.so
7e86a2095000-7e86a2096000 rw-p 00028000 103:04 12327654                  /nix/store/j5n2kxk19rgrrkb5z1w310sy7dkvlhgj-openjdk-headless-17.0.20.1+1/lib/openjdk/lib/libjava.so
7e86a2096000-7e86a2097000 rw-p 00000000 00:00 0 
7e86a2097000-7e86a209d000 rw-p 00033000 103:04 12327654                  /nix/store/j5n2kxk19rgrrkb5z1w310sy7dkvlhgj-openjdk-headless-17.0.20.1+1/lib/openjdk/lib/libjava.so
7e86a209d000-7e86a209f000 r--p 00000000 103:04 12327643                  /nix/store/j5n2kxk19rgrrkb5z1w310sy7dkvlhgj-openjdk-headless-17.0.20.1+1/lib/openjdk/lib/libinstrument.so
7e86a209f000-7e86a20a6000 r-xp 00002000 103:04 12327643                  /nix/store/j5n2kxk19rgrrkb5z1w310sy7dkvlhgj-openjdk-headless-17.0.20.1+1/lib/openjdk/lib/libinstrument.so
7e86a20a6000-7e86a20a9000 r--p 00009000 103:04 12327643                  /nix/store/j5n2kxk19rgrrkb5z1w310sy7dkvlhgj-openjdk-headless-17.0.20.1+1/lib/openjdk/lib/libinstrument.so
7e86a20a9000-7e86a20aa000 r--p 0000b000 103:04 12327643                  /nix/store/j5n2kxk19rgrrkb5z1w310sy7dkvlhgj-openjdk-headless-17.0.20.1+1/lib/openjdk/lib/libinstrument.so
7e86a20aa000-7e86a20ab000 rw-p 0000c000 103:04 12327643                  /nix/store/j5n2kxk19rgrrkb5z1w310sy7dkvlhgj-openjdk-headless-17.0.20.1+1/lib/openjdk/lib/libinstrument.so
7e86a20ab000-7e86a20ac000 rw-p 0000f000 103:04 12327643                  /nix/store/j5n2kxk19rgrrkb5z1w310sy7dkvlhgj-openjdk-headless-17.0.20.1+1/lib/openjdk/lib/libinstrument.so
7e86a20ac000-7e86a20ad000 ---p 00000000 00:00 0 
7e86a20ad000-7e86a20ae000 r--p 00000000 00:00 0 
7e86a20ae000-7e86a20b2000 r--p 00000000 103:04 12846417                  /nix/store/yf2c1gngi2dqvgni1rgvnixxc0d8di02-gcc-15.2.0-libgcc/lib/libgcc_s.so.1
7e86a20b2000-7e86a20d5000 r-xp 00004000 103:04 12846417                  /nix/store/yf2c1gngi2dqvgni1rgvnixxc0d8di02-gcc-15.2.0-libgcc/lib/libgcc_s.so.1
7e86a20d5000-7e86a20d9000 r--p 00027000 103:04 12846417                  /nix/store/yf2c1gngi2dqvgni1rgvnixxc0d8di02-gcc-15.2.0-libgcc/lib/libgcc_s.so.1
7e86a20d9000-7e86a20da000 r--p 0002b000 103:04 12846417                  /nix/store/yf2c1gngi2dqvgni1rgvnixxc0d8di02-gcc-15.2.0-libgcc/lib/libgcc_s.so.1
7e86a20da000-7e86a20db000 rw-p 0002c000 103:04 12846417                  /nix/store/yf2c1gngi2dqvgni1rgvnixxc0d8di02-gcc-15.2.0-libgcc/lib/libgcc_s.so.1
7e86a20db000-7e86a20dc000 r--p 00000000 103:04 11946614                  /nix/store/rkiwrqh8g6gs5rws4bf1s3mrdcs15gm9-glibc-2.42-84/lib/librt.so.1
7e86a20dc000-7e86a20dd000 r-xp 00001000 103:04 11946614                  /nix/store/rkiwrqh8g6gs5rws4bf1s3mrdcs15gm9-glibc-2.42-84/lib/librt.so.1
7e86a20dd000-7e86a20de000 r--p 00002000 103:04 11946614                  /nix/store/rkiwrqh8g6gs5rws4bf1s3mrdcs15gm9-glibc-2.42-84/lib/librt.so.1
7e86a20de000-7e86a20df000 r--p 00002000 103:04 11946614                  /nix/store/rkiwrqh8g6gs5rws4bf1s3mrdcs15gm9-glibc-2.42-84/lib/librt.so.1
7e86a20df000-7e86a20e0000 rw-p 00003000 103:04 11946614                  /nix/store/rkiwrqh8g6gs5rws4bf1s3mrdcs15gm9-glibc-2.42-84/lib/librt.so.1
7e86a20e0000-7e86a20e5000 rw-p 00000000 00:00 0 
7e86a20e5000-7e86a20e6000 r--p 00000000 103:04 11946589                  /nix/store/rkiwrqh8g6gs5rws4bf1s3mrdcs15gm9-glibc-2.42-84/lib/libdl.so.2
7e86a20e6000-7e86a20e7000 r-xp 00001000 103:04 11946589                  /nix/store/rkiwrqh8g6gs5rws4bf1s3mrdcs15gm9-glibc-2.42-84/lib/libdl.so.2
7e86a20e7000-7e86a20e8000 r--p 00002000 103:04 11946589                  /nix/store/rkiwrqh8g6gs5rws4bf1s3mrdcs15gm9-glibc-2.42-84/lib/libdl.so.2
7e86a20e8000-7e86a20e9000 r--p 00002000 103:04 11946589                  /nix/store/rkiwrqh8g6gs5rws4bf1s3mrdcs15gm9-glibc-2.42-84/lib/libdl.so.2
7e86a20e9000-7e86a20ea000 rw-p 00003000 103:04 11946589                  /nix/store/rkiwrqh8g6gs5rws4bf1s3mrdcs15gm9-glibc-2.42-84/lib/libdl.so.2
7e86a20ea000-7e86a20eb000 r--p 00000000 103:04 11946607                  /nix/store/rkiwrqh8g6gs5rws4bf1s3mrdcs15gm9-glibc-2.42-84/lib/libpthread.so.0
7e86a20eb000-7e86a20ec000 r-xp 00001000 103:04 11946607                  /nix/store/rkiwrqh8g6gs5rws4bf1s3mrdcs15gm9-glibc-2.42-84/lib/libpthread.so.0
7e86a20ec000-7e86a20ed000 r--p 00002000 103:04 11946607                  /nix/store/rkiwrqh8g6gs5rws4bf1s3mrdcs15gm9-glibc-2.42-84/lib/libpthread.so.0
7e86a20ed000-7e86a20ee000 r--p 00002000 103:04 11946607                  /nix/store/rkiwrqh8g6gs5rws4bf1s3mrdcs15gm9-glibc-2.42-84/lib/libpthread.so.0
7e86a20ee000-7e86a20ef000 rw-p 00003000 103:04 11946607                  /nix/store/rkiwrqh8g6gs5rws4bf1s3mrdcs15gm9-glibc-2.42-84/lib/libpthread.so.0
7e86a20ef000-7e86a20f0000 ---p 00000000 00:00 0 
7e86a20f0000-7e86a20f2000 r--p 00000000 103:04 12327661                  /nix/store/j5n2kxk19rgrrkb5z1w310sy7dkvlhgj-openjdk-headless-17.0.20.1+1/lib/openjdk/lib/libjimage.so
7e86a20f2000-7e86a20f5000 r-xp 00002000 103:04 12327661                  /nix/store/j5n2kxk19rgrrkb5z1w310sy7dkvlhgj-openjdk-headless-17.0.20.1+1/lib/openjdk/lib/libjimage.so
7e86a20f5000-7e86a20f6000 r--p 00005000 103:04 12327661                  /nix/store/j5n2kxk19rgrrkb5z1w310sy7dkvlhgj-openjdk-headless-17.0.20.1+1/lib/openjdk/lib/libjimage.so
7e86a20f6000-7e86a20f7000 r--p 00006000 103:04 12327661                  /nix/store/j5n2kxk19rgrrkb5z1w310sy7dkvlhgj-openjdk-headless-17.0.20.1+1/lib/openjdk/lib/libjimage.so
7e86a20f7000-7e86a20f8000 rw-p 00007000 103:04 12327661                  /nix/store/j5n2kxk19rgrrkb5z1w310sy7dkvlhgj-openjdk-headless-17.0.20.1+1/lib/openjdk/lib/libjimage.so
7e86a20f8000-7e86a20f9000 rw-p 0000a000 103:04 12327661                  /nix/store/j5n2kxk19rgrrkb5z1w310sy7dkvlhgj-openjdk-headless-17.0.20.1+1/lib/openjdk/lib/libjimage.so
7e86a20f9000-7e86a20fc000 r--p 00000000 103:04 12327663                  /nix/store/j5n2kxk19rgrrkb5z1w310sy7dkvlhgj-openjdk-headless-17.0.20.1+1/lib/openjdk/lib/libjli.so
7e86a20fc000-7e86a2106000 r-xp 00003000 103:04 12327663                  /nix/store/j5n2kxk19rgrrkb5z1w310sy7dkvlhgj-openjdk-headless-17.0.20.1+1/lib/openjdk/lib/libjli.so
7e86a2106000-7e86a2109000 r--p 0000d000 103:04 12327663                  /nix/store/j5n2kxk19rgrrkb5z1w310sy7dkvlhgj-openjdk-headless-17.0.20.1+1/lib/openjdk/lib/libjli.so
7e86a2109000-7e86a210a000 r--p 00010000 103:04 12327663                  /nix/store/j5n2kxk19rgrrkb5z1w310sy7dkvlhgj-openjdk-headless-17.0.20.1+1/lib/openjdk/lib/libjli.so
7e86a210a000-7e86a210b000 rw-p 00011000 103:04 12327663                  /nix/store/j5n2kxk19rgrrkb5z1w310sy7dkvlhgj-openjdk-headless-17.0.20.1+1/lib/openjdk/lib/libjli.so
7e86a210b000-7e86a210e000 r--p 00000000 103:04 12976823                  /nix/store/yq335q9gkpbpm9z7vzfcfngydldpj6q4-zlib-1.3.2/lib/libz.so.1.3.2
7e86a210e000-7e86a2122000 r-xp 00003000 103:04 12976823                  /nix/store/yq335q9gkpbpm9z7vzfcfngydldpj6q4-zlib-1.3.2/lib/libz.so.1.3.2
7e86a2122000-7e86a2128000 r--p 00017000 103:04 12976823                  /nix/store/yq335q9gkpbpm9z7vzfcfngydldpj6q4-zlib-1.3.2/lib/libz.so.1.3.2
7e86a2128000-7e86a2129000 r--p 0001c000 103:04 12976823                  /nix/store/yq335q9gkpbpm9z7vzfcfngydldpj6q4-zlib-1.3.2/lib/libz.so.1.3.2
7e86a2129000-7e86a212a000 rw-p 0001d000 103:04 12976823                  /nix/store/yq335q9gkpbpm9z7vzfcfngydldpj6q4-zlib-1.3.2/lib/libz.so.1.3.2
7e86a212a000-7e86a212c000 rw-p 00000000 00:00 0 
7e86a212c000-7e86a2130000 r--p 00000000 00:00 0                          [vvar]
7e86a2130000-7e86a2132000 r--p 00000000 00:00 0                          [vvar_vclock]
7e86a2132000-7e86a2134000 r-xp 00000000 00:00 0                          [vdso]
7e86a2134000-7e86a2135000 r--p 00000000 103:04 11946571                  /nix/store/rkiwrqh8g6gs5rws4bf1s3mrdcs15gm9-glibc-2.42-84/lib/ld-linux-x86-64.so.2
7e86a2135000-7e86a2160000 r-xp 00001000 103:04 11946571                  /nix/store/rkiwrqh8g6gs5rws4bf1s3mrdcs15gm9-glibc-2.42-84/lib/ld-linux-x86-64.so.2
7e86a2160000-7e86a216b000 r--p 0002c000 103:04 11946571                  /nix/store/rkiwrqh8g6gs5rws4bf1s3mrdcs15gm9-glibc-2.42-84/lib/ld-linux-x86-64.so.2
7e86a216b000-7e86a216d000 r--p 00037000 103:04 11946571                  /nix/store/rkiwrqh8g6gs5rws4bf1s3mrdcs15gm9-glibc-2.42-84/lib/ld-linux-x86-64.so.2
7e86a216d000-7e86a216e000 rw-p 00039000 103:04 11946571                  /nix/store/rkiwrqh8g6gs5rws4bf1s3mrdcs15gm9-glibc-2.42-84/lib/ld-linux-x86-64.so.2
7e86a216e000-7e86a216f000 rw-p 00000000 00:00 0 
7ffdfb1e3000-7ffdfb207000 rw-p 00000000 00:00 0                          [stack]
ffffffffff600000-ffffffffff601000 --xp 00000000 00:00 0                  [vsyscall]


VM Arguments:
jvm_args: --add-opens=java.base/java.lang=ALL-UNNAMED --add-opens=java.base/java.lang.invoke=ALL-UNNAMED --add-opens=java.base/java.util=ALL-UNNAMED --add-opens=java.prefs/java.util.prefs=ALL-UNNAMED --add-exports=jdk.compiler/com.sun.tools.javac.api=ALL-UNNAMED --add-exports=jdk.compiler/com.sun.tools.javac.util=ALL-UNNAMED --add-opens=java.base/java.util=ALL-UNNAMED --add-opens=java.prefs/java.util.prefs=ALL-UNNAMED --add-opens=java.base/java.nio.charset=ALL-UNNAMED --add-opens=java.base/java.net=ALL-UNNAMED --add-opens=java.base/java.util.concurrent.atomic=ALL-UNNAMED --add-opens=java.xml/javax.xml.namespace=ALL-UNNAMED -Xmx4g -Dfile.encoding=UTF-8 -Duser.country -Duser.language=en -Duser.variant -javaagent:/home/costeer/.gradle/wrapper/dists/gradle-8.13-bin/5xuhj0ry160q40clulazy9h7d/gradle-8.13/lib/agents/gradle-instrumentation-agent-8.13.jar 
java_command: org.gradle.launcher.daemon.bootstrap.GradleDaemon 8.13
java_class_path (initial): /home/costeer/.gradle/wrapper/dists/gradle-8.13-bin/5xuhj0ry160q40clulazy9h7d/gradle-8.13/lib/gradle-daemon-main-8.13.jar
Launcher Type: SUN_STANDARD

[Global flags]
     intx CICompilerCount                          = 4                                         {product} {ergonomic}
     uint ConcGCThreads                            = 3                                         {product} {ergonomic}
     uint G1ConcRefinementThreads                  = 10                                        {product} {ergonomic}
   size_t G1HeapRegionSize                         = 2097152                                   {product} {ergonomic}
    uintx GCDrainStackTargetSize                   = 64                                        {product} {ergonomic}
   size_t InitialHeapSize                          = 262144000                                 {product} {ergonomic}
   size_t MarkStackSize                            = 4194304                                   {product} {ergonomic}
   size_t MaxHeapSize                              = 4294967296                                {product} {command line}
   size_t MaxNewSize                               = 2575302656                                {product} {ergonomic}
   size_t MinHeapDeltaBytes                        = 2097152                                   {product} {ergonomic}
   size_t MinHeapSize                              = 8388608                                   {product} {ergonomic}
    uintx NonNMethodCodeHeapSize                   = 5839372                                {pd product} {ergonomic}
    uintx NonProfiledCodeHeapSize                  = 122909434                              {pd product} {ergonomic}
    uintx ProfiledCodeHeapSize                     = 122909434                              {pd product} {ergonomic}
    uintx ReservedCodeCacheSize                    = 251658240                              {pd product} {ergonomic}
     bool SegmentedCodeCache                       = true                                      {product} {ergonomic}
   size_t SoftMaxHeapSize                          = 4294967296                             {manageable} {ergonomic}
     bool UseCompressedClassPointers               = true                           {product lp64_product} {ergonomic}
     bool UseCompressedOops                        = true                           {product lp64_product} {ergonomic}
     bool UseG1GC                                  = true                                      {product} {ergonomic}

Logging:
Log output configuration:
 #0: stdout all=warning uptime,level,tags
 #1: stderr all=off uptime,level,tags

Environment Variables:
JAVA_HOME=/nix/store/j5n2kxk19rgrrkb5z1w310sy7dkvlhgj-openjdk-headless-17.0.20.1+1/lib/openjdk
PATH=/nix/store/j5n2kxk19rgrrkb5z1w310sy7dkvlhgj-openjdk-headless-17.0.20.1+1/lib/openjdk/bin:/home/costeer/.cache/quicklauncher-android-sdk/platform-tools:/home/costeer/.local/bin:/home/costeer/bin:/home/costeer/.cargo/bin:/home/costeer/.nix-profile/bin:/home/costeer/.local/state/nix/profile/bin:/etc/profiles/per-user/costeer/bin:/run/wrappers/bin:/run/current-system/sw/bin:/home/costeer/.codex/tmp/arg0/codex-arg0ZLn7Jz:/nix/store/zc6fy62c341aibk36p4ywff7rf9wn4wx-ripgrep-15.2.0/bin:/nix/store/v24sx9l1jmvvia3z8iznrd7jwhvc8kcf-bubblewrap-0.11.2/bin:/home/costeer/.cache/appimage-run/8dc1fccdabc2ed3a59a3944cc772ef11931b9351401c0963ed305d5f96e3cdf4:/home/costeer/.cache/appimage-run/8dc1fccdabc2ed3a59a3944cc772ef11931b9351401c0963ed305d5f96e3cdf4/usr/sbin:/nix/store/yisa2lg79zcvgk4ck4yr6r0lz6j63hs3-bash-interactive-5.3p9/bin:/nix/store/63wdfxcylc7rzym8iwhv84yppg8gj3vv-binutils-2.46/bin:/nix/store/61685rbaxmpigwi3z23i33sv3jyfl70q-coreutils-9.11/bin:/nix/store/l048yqk8sv2lpz14ww39bqc3vzcmlz6m-gawk-5.4.1/bin:/nix/store/dcb4510gbbkd7kg59m97ampjf4dhi43a-libarchive-3.8.9/bin:/nix/store/xdjv3i61fcnbgzk5ml63w3z3m8c4g0p1-pv-1.10.5/bin:/nix/store/24lz9z364d9dymy8izf99av7j2vmw753-squashfs-4.7.5/bin:/usr/bin:/usr/sbin:/nix/store/viadyk3hg56ib6vky4cm3sb2y3n305aw-nodejs-24.19.0/bin:/nix/store/2dzir0i44c70w1n5iazj9mbv2lnzwl03-vicinae-0.23.2/bin:/nix/store/rcdh962vp1xhsv30wp86qi29bbyjiw6k-flatpak-1.16.6/bin:/nix/store/khnfirshq5j299s6sfj0laxj0vr7gaa6-systemd-260.2/bin:/nix/store/6d9hq89y1d3973dnw231x6mvm9k7y6rf-uwsm-0.26.4/bin:/nix/store/kql2l4nafrby8ghb3klj5n8arhd2v61h-util-linux-2.42.2-bin/bin:/nix/store/iqbwcih63p34ma7ymzp9g2sildl650aw-newt-0.52.24/bin:/nix/store/i26gxxjkkgmgbcvd3w40rjm76qhcc9fj-libnotify-0.8.8/bin:/nix/store/qaf88ijkrzm2928y1irgizz88mnd93gc-python3-3.13.15-env/bin:/nix/store/f3h5rjppq3xkr2cwp0ara5q096bndnjm-dmenu-5.4/bin:/home/costeer/usr/bin
LD_LIBRARY_PATH=/home/costeer/.cache/appimage-run/8dc1fccdabc2ed3a59a3944cc772ef11931b9351401c0963ed305d5f96e3cdf4/usr/lib
SHELL=/run/current-system/sw/bin/zsh
DISPLAY=:0
LANG=en_US.UTF-8
LC_ALL=C.UTF-8
LC_CTYPE=C.UTF-8
LC_NUMERIC=de_DE.UTF-8
LC_TIME=de_DE.UTF-8
TERM=linux

Active Locale:
LC_ALL=C.UTF-8
LC_COLLATE=C.UTF-8
LC_CTYPE=C.UTF-8
LC_MESSAGES=C.UTF-8
LC_MONETARY=C.UTF-8
LC_NUMERIC=C.UTF-8
LC_TIME=C.UTF-8

Signal Handlers:
   SIGSEGV: crash_handler in libjvm.so, mask=11100100010111111101111111111110, flags=SA_RESTART|SA_SIGINFO, unblocked
    SIGBUS: crash_handler in libjvm.so, mask=11100100010111111101111111111110, flags=SA_RESTART|SA_SIGINFO, unblocked
    SIGFPE: crash_handler in libjvm.so, mask=11100100010111111101111111111110, flags=SA_RESTART|SA_SIGINFO, unblocked
   SIGPIPE: javaSignalHandler in libjvm.so, mask=11100100010111111101111111111110, flags=SA_RESTART|SA_SIGINFO, blocked
   SIGXFSZ: javaSignalHandler in libjvm.so, mask=11100100010111111101111111111110, flags=SA_RESTART|SA_SIGINFO, blocked
    SIGILL: crash_handler in libjvm.so, mask=11100100010111111101111111111110, flags=SA_RESTART|SA_SIGINFO, unblocked
   SIGUSR2: SR_handler in libjvm.so, mask=00100000000000000000000000000000, flags=SA_RESTART|SA_SIGINFO, blocked
    SIGHUP: UserHandler in libjvm.so, mask=11100100010111111101111111111110, flags=SA_RESTART|SA_SIGINFO, blocked
    SIGINT: UserHandler in libjvm.so, mask=11100100010111111101111111111110, flags=SA_RESTART|SA_SIGINFO, blocked
   SIGTERM: UserHandler in libjvm.so, mask=11100100010111111101111111111110, flags=SA_RESTART|SA_SIGINFO, blocked
   SIGQUIT: UserHandler in libjvm.so, mask=11100100010111111101111111111110, flags=SA_RESTART|SA_SIGINFO, blocked
   SIGTRAP: crash_handler in libjvm.so, mask=11100100010111111101111111111110, flags=SA_RESTART|SA_SIGINFO, unblocked


Periodic native trim disabled


---------------  S Y S T E M  ---------------

OS:
ANSI_COLOR="0;38;2;126;186;228"
BUG_REPORT_URL="https://github.com/NixOS/nixpkgs/issues"
BUILD_ID="26.05.20260905.6713828"
CPE_NAME="cpe:/o:nixos:nixos:26.05"
DEFAULT_HOSTNAME=nixos
DOCUMENTATION_URL="https://nixos.org/learn.html"
HOME_URL="https://nixos.org/"
ID=nixos
ID_LIKE=""
IMAGE_ID=""
IMAGE_VERSION=""
LOGO="nix-snowflake"
NAME=NixOS
PRETTY_NAME="NixOS 26.05 (Yarara)"
SUPPORT_END="2026-12-31"
SUPPORT_URL="https://nixos.org/community.html"
VARIANT=""
VARIANT_ID=""
VENDOR_NAME=NixOS
VENDOR_URL="https://nixos.org/"
VERSION="26.05 (Yarara)"
VERSION_CODENAME=yarara
VERSION_ID="26.05"
uname: Linux 6.18.49 #1-NixOS SMP PREEMPT_DYNAMIC Wed Sep  2 12:31:51 UTC 2026 x86_64
OS uptime: 0 days 3:05 hours
libc: glibc 2.42 NPTL 2.42 
rlimit (soft/hard): STACK 8192k/infinity , CORE infinity/infinity , NPROC 63502/63502 , NOFILE 524288/524288 , AS infinity/infinity , CPU infinity/infinity , DATA infinity/infinity , FSIZE infinity/infinity , MEMLOCK 8192k/8192k
load average: 9.29 3.03 1.47

/proc/meminfo:
MemTotal:       16298320 kB
MemFree:          553664 kB
MemAvailable:    6083300 kB
Buffers:         1258068 kB
Cached:          3417620 kB
SwapCached:         5624 kB
Active:          4838364 kB
Inactive:        8401304 kB
Active(anon):    3477460 kB
Inactive(anon):  5208260 kB
Active(file):    1360904 kB
Inactive(file):  3193044 kB
Unevictable:       15052 kB
Mlocked:           15044 kB
SwapTotal:       8148988 kB
SwapFree:        7382992 kB
Zswap:                 0 kB
Zswapped:              0 kB
Dirty:            123936 kB
Writeback:             0 kB
AnonPages:       8576280 kB
Mapped:          1025448 kB
Shmem:            112608 kB
KReclaimable:    1313392 kB
Slab:            1658996 kB
SReclaimable:    1313392 kB
SUnreclaim:       345604 kB
KernelStack:       20020 kB
PageTables:        58116 kB
SecPageTables:      4092 kB
NFS_Unstable:          0 kB
Bounce:                0 kB
WritebackTmp:          0 kB
CommitLimit:    16298148 kB
Committed_AS:   21084052 kB
VmallocTotal:   34359738367 kB
VmallocUsed:      252164 kB
VmallocChunk:          0 kB
Percpu:            12192 kB
HardwareCorrupted:     0 kB
AnonHugePages:         0 kB
ShmemHugePages:        0 kB
ShmemPmdMapped:        0 kB
FileHugePages:     90112 kB
FilePmdMapped:      2048 kB
CmaTotal:              0 kB
CmaFree:               0 kB
Unaccepted:            0 kB
Balloon:               0 kB
HugePages_Total:       0
HugePages_Free:        0
HugePages_Rsvd:        0
HugePages_Surp:        0
Hugepagesize:       2048 kB
Hugetlb:               0 kB
DirectMap4k:     1468580 kB
DirectMap2M:    14182400 kB
DirectMap1G:     1048576 kB

/sys/kernel/mm/transparent_hugepage/enabled: always [madvise] never
/sys/kernel/mm/transparent_hugepage/hpage_pmd_size: 2097152
/sys/kernel/mm/transparent_hugepage/defrag (defrag/compaction efforts parameter): always defer defer+madvise [madvise] never

Process Memory:
Virtual Size: 13265772K (peak: 13381972K)
Resident Set Size: 4515424K (peak: 4515424K) (anon: 4473296K, file: 42128K, shmem: 0K)
Swapped out: 0K
C-Heap outstanding allocations: 420557K, retained: 663394K
glibc malloc tunables: (default)

/proc/sys/kernel/threads-max (system-wide limit on the number of threads): 127005
/proc/sys/vm/max_map_count (maximum number of memory map areas a process may have): 1048576
/proc/sys/vm/swappiness (control to define how aggressively the kernel swaps out anonymous memory): 10
/proc/sys/kernel/pid_max (system-wide limit on number of process identifiers): 4194304

container (cgroup) information:
container_type: cgroupv2
cpu_cpuset_cpus: not supported
cpu_memory_nodes: not supported
active_processor_count: 12
cpu_quota: not supported
cpu_period: not supported
cpu_shares: not supported
memory_limit_in_bytes: unlimited
memory_and_swap_limit_in_bytes: unlimited
memory_soft_limit_in_bytes: 0
memory_usage_in_bytes: 11780228 k
memory_max_usage_in_bytes: not supported
rss_usage_in_bytes: 7366132 k
cache_usage_in_bytes: 3381400 k
memory_swap_current_in_bytes: 124932 k
memory_swap_max_limit_in_bytes: unlimited
maximum number of tasks: 19050
current number of tasks: 499

Steal ticks since vm start: 0
Steal ticks percentage since vm start:  0.000

CPU: total 12 (initial active 12) (12 cores per cpu, 2 threads per core) family 23 model 113 stepping 0 microcode 0x8701034, cx8, cmov, fxsr, ht, mmx, 3dnowpref, sse, sse2, sse3, ssse3, sse4a, sse4.1, sse4.2, popcnt, lzcnt, tsc, tscinvbit, avx, avx2, aes, clmul, bmi1, bmi2, adx, sha, fma, vzeroupper, clflush, clflushopt
CPU Model and flags from /proc/cpuinfo:
model name	: AMD Ryzen 5 3600 6-Core Processor
flags		: fpu vme de pse tsc msr pae mce cx8 apic sep mtrr pge mca cmov pat pse36 clflush mmx fxsr sse sse2 ht syscall nx mmxext fxsr_opt pdpe1gb rdtscp lm constant_tsc rep_good nopl xtopology nonstop_tsc cpuid extd_apicid aperfmperf rapl pni pclmulqdq monitor ssse3 fma cx16 sse4_1 sse4_2 x2apic movbe popcnt aes xsave avx f16c rdrand lahf_lm cmp_legacy svm extapic cr8_legacy abm sse4a misalignsse 3dnowprefetch osvw ibs skinit wdt tce topoext perfctr_core perfctr_nb bpext perfctr_llc mwaitx cpb cat_l3 cdp_l3 hw_pstate ssbd mba ibpb stibp vmmcall fsgsbase bmi1 avx2 smep bmi2 cqm rdt_a rdseed adx smap clflushopt clwb sha_ni xsaveopt xsavec xgetbv1 cqm_llc cqm_occup_llc cqm_mbm_total cqm_mbm_local clzero irperf xsaveerptr rdpru wbnoinvd arat npt lbrv svm_lock nrip_save tsc_scale vmcb_clean flushbyasid decodeassists pausefilter pfthreshold avic v_vmsave_vmload vgif v_spec_ctrl umip rdpid overflow_recov succor smca sev sev_es

Online cpus: 0-11
Offline cpus: 
BIOS frequency limitation: <Not Available>
Frequency switch latency (ns): 0
Available cpu frequencies: <Not Available>
Current governor: performance
Core performance/turbo boost: 1

Memory: 4k page, physical 16298320k(553664k free), swap 8148988k(7382992k free)
Page Sizes: 4k

vm_info: OpenJDK 64-Bit Server VM (17.0.20.1+1-nixos) for linux-amd64 JRE (17.0.20.1+1-nixos), built on Aug 29 2026 06:56:36 by "" with gcc 15.2.0

END.
