#
# A fatal error has been detected by the Java Runtime Environment:
#
#  SIGSEGV (0xb) at pc=0x0000787dce0aab2d, pid=431514, tid=432206
#
# JRE version: OpenJDK Runtime Environment (17.0.20.1+1) (build 17.0.20.1+1-nixos)
# Java VM: OpenJDK 64-Bit Server VM (17.0.20.1+1-nixos, mixed mode, sharing, tiered, compressed oops, compressed class ptrs, g1 gc, linux-amd64)
# Problematic frame:
# J 7777 c1 org.gradle.internal.execution.impl.DefaultInputFingerprinter$InputCollectingVisitor.complete()Lorg/gradle/internal/execution/InputFingerprinter$Result; (37 bytes) @ 0x0000787dce0aab2d [0x0000787dce0aa8a0+0x000000000000028d]
#
# Core dump will be written. Default location: Determined by the following: "/nix/store/426gw1hy7qh6wkmpx4nm6hbisyqadkgb-systemd/lib/systemd/systemd-coredump %P %u %g %s %t %c %h %d %F" (alternatively, falling back to /home/costeer/git/quicklauncher/core.431514)
#
# If you would like to submit a bug report, please visit:
#   https://bugreport.java.com/bugreport/crash.jsp
#

---------------  S U M M A R Y ------------

Command Line: --add-opens=java.base/java.lang=ALL-UNNAMED --add-opens=java.base/java.lang.invoke=ALL-UNNAMED --add-opens=java.base/java.util=ALL-UNNAMED --add-opens=java.prefs/java.util.prefs=ALL-UNNAMED --add-exports=jdk.compiler/com.sun.tools.javac.api=ALL-UNNAMED --add-exports=jdk.compiler/com.sun.tools.javac.util=ALL-UNNAMED --add-opens=java.base/java.util=ALL-UNNAMED --add-opens=java.prefs/java.util.prefs=ALL-UNNAMED --add-opens=java.base/java.nio.charset=ALL-UNNAMED --add-opens=java.base/java.net=ALL-UNNAMED --add-opens=java.base/java.util.concurrent.atomic=ALL-UNNAMED --add-opens=java.xml/javax.xml.namespace=ALL-UNNAMED -Xmx4g -Dfile.encoding=UTF-8 -Duser.country -Duser.language=en -Duser.variant -javaagent:/home/costeer/.gradle/wrapper/dists/gradle-8.13-bin/5xuhj0ry160q40clulazy9h7d/gradle-8.13/lib/agents/gradle-instrumentation-agent-8.13.jar org.gradle.launcher.daemon.bootstrap.GradleDaemon 8.13

Host: AMD Ryzen 5 3600 6-Core Processor, 12 cores, 15G, NixOS 26.05 (Yarara)
Time: Thu Sep 17 18:34:29 2026 CEST elapsed time: 18.080568 seconds (0d 0h 0m 18s)

---------------  T H R E A D  ---------------

Current thread (0x0000787c14017da0):  JavaThread "Execution worker Thread 9" [_thread_in_Java, id=432206, stack(0x0000787c949f8000,0x0000787c94af8000)]

Stack: [0x0000787c949f8000,0x0000787c94af8000],  sp=0x0000787c94af4fe0,  free space=1011k
Native frames: (J=compiled Java code, j=interpreted, Vv=VM code, C=native code)
J 7777 c1 org.gradle.internal.execution.impl.DefaultInputFingerprinter$InputCollectingVisitor.complete()Lorg/gradle/internal/execution/InputFingerprinter$Result; (37 bytes) @ 0x0000787dce0aab2d [0x0000787dce0aa8a0+0x000000000000028d]
J 7768 c1 org.gradle.internal.execution.impl.DefaultInputFingerprinter.fingerprintInputProperties(Lcom/google/common/collect/ImmutableSortedMap;Lcom/google/common/collect/ImmutableSortedMap;Lcom/google/common/collect/ImmutableSortedMap;Lcom/google/common/collect/ImmutableSortedMap;Ljava/util/function/Consumer;)Lorg/gradle/internal/execution/InputFingerprinter$Result; (41 bytes) @ 0x0000787dce09c1dc [0x0000787dce09bfe0+0x00000000000001fc]
J 7775 c1 org.gradle.internal.execution.steps.IdentifyStep.createIdentityContextInternal(Lorg/gradle/internal/execution/UnitOfWork;Lorg/gradle/internal/execution/steps/ExecutionRequestContext;)Lorg/gradle/internal/execution/steps/IdentityContext; (78 bytes) @ 0x0000787dce0a2a1c [0x0000787dce0a23a0+0x000000000000067c]
J 20624 c1 org.gradle.internal.execution.steps.IdentifyStep.lambda$createIdentityContext$0(Lorg/gradle/internal/execution/UnitOfWork;Lorg/gradle/internal/execution/steps/ExecutionRequestContext;Lorg/gradle/internal/operations/BuildOperationContext;)Lorg/gradle/internal/execution/steps/IdentityContext; (34 bytes) @ 0x0000787dcf0e9b24 [0x0000787dcf0e9ac0+0x0000000000000064]
J 7781 c1 org.gradle.internal.execution.steps.IdentifyStep$$Lambda$454+0x0000787d6c46e220.apply(Ljava/lang/Object;)Ljava/lang/Object; (20 bytes) @ 0x0000787dce0a096c [0x0000787dce0a07c0+0x00000000000001ac]
J 7579 c1 org.gradle.internal.execution.steps.BuildOperationStep$1.call(Lorg/gradle/internal/operations/BuildOperationContext;)Ljava/lang/Object; (11 bytes) @ 0x0000787dce048b4c [0x0000787dce048a40+0x000000000000010c]
J 13572 c2 org.gradle.internal.operations.DefaultBuildOperationRunner$CallableBuildOperationWorker.execute(Lorg/gradle/internal/operations/BuildOperation;Lorg/gradle/internal/operations/BuildOperationContext;)V (10 bytes) @ 0x0000787dd576678c [0x0000787dd5766720+0x000000000000006c]
J 21596 c1 org.gradle.internal.operations.DefaultBuildOperationRunner$2.execute(Lorg/gradle/internal/operations/BuildOperationDescriptor;Lorg/gradle/internal/operations/BuildOperationState;Lorg/gradle/internal/operations/BuildOperationState;Lorg/gradle/internal/operations/DefaultBuildOperationRunner$ReadableBuildOperationContext;Lorg/gradle/internal/operations/DefaultBuildOperationRunner$BuildOperationExecutionListener;)Lorg/gradle/internal/operations/BuildOperation; (110 bytes) @ 0x0000787dcd8cb23c [0x0000787dcd8cb040+0x00000000000001fc]
J 7436 c1 org.gradle.internal.operations.DefaultBuildOperationRunner$2.execute(Lorg/gradle/internal/operations/BuildOperationDescriptor;Lorg/gradle/internal/operations/BuildOperationState;Lorg/gradle/internal/operations/BuildOperationState;Lorg/gradle/internal/operations/DefaultBuildOperationRunner$ReadableBuildOperationContext;Lorg/gradle/internal/operations/DefaultBuildOperationRunner$BuildOperationExecutionListener;)Ljava/lang/Object; (12 bytes) @ 0x0000787dcdffd134 [0x0000787dcdffd0c0+0x0000000000000074]
J 20135 c1 org.gradle.internal.operations.DefaultBuildOperationRunner.execute(Lorg/gradle/internal/operations/BuildOperationDescriptor$Builder;Lorg/gradle/internal/operations/BuildOperationState;Lorg/gradle/internal/operations/DefaultBuildOperationRunner$BuildOperationExecution;)Ljava/lang/Object; (147 bytes) @ 0x0000787dce2e3e4c [0x0000787dce2e32e0+0x0000000000000b6c]
J 20020 c1 org.gradle.internal.operations.DefaultBuildOperationRunner.execute(Lorg/gradle/internal/operations/BuildOperation;Lorg/gradle/internal/operations/BuildOperationWorker;Lorg/gradle/internal/operations/BuildOperationState;)V (23 bytes) @ 0x0000787dcdceaa8c [0x0000787dcdcea7e0+0x00000000000002ac]
J 21317 c1 org.gradle.internal.operations.DefaultBuildOperationRunner.call(Lorg/gradle/internal/operations/CallableBuildOperation;)Ljava/lang/Object; (24 bytes) @ 0x0000787dcf487044 [0x0000787dcf486ee0+0x0000000000000164]
J 7578 c1 org.gradle.internal.execution.steps.BuildOperationStep.operation(Ljava/util/function/Function;Lorg/gradle/internal/operations/BuildOperationDescriptor$Builder;)Ljava/lang/Object; (20 bytes) @ 0x0000787dce0484f4 [0x0000787dce0482e0+0x0000000000000214]
J 7774 c1 org.gradle.internal.execution.steps.IdentifyStep.createIdentityContext(Lorg/gradle/internal/execution/UnitOfWork;Lorg/gradle/internal/execution/steps/ExecutionRequestContext;)Lorg/gradle/internal/execution/steps/IdentityContext; (38 bytes) @ 0x0000787dce0a164c [0x0000787dce0a0d80+0x00000000000008cc]
j  org.gradle.internal.execution.steps.IdentifyStep.execute(Lorg/gradle/internal/execution/UnitOfWork;Lorg/gradle/internal/execution/steps/ExecutionRequestContext;)Lorg/gradle/internal/execution/steps/Result;+8
j  org.gradle.internal.execution.steps.IdentifyStep.execute(Lorg/gradle/internal/execution/UnitOfWork;Lorg/gradle/internal/execution/steps/Context;)Lorg/gradle/internal/execution/steps/Result;+6
j  org.gradle.internal.execution.impl.DefaultExecutionEngine$1.execute()Lorg/gradle/internal/execution/ExecutionEngine$Result;+15
j  org.gradle.api.internal.tasks.execution.ExecuteActionsTaskExecuter.executeIfValid(Lorg/gradle/api/internal/TaskInternal;Lorg/gradle/api/internal/tasks/TaskStateInternal;Lorg/gradle/api/internal/tasks/TaskExecutionContext;Lorg/gradle/api/internal/tasks/execution/TaskExecution;)Lorg/gradle/api/internal/tasks/TaskExecuterResult;+54
j  org.gradle.api.internal.tasks.execution.ExecuteActionsTaskExecuter.execute(Lorg/gradle/api/internal/TaskInternal;Lorg/gradle/api/internal/tasks/TaskStateInternal;Lorg/gradle/api/internal/tasks/TaskExecutionContext;)Lorg/gradle/api/internal/tasks/TaskExecuterResult;+65
j  org.gradle.api.internal.tasks.execution.ProblemsTaskPathTrackingTaskExecuter.execute(Lorg/gradle/api/internal/TaskInternal;Lorg/gradle/api/internal/tasks/TaskStateInternal;Lorg/gradle/api/internal/tasks/TaskExecutionContext;)Lorg/gradle/api/internal/tasks/TaskExecuterResult;+19
J 21953 c1 org.gradle.api.internal.tasks.execution.FinalizePropertiesTaskExecuter.execute(Lorg/gradle/api/internal/TaskInternal;Lorg/gradle/api/internal/tasks/TaskStateInternal;Lorg/gradle/api/internal/tasks/TaskExecutionContext;)Lorg/gradle/api/internal/tasks/TaskExecuterResult; (168 bytes) @ 0x0000787dcf40b39c [0x0000787dcf40b1a0+0x00000000000001fc]
j  org.gradle.api.internal.tasks.execution.ResolveTaskExecutionModeExecuter.execute(Lorg/gradle/api/internal/TaskInternal;Lorg/gradle/api/internal/tasks/TaskStateInternal;Lorg/gradle/api/internal/tasks/TaskExecutionContext;)Lorg/gradle/api/internal/tasks/TaskExecuterResult;+56
j  org.gradle.api.internal.tasks.execution.SkipTaskWithNoActionsExecuter.execute(Lorg/gradle/api/internal/TaskInternal;Lorg/gradle/api/internal/tasks/TaskStateInternal;Lorg/gradle/api/internal/tasks/TaskExecutionContext;)Lorg/gradle/api/internal/tasks/TaskExecuterResult;+120
j  org.gradle.api.internal.tasks.execution.SkipOnlyIfTaskExecuter.execute(Lorg/gradle/api/internal/TaskInternal;Lorg/gradle/api/internal/tasks/TaskStateInternal;Lorg/gradle/api/internal/tasks/TaskExecutionContext;)Lorg/gradle/api/internal/tasks/TaskExecuterResult;+199
j  org.gradle.api.internal.tasks.execution.CatchExceptionTaskExecuter.execute(Lorg/gradle/api/internal/TaskInternal;Lorg/gradle/api/internal/tasks/TaskStateInternal;Lorg/gradle/api/internal/tasks/TaskExecutionContext;)Lorg/gradle/api/internal/tasks/TaskExecuterResult;+7
j  org.gradle.api.internal.tasks.execution.EventFiringTaskExecuter$1.executeTask(Lorg/gradle/internal/operations/BuildOperationContext;)Lorg/gradle/api/internal/tasks/TaskExecuterResult;+136
j  org.gradle.api.internal.tasks.execution.EventFiringTaskExecuter$1.call(Lorg/gradle/internal/operations/BuildOperationContext;)Lorg/gradle/api/internal/tasks/TaskExecuterResult;+2
j  org.gradle.api.internal.tasks.execution.EventFiringTaskExecuter$1.call(Lorg/gradle/internal/operations/BuildOperationContext;)Ljava/lang/Object;+2
J 13572 c2 org.gradle.internal.operations.DefaultBuildOperationRunner$CallableBuildOperationWorker.execute(Lorg/gradle/internal/operations/BuildOperation;Lorg/gradle/internal/operations/BuildOperationContext;)V (10 bytes) @ 0x0000787dd576678c [0x0000787dd5766720+0x000000000000006c]
J 21596 c1 org.gradle.internal.operations.DefaultBuildOperationRunner$2.execute(Lorg/gradle/internal/operations/BuildOperationDescriptor;Lorg/gradle/internal/operations/BuildOperationState;Lorg/gradle/internal/operations/BuildOperationState;Lorg/gradle/internal/operations/DefaultBuildOperationRunner$ReadableBuildOperationContext;Lorg/gradle/internal/operations/DefaultBuildOperationRunner$BuildOperationExecutionListener;)Lorg/gradle/internal/operations/BuildOperation; (110 bytes) @ 0x0000787dcd8cb23c [0x0000787dcd8cb040+0x00000000000001fc]
J 7436 c1 org.gradle.internal.operations.DefaultBuildOperationRunner$2.execute(Lorg/gradle/internal/operations/BuildOperationDescriptor;Lorg/gradle/internal/operations/BuildOperationState;Lorg/gradle/internal/operations/BuildOperationState;Lorg/gradle/internal/operations/DefaultBuildOperationRunner$ReadableBuildOperationContext;Lorg/gradle/internal/operations/DefaultBuildOperationRunner$BuildOperationExecutionListener;)Ljava/lang/Object; (12 bytes) @ 0x0000787dcdffd134 [0x0000787dcdffd0c0+0x0000000000000074]
J 20135 c1 org.gradle.internal.operations.DefaultBuildOperationRunner.execute(Lorg/gradle/internal/operations/BuildOperationDescriptor$Builder;Lorg/gradle/internal/operations/BuildOperationState;Lorg/gradle/internal/operations/DefaultBuildOperationRunner$BuildOperationExecution;)Ljava/lang/Object; (147 bytes) @ 0x0000787dce2e3e4c [0x0000787dce2e32e0+0x0000000000000b6c]
J 20020 c1 org.gradle.internal.operations.DefaultBuildOperationRunner.execute(Lorg/gradle/internal/operations/BuildOperation;Lorg/gradle/internal/operations/BuildOperationWorker;Lorg/gradle/internal/operations/BuildOperationState;)V (23 bytes) @ 0x0000787dcdceaa8c [0x0000787dcdcea7e0+0x00000000000002ac]
J 21317 c1 org.gradle.internal.operations.DefaultBuildOperationRunner.call(Lorg/gradle/internal/operations/CallableBuildOperation;)Ljava/lang/Object; (24 bytes) @ 0x0000787dcf487044 [0x0000787dcf486ee0+0x0000000000000164]
j  org.gradle.api.internal.tasks.execution.EventFiringTaskExecuter.execute(Lorg/gradle/api/internal/TaskInternal;Lorg/gradle/api/internal/tasks/TaskStateInternal;Lorg/gradle/api/internal/tasks/TaskExecutionContext;)Lorg/gradle/api/internal/tasks/TaskExecuterResult;+15
J 21643 c1 org.gradle.execution.plan.LocalTaskNodeExecutor.execute(Lorg/gradle/execution/plan/Node;Lorg/gradle/api/internal/tasks/NodeExecutionContext;)Z (97 bytes) @ 0x0000787dce302454 [0x0000787dce302040+0x0000000000000414]
J 21485 c1 org.gradle.execution.taskgraph.DefaultTaskExecutionGraph$InvokeNodeExecutorsAction.execute(Lorg/gradle/execution/plan/Node;)V (85 bytes) @ 0x0000787dcf4bff3c [0x0000787dcf4bfd20+0x000000000000021c]
J 21484 c1 org.gradle.execution.taskgraph.DefaultTaskExecutionGraph$InvokeNodeExecutorsAction.execute(Ljava/lang/Object;)V (9 bytes) @ 0x0000787dcf4c44cc [0x0000787dcf4c4440+0x000000000000008c]
J 21482 c1 org.gradle.execution.taskgraph.DefaultTaskExecutionGraph$BuildOperationAwareExecutionAction$$Lambda$2405+0x0000787d6d1759a0.run()V (12 bytes) @ 0x0000787dcf4c3d3c [0x0000787dcf4c3cc0+0x000000000000007c]
J 20745 c1 org.gradle.internal.operations.CurrentBuildOperationRef.with(Lorg/gradle/internal/operations/BuildOperationRef;Ljava/lang/Runnable;)V (35 bytes) @ 0x0000787dce04c654 [0x0000787dce04c520+0x0000000000000134]
J 21479 c1 org.gradle.execution.taskgraph.DefaultTaskExecutionGraph$BuildOperationAwareExecutionAction.execute(Ljava/lang/Object;)V (9 bytes) @ 0x0000787dcf4c162c [0x0000787dcf4c14e0+0x000000000000014c]
J 21477 c1 org.gradle.execution.plan.DefaultPlanExecutor$ExecutorWorker.execute(Ljava/lang/Object;Lorg/gradle/execution/plan/WorkSource;Lorg/gradle/api/Action;)V (88 bytes) @ 0x0000787dcf4c0c3c [0x0000787dcf4c0b80+0x00000000000000bc]
j  org.gradle.execution.plan.DefaultPlanExecutor$ExecutorWorker.run()V+75
J 10427 c2 org.gradle.internal.concurrent.ExecutorPolicy$CatchAndRecordFailures.onExecute(Ljava/lang/Runnable;)V (29 bytes) @ 0x0000787dd50ffe68 [0x0000787dd50ffe20+0x0000000000000048]
j  org.gradle.internal.concurrent.AbstractManagedExecutor$1.run()V+25
j  java.util.concurrent.ThreadPoolExecutor.runWorker(Ljava/util/concurrent/ThreadPoolExecutor$Worker;)V+92 java.base@17.0.20.1
j  java.util.concurrent.ThreadPoolExecutor$Worker.run()V+5 java.base@17.0.20.1
j  java.lang.Thread.run()V+11 java.base@17.0.20.1
v  ~StubRoutines::call_stub
V  [libjvm.so+0x88d8fa]  JavaCalls::call_helper(JavaValue*, methodHandle const&, JavaCallArguments*, JavaThread*)+0x31a
V  [libjvm.so+0x88f370]  JavaCalls::call_virtual(JavaValue*, Handle, Klass*, Symbol*, Symbol*, JavaThread*)+0x1c0
V  [libjvm.so+0x960553]  thread_entry(JavaThread*, JavaThread*)+0xa3
V  [libjvm.so+0xf33e92]  JavaThread::thread_main_inner()+0xf2
V  [libjvm.so+0xf37c1b]  Thread::call_run()+0xab
V  [libjvm.so+0xccc2eb]  thread_native_entry(Thread*)+0xeb
C  [libc.so.6+0x9dd93]  start_thread+0x2e3


siginfo: si_signo: 11 (SIGSEGV), si_code: 1 (SEGV_MAPERR), si_addr: 0x0000783d69c018ac

Registers:
RAX=0x0000000700c06fd0, RBX=0x00000000e0125330, RCX=0x0000000000000656, RDX=0x0000787d69bc4d38
RSP=0x0000787c94af4fe0, RBP=0x0000787c94af5850, RSI=0x0000783d69c017b8, RDI=0x0000787d69c00c30
R8 =0x0000000701c265b8, R9 =0x000000070e392fd8, R10=0x0000000700929980, R11=0x00000000010a1410
R12=0x0000000000000000, R13=0x0000000700c06fd0, R14=0x0000787dc8c00000, R15=0x0000787c14017da0
RIP=0x0000787dce0aab2d, EFLAGS=0x0000000000010206, CSGSFS=0x002b000000000033, ERR=0x0000000000000004
  TRAPNO=0x000000000000000e

XMM[0]=0x0000787c14017da0 0x0000787dea2db268
XMM[1]=0x0000000000000000 0x0000787c14017da0
XMM[2]=0x0000000000000000 0x0000787c94af59c0
XMM[3]=0x0000000000000000 0x0000787dcd761d4c
XMM[4]=0x0000000000000000 0x0000000000000000
XMM[5]=0x0000000000000000 0x00000000e420faf6
XMM[6]=0x0000000000000000 0x000000072107def0
XMM[7]=0x0000000000000000 0x000000072107d798
XMM[8]=0x0000000000000000 0x0000000000000000
XMM[9]=0x0000000000000000 0x0000000000000000
XMM[10]=0x0000000000000000 0x00000000e04d88cf
XMM[11]=0x0000000000000000 0x00000000e04d7706
XMM[12]=0x0000000000000000 0x00000000e04d88d2
XMM[13]=0x0000000000000000 0x0000787d6c232c88
XMM[14]=0x0000000000000000 0x0000000728918f90
XMM[15]=0x0000000000000000 0x0000000000000000
  MXCSR=0x00001fa5


Register to memory mapping:

RAX=0x0000000700c06fd0 is an oop: com.google.common.collect.RegularImmutableSet 
{0x0000000700c06fd0} - klass: 'com/google/common/collect/RegularImmutableSet'
 - ---- fields (total size 4 words):
 - private transient 'asList' 'Lcom/google/common/collect/ImmutableList;' @12  a 'com/google/common/collect/RegularImmutableList'{0x0000000700c06f58} (e0180deb)
 - private final transient 'hashCode' 'I' @16  0
 - private final transient 'mask' 'I' @20  0
 - private final transient 'elements' '[Ljava/lang/Object;' @24  a 'java/lang/Object'[0] {0x0000000700c06ff0} (e0180dfe)
 - final transient 'table' '[Ljava/lang/Object;' @28  a 'java/lang/Object'[0] {0x0000000700c06ff0} (e0180dfe)
RBX=3759297328 is a compressed pointer to object: com.google.common.collect.ImmutableSet$EmptySetBuilderImpl 
{0x0000000700929980} - klass: 'com/google/common/collect/ImmutableSet$EmptySetBuilderImpl'
 - ---- fields (total size 3 words):
 - 'distinct' 'I' @12  0
 - 'dedupedElements' '[Ljava/lang/Object;' @16  a 'java/lang/Object'[0] {0x0000000700929998} (e0125333)
RCX=0x0000000000000656 is an unknown value
RDX=0x0000787d69bc4d38 is pointing into metadata
RSP=0x0000787c94af4fe0 is pointing into the stack for thread: 0x0000787c14017da0
RBP=0x0000787c94af5850 is pointing into the stack for thread: 0x0000787c14017da0
RSI=0x0000783d69c017b8 is an unknown value
RDI=0x0000787d69c00c30 is pointing into metadata
R8 =0x0000000701c265b8 is an oop: com.google.common.collect.ImmutableSortedMap 
{0x0000000701c265b8} - klass: 'com/google/common/collect/ImmutableSortedMap'
 - ---- fields (total size 5 words):
 - private transient 'entrySet' 'Lcom/google/common/collect/ImmutableSet;' @12  a 'com/google/common/collect/RegularImmutableSet'{0x0000000700c06fd0} (e0180dfa)
 - private transient 'keySet' 'Lcom/google/common/collect/ImmutableSet;' @16  NULL (0)
 - private transient 'values' 'Lcom/google/common/collect/ImmutableCollection;' @20  NULL (0)
 - private transient 'multimapView' 'Lcom/google/common/collect/ImmutableSetMultimap;' @24  NULL (0)
 - private final transient 'keySet' 'Lcom/google/common/collect/RegularImmutableSortedSet;' @28  a 'com/google/common/collect/RegularImmutableSortedSet'{0x0000000701bb0478} (e037608f)
 - private final transient 'valueList' 'Lcom/google/common/collect/ImmutableList;' @32  a 'com/google/common/collect/RegularImmutableList'{0x0000000700c06f58} (e0180deb)
 - private transient 'descendingMap' 'Lcom/google/common/collect/ImmutableSortedMap;' @36  NULL (0)
R9 =0x000000070e392fd8 is an oop: org.gradle.internal.execution.impl.DefaultFileCollectionFingerprinterRegistry 
{0x000000070e392fd8} - klass: 'org/gradle/internal/execution/impl/DefaultFileCollectionFingerprinterRegistry'
 - ---- fields (total size 2 words):
 - private final 'fingerprinters' 'Ljava/util/Map;' @12  a 'com/google/common/collect/RegularImmutableMap'{0x000000070e392fe8} (e1c725fd)
R10=0x0000000700929980 is an oop: com.google.common.collect.ImmutableSet$EmptySetBuilderImpl 
{0x0000000700929980} - klass: 'com/google/common/collect/ImmutableSet$EmptySetBuilderImpl'
 - ---- fields (total size 3 words):
 - 'distinct' 'I' @12  0
 - 'dedupedElements' '[Ljava/lang/Object;' @16  a 'java/lang/Object'[0] {0x0000000700929998} (e0125333)
R11=17437712 is a compressed pointer to class: 0x0000787d6c0a1410
com.google.common.collect.ImmutableSet$EmptySetBuilderImpl {0x0000787d6c0a1410}
 - instance size:     3
 - klass size:        70
 - access:            final synchronized 
 - state:             fully_initialized
 - name:              'com/google/common/collect/ImmutableSet$EmptySetBuilderImpl'
 - super:             'com/google/common/collect/ImmutableSet$SetBuilderImpl'
 - sub:               
 - arrays:            NULL
 - methods:           Array<T>(0x0000787d6759ba08)
 - method ordering:   Array<T>(0x0000787d6b914dc8)
 - local interfaces:  Array<T>(0x0000787d6b5d6830)
 - trans. interfaces: Array<T>(0x0000787d6b5d6830)
 - constants:         constant pool [60] {0x0000787d6759b798} for 'com/google/common/collect/ImmutableSet$EmptySetBuilderImpl' cache=0x0000787d6759bf78
 - class loader data:  loader data: 0x0000787de4291e40 for instance a 'org/gradle/internal/classloader/VisitableURLClassLoader'{0x00000007000fa818}
 - source file:       'ImmutableSet.java'
 - class annotations:       Array<T>(0x0000000000000000)
 - class type annotations:  Array<T>(0x0000000000000000)
 - field annotations:       Array<T>(0x0000000000000000)
 - field type annotations:  Array<T>(0x0000000000000000)
 - generic signature: '<E:Ljava/lang/Object;>Lcom/google/common/collect/ImmutableSet$SetBuilderImpl<TE;>;'
 - inner classes:     Array<T>(0x0000787d6759be20)
 - nest members:     Array<T>(0x0000787d6b5d67c0)
 - permitted subclasses:     Array<T>(0x0000787d6b5d67c0)
 - java mirror:       a 'java/lang/Class'{0x0000000700929908} = 'com/google/common/collect/ImmutableSet$EmptySetBuilderImpl'
 - vtable length      9  (start addr: 0x0000787d6c0a15e0)
 - itable length      2 (start addr: 0x0000787d6c0a1628)
 - ---- static fields (1 words):
 - private static final 'INSTANCE' 'Lcom/google/common/collect/ImmutableSet$EmptySetBuilderImpl;' @112 
 - ---- non-static fields (2 words):
 - 'distinct' 'I' @12 
 - 'dedupedElements' '[Ljava/lang/Object;' @16 
 - non-static oop maps: 16-16 
R12=0x0 is NULL
R13=0x0000000700c06fd0 is an oop: com.google.common.collect.RegularImmutableSet 
{0x0000000700c06fd0} - klass: 'com/google/common/collect/RegularImmutableSet'
 - ---- fields (total size 4 words):
 - private transient 'asList' 'Lcom/google/common/collect/ImmutableList;' @12  a 'com/google/common/collect/RegularImmutableList'{0x0000000700c06f58} (e0180deb)
 - private final transient 'hashCode' 'I' @16  0
 - private final transient 'mask' 'I' @20  0
 - private final transient 'elements' '[Ljava/lang/Object;' @24  a 'java/lang/Object'[0] {0x0000000700c06ff0} (e0180dfe)
 - final transient 'table' '[Ljava/lang/Object;' @28  a 'java/lang/Object'[0] {0x0000000700c06ff0} (e0180dfe)
R14=0x0000787dc8c00000 is an unknown value
R15=0x0000787c14017da0 is a thread


Top of Stack: (sp=0x0000787c94af4fe0)
0x0000787c94af4fe0:   0000000000000000 0000000014001030
0x0000787c94af4ff0:   0000787d6c46f500 00000000000002f8
0x0000787c94af5000:   0000787c14017da0 0000787de995d95a
0x0000787c94af5010:   0000787c94af5050 0000787de986881a
0x0000787c94af5020:   0000787dea2db268 0000787c14017da0
0x0000787c94af5030:   000000072107fed8 00000007014300e0
0x0000787c94af5040:   000000072107fee8 000000072107ffb8
0x0000787c94af5050:   0000000701c265b8 0000000701c265b8
0x0000787c94af5060:   0000000701c265b8 0000000701c265b8
0x0000787c94af5070:   000000072107fe78 0000787dcdce7707
0x0000787c94af5080:   0000787c94af5850 0000787dce09c1dc
0x0000787c94af5090:   0000000701c265b8 0000000701c265b8
0x0000787c94af50a0:   0000787d6c318af8 0000787c14017da0
0x0000787c94af50b0:   0000787c94af5100 0000787dd4f37887
0x0000787c94af50c0:   0000000700108da0 0000000701c29338
0x0000787c94af50d0:   0000000700c2a0b8 000000070e5928b0
0x0000787c94af50e0:   000000072107fee8 000000072107fed8
0x0000787c94af50f0:   00000007054ff4f8 000000072107fca0
0x0000787c94af5100:   0000787c94af5850 0000787dce0a2a1c
0x0000787c94af5110:   0000787c94af5850 0000787dcdfff53c
0x0000787c94af5120:   0000000000000000 00000007ffe00010
0x0000787c94af5130:   0000000700000000 0000000700000001
0x0000787c94af5140:   000000072107fc88 000000070092e158
0x0000787c94af5150:   0000000000000000 0000005c0000ee5c
0x0000787c94af5160:   0000787c94af5850 0000787dcdbdb46c
0x0000787c94af5170:   0000000700c13408 00000007e0125c2b
0x0000787c94af5180:   000000072107fc88 000000072107ef30
0x0000787c94af5190:   000000070092e158 000000072107fdf0
0x0000787c94af51a0:   0000787c94af5188 0000787c1a538180
0x0000787c94af51b0:   0000000000000000 000000072107fe30
0x0000787c94af51c0:   0000000000000000 0000000100000000
0x0000787c94af51d0:   000000072107fd58 000000072107fb60 

Instructions: (pc=0x0000787dce0aab2d)
0x0000787dce0aaa2d:   83 81 50 01 00 00 01 48 8b f3 48 89 bc 24 80 00
0x0000787dce0aaa3d:   00 00 48 89 44 24 78 66 66 90 e8 74 d8 f1 ff 48
0x0000787dce0aaa4d:   8b 74 24 60 8b 76 30 48 c1 e6 03 48 3b 06 48 8b
0x0000787dce0aaa5d:   fe 48 bb 30 0c c0 69 7d 78 00 00 8b 7f 08 49 ba
0x0000787dce0aaa6d:   00 00 00 6b 7d 78 00 00 49 03 fa 48 3b bb b8 01
0x0000787dce0aaa7d:   00 00 75 0d 48 83 83 c0 01 00 00 01 e9 66 00 00
0x0000787dce0aaa8d:   00 48 3b bb c8 01 00 00 75 0d 48 83 83 d0 01 00
0x0000787dce0aaa9d:   00 01 e9 50 00 00 00 48 81 bb b8 01 00 00 00 00
0x0000787dce0aaaad:   00 00 75 17 48 89 bb b8 01 00 00 48 c7 83 c0 01
0x0000787dce0aaabd:   00 00 01 00 00 00 e9 2c 00 00 00 48 81 bb c8 01
0x0000787dce0aaacd:   00 00 00 00 00 00 75 17 48 89 bb c8 01 00 00 48
0x0000787dce0aaadd:   c7 83 d0 01 00 00 01 00 00 00 e9 08 00 00 00 48
0x0000787dce0aaaed:   83 83 a8 01 00 00 01 48 89 84 24 88 00 00 00 90
0x0000787dce0aaafd:   48 b8 68 0f 0a 6c 7d 78 00 00 e8 94 b9 3e 07 48
0x0000787dce0aab0d:   8b 74 24 68 48 bf 30 0c c0 69 7d 78 00 00 48 83
0x0000787dce0aab1d:   87 e0 01 00 00 01 48 be b8 17 c0 69 3d 78 00 00
0x0000787dce0aab2d:   8b be f4 00 00 00 83 c7 02 89 be f4 00 00 00 81
0x0000787dce0aab3d:   e7 fe ff 1f 00 83 ff 00 0f 84 d7 01 00 00 48 8b
0x0000787dce0aab4d:   74 24 68 48 bf b8 17 c0 69 7d 78 00 00 48 83 87
0x0000787dce0aab5d:   38 01 00 00 01 48 be 00 b8 00 67 7d 78 00 00 8b
0x0000787dce0aab6d:   be f4 00 00 00 83 c7 02 89 be f4 00 00 00 81 e7
0x0000787dce0aab7d:   fe ff 1f 00 83 ff 00 0f 84 b9 01 00 00 41 0f be
0x0000787dce0aab8d:   77 38 83 fe 00 48 8b 74 24 68 0f 85 c7 01 00 00
0x0000787dce0aab9d:   48 8b 7c 24 70 4c 8b d7 49 c1 ea 03 44 89 56 0c
0x0000787dce0aabad:   48 8b de 48 33 df 48 c1 eb 15 48 83 fb 00 0f 85
0x0000787dce0aabbd:   c2 01 00 00 41 0f be 7f 38 83 ff 00 0f 85 cc 01
0x0000787dce0aabcd:   00 00 48 8b 7c 24 78 4c 8b d7 49 c1 ea 03 44 89
0x0000787dce0aabdd:   56 10 48 8b de 48 33 df 48 c1 eb 15 48 83 fb 00
0x0000787dce0aabed:   0f 85 c7 01 00 00 41 0f be 7f 38 83 ff 00 0f 85
0x0000787dce0aabfd:   d1 01 00 00 48 8b bc 24 80 00 00 00 4c 8b d7 49
0x0000787dce0aac0d:   c1 ea 03 44 89 56 14 48 8b de 48 33 df 48 c1 eb
0x0000787dce0aac1d:   15 48 83 fb 00 0f 85 c9 01 00 00 41 0f be 7f 38 


Stack slot to memory mapping:
stack at sp + 0 slots: 0x0 is NULL
stack at sp + 1 slots: 0x0000000014001030 is an unknown value
stack at sp + 2 slots: 0x0000787d6c46f500 is a pointer to class: 
org.gradle.internal.execution.steps.IdentifyStep$$Lambda$455/0x0000787d6c46f500 {0x0000787d6c46f500}
 - instance size:     2
 - klass size:        71
 - access:            final synchronized synthetic 
 - state:             fully_initialized
 - name:              'org/gradle/internal/execution/steps/IdentifyStep$$Lambda$455+0x0000787d6c46f500'
 - super:             'java/lang/Object'
 - sub:               
 - arrays:            NULL
 - methods:           Array<T>(0x0000787d68b5e600)
 - method ordering:   Array<T>(0x0000787d6b914dc8)
 - default_methods:   Array<T>(0x0000787d68b5e748)
 - default vtable indices:   Array<T>(0x0000787d68b5e758)
 - local interfaces:  Array<T>(0x0000787d68b5e5d8)
 - trans. interfaces: Array<T>(0x0000787d68b5e5d8)
 - constants:         constant pool [28] {0x0000787d68b5e480} for 'org/gradle/internal/execution/steps/IdentifyStep$$Lambda$455+0x0000787d6c46f500' cache=0x0000787d68b5e768
 - class loader data:  loader data: 0x0000787de4291e40 for instance a 'org/gradle/internal/classloader/VisitableURLClassLoader'{0x00000007000fa818}
 - class annotations:       Array<T>(0x0000000000000000)
 - class type annotations:  Array<T>(0x0000000000000000)
 - field annotations:       Array<T>(0x0000000000000000)
 - field type annotations:  Array<T>(0x0000000000000000)
 - inner classes:     Array<T>(0x0000787d6b5d67c0)
 - nest members:     Array<T>(0x0000787d6b5d67c0)
 - permitted subclasses:     Array<T>(0x0000787d6b5d67c0)
 - java mirror:       a 'java/lang/Class'{0x0000000701c29338} = 'org/gradle/internal/execution/steps/IdentifyStep$$Lambda$455+0x0000787d6c46f500'
 - vtable length      6  (start addr: 0x0000787d6c46f6d0)
 - itable length      6 (start addr: 0x0000787d6c46f700)
 - ---- static fields (0 words):
 - ---- non-static fields (1 words):
 - private final 'arg$1' 'Lorg/gradle/internal/execution/UnitOfWork;' @12 
 - non-static oop maps: 12-12 
stack at sp + 3 slots: 0x00000000000002f8 is an unknown value
stack at sp + 4 slots: 0x0000787c14017da0 is a thread
stack at sp + 5 slots: 0x0000787de995d95a: <offset 0x000000000095d95a> in /nix/store/j5n2kxk19rgrrkb5z1w310sy7dkvlhgj-openjdk-headless-17.0.20.1+1/lib/openjdk/lib/server/libjvm.so at 0x0000787de9000000
stack at sp + 6 slots: 0x0000787c94af5050 is pointing into the stack for thread: 0x0000787c14017da0
stack at sp + 7 slots: 0x0000787de986881a: <offset 0x000000000086881a> in /nix/store/j5n2kxk19rgrrkb5z1w310sy7dkvlhgj-openjdk-headless-17.0.20.1+1/lib/openjdk/lib/server/libjvm.so at 0x0000787de9000000


Compiled method (c1) 18090 7777       3       org.gradle.internal.execution.impl.DefaultInputFingerprinter$InputCollectingVisitor::complete (37 bytes)
 total in heap  [0x0000787dce0aa690,0x0000787dce0ab130] = 2720
 relocation     [0x0000787dce0aa7f0,0x0000787dce0aa888] = 152
 main code      [0x0000787dce0aa8a0,0x0000787dce0aaec0] = 1568
 stub code      [0x0000787dce0aaec0,0x0000787dce0aaf20] = 96
 oops           [0x0000787dce0aaf20,0x0000787dce0aaf28] = 8
 metadata       [0x0000787dce0aaf28,0x0000787dce0aaf50] = 40
 scopes data    [0x0000787dce0aaf50,0x0000787dce0ab028] = 216
 scopes pcs     [0x0000787dce0ab028,0x0000787dce0ab108] = 224
 dependencies   [0x0000787dce0ab108,0x0000787dce0ab110] = 8
 nul chk table  [0x0000787dce0ab110,0x0000787dce0ab130] = 32

[Constant Pool (empty)]

[MachCode]
[Entry Point]
  # {method} {0x0000787d68b5f850} 'complete' '()Lorg/gradle/internal/execution/InputFingerprinter$Result;' in 'org/gradle/internal/execution/impl/DefaultInputFingerprinter$InputCollectingVisitor'
  #           [sp+0xb0]  (sp of caller)
  0x0000787dce0aa8a0: 448b 5608 | 49bb 0000 | 006b 7d78 | 0000 4d03 | d34c 3bd0 

  0x0000787dce0aa8b4: ;   {runtime_call ic_miss_stub}
  0x0000787dce0aa8b4: 0f85 c6d4 | 8d06 660f | 1f44 0000 
[Verified Entry Point]
  0x0000787dce0aa8c0: 8984 2400 | c0fe ff55 | 4881 eca0 | 0000 0048 | 8974 2460 

  0x0000787dce0aa8d4: ;   {metadata(method data for {method} {0x0000787d68b5f850} 'complete' '()Lorg/gradle/internal/execution/InputFingerprinter$Result;' in 'org/gradle/internal/execution/impl/DefaultInputFingerprinter$InputCollectingVisitor')}
  0x0000787dce0aa8d4: 48ba 300c | c069 7d78 | 0000 8bba | f400 0000 | 83c7 0289 | baf4 0000 | 0081 e7fe | 0700 0083 
  0x0000787dce0aa8f4: ff00 0f84 | a703 0000 

  0x0000787dce0aa8fc: ;   {metadata('org/gradle/internal/execution/impl/DefaultInputFingerprinter$InputFingerprints')}
  0x0000787dce0aa8fc: 48ba b814 | 486c 7d78 | 0000 488b | de49 8b87 | 0801 0000 | 488d 7820 | 493b bf18 | 0100 000f 
  0x0000787dce0aa91c: 87a3 0300 | 0049 89bf | 0801 0000 | 48c7 0001 | 0000 0048 | 8bca 49ba | 0000 006b | 7d78 0000 
  0x0000787dce0aa93c: 492b ca89 | 4808 4833 | c989 480c | 4833 c948 | 8948 1048 | 8948 188b | 7b20 48c1 | e703 8b73 
  0x0000787dce0aa95c: 2848 c1e6 | 0348 3b06 

  0x0000787dce0aa964: ;   {metadata(method data for {method} {0x0000787d68b5f850} 'complete' '()Lorg/gradle/internal/execution/InputFingerprinter$Result;' in 'org/gradle/internal/execution/impl/DefaultInputFingerprinter$InputCollectingVisitor')}
  0x0000787dce0aa964: 488b d648 | b930 0cc0 | 697d 7800 | 0048 8381 | 5001 0000 

  0x0000787dce0aa978: ;   {metadata(method data for {method} {0x0000787d68b61778} 'build' '()Lcom/google/common/collect/ImmutableSortedMap;' in 'com/google/common/collect/ImmutableSortedMap$Builder')}
  0x0000787dce0aa978: 0148 bae8 | 48bc 697d | 7800 008b | 8af4 0000 | 0083 c102 | 898a f400 | 0000 81e1 | feff 1f00 
  0x0000787dce0aa998: 83f9 000f | 8435 0300 | 0048 8bd6 

  0x0000787dce0aa9a4: ;   {metadata(method data for {method} {0x0000787d68b61778} 'build' '()Lcom/google/common/collect/ImmutableSortedMap;' in 'com/google/common/collect/ImmutableSortedMap$Builder')}
  0x0000787dce0aa9a4: 48b9 e848 | bc69 7d78 | 0000 4883 | 8150 0100 | 0001 4889 | 7c24 7048 | 8944 2468 | 0f1f 8000 
  0x0000787dce0aa9c4: ;   {optimized virtual_call}
  0x0000787dce0aa9c4: 0000 00e8 

  0x0000787dce0aa9c8: ; ImmutableOopMap {[112]=Oop [104]=Oop [96]=Oop }
                      ;*invokevirtual buildOrThrow {reexecute=0 rethrow=0 return_oop=0}
                      ; - com.google.common.collect.ImmutableSortedMap$Builder::build@1 (line 717)
                      ; - org.gradle.internal.execution.impl.DefaultInputFingerprinter$InputCollectingVisitor::complete@12 (line 147)
  0x0000787dce0aa9c8: f4d8 f1ff | 488b 7424 | 608b 7e24 | 48c1 e703 | 8b5e 2c48 | c1e3 0348 | 3b03 488b 

  0x0000787dce0aa9e4: ;   {metadata(method data for {method} {0x0000787d68b5f850} 'complete' '()Lorg/gradle/internal/execution/InputFingerprinter$Result;' in 'org/gradle/internal/execution/impl/DefaultInputFingerprinter$InputCollectingVisitor')}
  0x0000787dce0aa9e4: d348 b930 | 0cc0 697d | 7800 0048 | 8381 8801 

  0x0000787dce0aa9f4: ;   {metadata(method data for {method} {0x0000787d68b61778} 'build' '()Lcom/google/common/collect/ImmutableSortedMap;' in 'com/google/common/collect/ImmutableSortedMap$Builder')}
  0x0000787dce0aa9f4: 0000 0148 | bae8 48bc | 697d 7800 | 008b 8af4 | 0000 0083 | c102 898a | f400 0000 | 81e1 feff 
  0x0000787dce0aaa14: 1f00 83f9 | 000f 84dd | 0200 0048 

  0x0000787dce0aaa20: ;   {metadata(method data for {method} {0x0000787d68b61778} 'build' '()Lcom/google/common/collect/ImmutableSortedMap;' in 'com/google/common/collect/ImmutableSortedMap$Builder')}
  0x0000787dce0aaa20: 8bd3 48b9 | e848 bc69 | 7d78 0000 | 4883 8150 | 0100 0001 | 488b f348 | 89bc 2480 | 0000 0048 
  0x0000787dce0aaa40: 8944 2478 

  0x0000787dce0aaa44: ;   {optimized virtual_call}
  0x0000787dce0aaa44: 6666 90e8 

  0x0000787dce0aaa48: ; ImmutableOopMap {[112]=Oop [104]=Oop [96]=Oop [128]=Oop [120]=Oop }
                      ;*invokevirtual buildOrThrow {reexecute=0 rethrow=0 return_oop=0}
                      ; - com.google.common.collect.ImmutableSortedMap$Builder::build@1 (line 717)
                      ; - org.gradle.internal.execution.impl.DefaultInputFingerprinter$InputCollectingVisitor::complete@23 (line 149)
  0x0000787dce0aaa48: 74d8 f1ff | 488b 7424 | 608b 7630 | 48c1 e603 

  0x0000787dce0aaa58: ; implicit exception: dispatches to 0x0000787dce0aad1d
  0x0000787dce0aaa58: 483b 0648 

  0x0000787dce0aaa5c: ;   {metadata(method data for {method} {0x0000787d68b5f850} 'complete' '()Lorg/gradle/internal/execution/InputFingerprinter$Result;' in 'org/gradle/internal/execution/impl/DefaultInputFingerprinter$InputCollectingVisitor')}
  0x0000787dce0aaa5c: 8bfe 48bb | 300c c069 | 7d78 0000 | 8b7f 0849 | ba00 0000 | 6b7d 7800 | 0049 03fa | 483b bbb8 
  0x0000787dce0aaa7c: 0100 0075 | 0d48 8383 | c001 0000 | 01e9 6600 | 0000 483b | bbc8 0100 | 0075 0d48 | 8383 d001 
  0x0000787dce0aaa9c: 0000 01e9 | 5000 0000 | 4881 bbb8 | 0100 0000 | 0000 0075 | 1748 89bb | b801 0000 | 48c7 83c0 
  0x0000787dce0aaabc: 0100 0001 | 0000 00e9 | 2c00 0000 | 4881 bbc8 | 0100 0000 | 0000 0075 | 1748 89bb | c801 0000 
  0x0000787dce0aaadc: 48c7 83d0 | 0100 0001 | 0000 00e9 | 0800 0000 | 4883 83a8 | 0100 0001 | 4889 8424 | 8800 0000 
  0x0000787dce0aaafc: 9048 b868 | 0f0a 6c7d 

  0x0000787dce0aab04: ;   {virtual_call}
  0x0000787dce0aab04: 7800 00e8 

  0x0000787dce0aab08: ; ImmutableOopMap {[112]=Oop [104]=Oop [128]=Oop [120]=Oop [136]=Oop }
                      ;*invokevirtual build {reexecute=0 rethrow=0 return_oop=0}
                      ; - org.gradle.internal.execution.impl.DefaultInputFingerprinter$InputCollectingVisitor::complete@30 (line 150)
  0x0000787dce0aab08: 94b9 3e07 | 488b 7424 

  0x0000787dce0aab10: ;   {metadata(method data for {method} {0x0000787d68b5f850} 'complete' '()Lorg/gradle/internal/execution/InputFingerprinter$Result;' in 'org/gradle/internal/execution/impl/DefaultInputFingerprinter$InputCollectingVisitor')}
  0x0000787dce0aab10: 6848 bf30 | 0cc0 697d | 7800 0048 | 8387 e001 
[error occurred during error reporting (printing code blobs if possible), id 0xb, SIGSEGV (0xb) at pc=0x0000787de9c8a973]


---------------  P R O C E S S  ---------------

Threads class SMR info:
_java_thread_list=0x0000787c2c027e50, length=186, elements={
0x0000787de401b690, 0x0000787de418a000, 0x0000787de418b3f0, 0x0000787de41909c0,
0x0000787de4191d80, 0x0000787de41931a0, 0x0000787de4194b60, 0x0000787de41960a0,
0x0000787de419f510, 0x0000787de41aabe0, 0x0000787de4270940, 0x0000787d400c4bd0,
0x0000787d401c00b0, 0x0000787de5463bf0, 0x0000787de54d2d00, 0x0000787de5540670,
0x0000787d14016ba0, 0x0000787d0c0016c0, 0x0000787d0c006bf0, 0x0000787d0c00c540,
0x0000787cf800d630, 0x0000787cf800fa30, 0x0000787cf8011460, 0x0000787cf81b6e40,
0x0000787cf81be660, 0x0000787cf81f1630, 0x0000787cf8eca300, 0x0000787cf8f87570,
0x0000787cf904ae40, 0x0000787cf904cfb0, 0x0000787cf94850c0, 0x0000787cf949e220,
0x0000787cf9550200, 0x0000787cf956cb80, 0x0000787cf9b244b0, 0x0000787cf9b25c80,
0x0000787cf9b26de0, 0x0000787cf9b27df0, 0x0000787cf9b28f40, 0x0000787cf9b29f50,
0x0000787cf9b2b0b0, 0x0000787cf9b2c220, 0x0000787cf9b2d390, 0x0000787cf9b2e3b0,
0x0000787cf9b2f7c0, 0x0000787cf9b42f20, 0x0000787cf9b44100, 0x0000787cf9b45310,
0x0000787cf9b46480, 0x0000787cf9b489d0, 0x0000787cf9b49ad0, 0x0000787cf9b4a9b0,
0x0000787cf9b4bf60, 0x0000787cf9b4d130, 0x0000787cf9b4e6f0, 0x0000787cf9b4f700,
0x0000787cf9b57e10, 0x0000787cf9b58890, 0x0000787cf9b59a80, 0x0000787cf9b5ae70,
0x0000787cf9b5c270, 0x0000787cf9b5d670, 0x0000787cf9b5ea80, 0x0000787cf9b5fe80,
0x0000787cf9b61280, 0x0000787cf9b62900, 0x0000787cf9b63970, 0x0000787cf8c23a70,
0x0000787cfa32b070, 0x0000787cf8974af0, 0x0000787c10001420, 0x0000787c10002650,
0x0000787c10003cc0, 0x0000787cf8ca62b0, 0x0000787c0c000fb0, 0x0000787c14000fb0,
0x0000787cf8d44490, 0x0000787c1400bfe0, 0x0000787c1400d770, 0x0000787c1400f8b0,
0x0000787c14010f00, 0x0000787c14012590, 0x0000787c14013c30, 0x0000787c14015030,
0x0000787c140166e0, 0x0000787c14017da0, 0x0000787c14019460, 0x0000787c1401ab30,
0x0000787c40014540, 0x0000787c4001e5a0, 0x0000787c30026a10, 0x0000787c34021440,
0x0000787c14032930, 0x0000787c1c044b90, 0x0000787c3000eee0, 0x0000787c4001b050,
0x0000787c4001c260, 0x0000787c40021e50, 0x0000787c400230d0, 0x0000787c30018bc0,
0x0000787c30019b50, 0x0000787c40024470, 0x0000787c40025800, 0x0000787c3001ab30,
0x0000787c3001dfa0, 0x0000787c40029420, 0x0000787c3001d0b0, 0x0000787c3001eb30,
0x0000787c30020270, 0x0000787c4002ab50, 0x0000787c4002bb70, 0x0000787c30021640,
0x0000787c4002cee0, 0x0000787c30022dd0, 0x0000787c30025e00, 0x0000787c40030100,
0x0000787c30028420, 0x0000787c40031160, 0x0000787c3401cf60, 0x0000787c340365e0,
0x0000787c340378b0, 0x0000787c34038c70, 0x0000787c3403a480, 0x0000787c3403b880,
0x0000787c3403cc80, 0x0000787c3403dc90, 0x0000787c3403f4c0, 0x0000787c340404e0,
0x0000787c34041d20, 0x0000787c10015940, 0x0000787c1001be40, 0x0000787c2c00ebd0,
0x0000787c3c0075f0, 0x0000787c2001c5e0, 0x0000787c2400fa60, 0x0000787c380102a0,
0x0000787c3002e180, 0x0000787c3002f2f0, 0x0000787c30030b70, 0x0000787c30031ba0,
0x0000787c30032fc0, 0x0000787c300343c0, 0x0000787c300357d0, 0x0000787c30036bf0,
0x0000787c30038010, 0x0000787c30039030, 0x0000787c3003a440, 0x0000787c3003b860,
0x0000787c3003ca80, 0x0000787c3003e140, 0x0000787c3003f7e0, 0x0000787c30040800,
0x0000787c30041820, 0x0000787c30042ee0, 0x0000787c300442f0, 0x0000787c30045460,
0x0000787c30046880, 0x0000787c30047c90, 0x0000787c40045070, 0x0000787c300493a0,
0x0000787c3800f930, 0x0000787c38013840, 0x0000787c24035190, 0x0000787c1c0748a0,
0x0000787c1c0754e0, 0x0000787c1c076a40, 0x0000787c1c077f90, 0x0000787c1c079010,
0x0000787c1c07a550, 0x0000787c1c07b7d0, 0x0000787c1c07cbb0, 0x0000787c1c07ddb0,
0x0000787c1c07d840, 0x0000787c1c07f150, 0x0000787c4005d5e0, 0x0000787c3004ab70,
0x0000787c30013cc0, 0x0000787c30013730, 0x0000787c20046900, 0x0000787c30016d60,
0x0000787c3c043960, 0x0000787c2c013d30, 0x0000787c4005e7d0, 0x0000787c40064530,
0x0000787c2c014d00, 0x0000787c2c022a00
}
_to_delete_list=0x0000787c2c0223d0
Skipping _to_delete_list fields and contents for safety.

Java Threads: ( => current thread )
  0x0000787de401b690 JavaThread "main" [_thread_blocked, id=431515, stack(0x0000787dea4d3000,0x0000787dea5d3000)]
  0x0000787de418a000 JavaThread "Reference Handler" daemon [_thread_blocked, id=431527, stack(0x0000787dc09a2000,0x0000787dc0aa2000)]
  0x0000787de418b3f0 JavaThread "Finalizer" daemon [_thread_blocked, id=431528, stack(0x0000787dc08a2000,0x0000787dc09a2000)]
  0x0000787de41909c0 JavaThread "Signal Dispatcher" daemon [_thread_blocked, id=431529, stack(0x0000787dc07a2000,0x0000787dc08a2000)]
  0x0000787de4191d80 JavaThread "Service Thread" daemon [_thread_blocked, id=431530, stack(0x0000787dc0300000,0x0000787dc0400000)]
  0x0000787de41931a0 JavaThread "Monitor Deflation Thread" daemon [_thread_blocked, id=431531, stack(0x0000787dc0200000,0x0000787dc0300000)]
  0x0000787de4194b60 JavaThread "C2 CompilerThread0" daemon [_thread_blocked, id=431532, stack(0x0000787dc0100000,0x0000787dc0200000)]
  0x0000787de41960a0 JavaThread "C1 CompilerThread0" daemon [_thread_blocked, id=431533, stack(0x0000787dc0000000,0x0000787dc0100000)]
  0x0000787de419f510 JavaThread "Sweeper thread" daemon [_thread_blocked, id=431534, stack(0x0000787d66f00000,0x0000787d67000000)]
  0x0000787de41aabe0 JavaThread "Common-Cleaner" daemon [_thread_blocked, id=431536, stack(0x0000787d66e00000,0x0000787d66f00000)]
  0x0000787de4270940 JavaThread "Notification Thread" daemon [_thread_blocked, id=431539, stack(0x0000787d66d00000,0x0000787d66e00000)]
  0x0000787d400c4bd0 JavaThread "C2 CompilerThread1" daemon [_thread_blocked, id=431546, stack(0x0000787d66aff000,0x0000787d66bff000)]
  0x0000787d401c00b0 JavaThread "C2 CompilerThread2" daemon [_thread_in_native, id=431561, stack(0x0000787d669ff000,0x0000787d66aff000)]
  0x0000787de5463bf0 JavaThread "Daemon health stats" [_thread_blocked, id=431597, stack(0x0000787d66100000,0x0000787d66200000)]
  0x0000787de54d2d00 JavaThread "Incoming local TCP Connector on port 42561" [_thread_in_native, id=431604, stack(0x0000787d66000000,0x0000787d66100000)]
  0x0000787de5540670 JavaThread "Daemon periodic checks" [_thread_blocked, id=431605, stack(0x0000787d65f00000,0x0000787d66000000)]
  0x0000787d14016ba0 JavaThread "Daemon" [_thread_blocked, id=431606, stack(0x0000787d65e00000,0x0000787d65f00000)]
  0x0000787d0c0016c0 JavaThread "Handler for socket connection from /127.0.0.1:42561 to /127.0.0.1:37998" [_thread_in_native, id=431607, stack(0x0000787d65d00000,0x0000787d65e00000)]
  0x0000787d0c006bf0 JavaThread "Cancel handler" [_thread_blocked, id=431608, stack(0x0000787d65c00000,0x0000787d65d00000)]
  0x0000787d0c00c540 JavaThread "Daemon worker" [_thread_blocked, id=431609, stack(0x0000787d65b00000,0x0000787d65c00000)]
  0x0000787cf800d630 JavaThread "Asynchronous log dispatcher for DefaultDaemonConnection: socket connection from /127.0.0.1:42561 to /127.0.0.1:37998" [_thread_blocked, id=431610, stack(0x0000787d65a00000,0x0000787d65b00000)]
  0x0000787cf800fa30 JavaThread "Stdin handler" [_thread_blocked, id=431611, stack(0x0000787d65900000,0x0000787d65a00000)]
  0x0000787cf8011460 JavaThread "Daemon client event forwarder" [_thread_blocked, id=431612, stack(0x0000787d65800000,0x0000787d65900000)]
  0x0000787cf81b6e40 JavaThread "Cache worker for journal cache (/home/costeer/.gradle/caches/journal-1)" [_thread_blocked, id=431626, stack(0x0000787d652fc000,0x0000787d653fc000)]
  0x0000787cf81be660 JavaThread "File lock request listener" [_thread_in_native, id=431627, stack(0x0000787d651fc000,0x0000787d652fc000)]
  0x0000787cf81f1630 JavaThread "Cache worker for file hash cache (/home/costeer/.gradle/caches/8.13/fileHashes)" [_thread_blocked, id=431628, stack(0x0000787d650fc000,0x0000787d651fc000)]
  0x0000787cf8eca300 JavaThread "Cache worker for file hash cache (/home/costeer/git/quicklauncher/.gradle/8.13/fileHashes)" [_thread_blocked, id=431641, stack(0x0000787d64ffc000,0x0000787d650fc000)]
  0x0000787cf8f87570 JavaThread "Cache worker for Build Output Cleanup Cache (/home/costeer/git/quicklauncher/.gradle/buildOutputCleanup)" [_thread_blocked, id=431642, stack(0x0000787d64efc000,0x0000787d64ffc000)]
  0x0000787cf904ae40 JavaThread "File watcher server" daemon [_thread_in_native, id=431652, stack(0x0000787d64bfa000,0x0000787d64cfa000)]
  0x0000787cf904cfb0 JavaThread "File watcher consumer" daemon [_thread_blocked, id=431653, stack(0x0000787d64afa000,0x0000787d64bfa000)]
  0x0000787cf94850c0 JavaThread "Cache worker for checksums cache (/home/costeer/git/quicklauncher/.gradle/8.13/checksums)" [_thread_blocked, id=431675, stack(0x0000787d649fa000,0x0000787d64afa000)]
  0x0000787cf949e220 JavaThread "Cache worker for file content cache (/home/costeer/.gradle/caches/8.13/fileContent)" [_thread_blocked, id=431676, stack(0x0000787d648fa000,0x0000787d649fa000)]
  0x0000787cf9550200 JavaThread "Cache worker for cache directory md-supplier (/home/costeer/.gradle/caches/8.13/md-supplier)" [_thread_blocked, id=431680, stack(0x0000787d647fa000,0x0000787d648fa000)]
  0x0000787cf956cb80 JavaThread "Cache worker for cache directory md-rule (/home/costeer/.gradle/caches/8.13/md-rule)" [_thread_blocked, id=431684, stack(0x0000787d646fa000,0x0000787d647fa000)]
  0x0000787cf9b244b0 JavaThread "Unconstrained build operations" [_thread_in_Java, id=431730, stack(0x0000787d645fa000,0x0000787d646fa000)]
  0x0000787cf9b25c80 JavaThread "Unconstrained build operations Thread 2" [_thread_blocked, id=431731, stack(0x0000787d644fa000,0x0000787d645fa000)]
  0x0000787cf9b26de0 JavaThread "Unconstrained build operations Thread 3" [_thread_blocked, id=431732, stack(0x0000787d643fa000,0x0000787d644fa000)]
  0x0000787cf9b27df0 JavaThread "Unconstrained build operations Thread 4" [_thread_blocked, id=431733, stack(0x0000787d642fa000,0x0000787d643fa000)]
  0x0000787cf9b28f40 JavaThread "Unconstrained build operations Thread 5" [_thread_blocked, id=431734, stack(0x0000787d641fa000,0x0000787d642fa000)]
  0x0000787cf9b29f50 JavaThread "Unconstrained build operations Thread 6" [_thread_blocked, id=431735, stack(0x0000787d640fa000,0x0000787d641fa000)]
  0x0000787cf9b2b0b0 JavaThread "Unconstrained build operations Thread 7" [_thread_blocked, id=431736, stack(0x0000787c97f00000,0x0000787c98000000)]
  0x0000787cf9b2c220 JavaThread "Unconstrained build operations Thread 8" [_thread_blocked, id=431737, stack(0x0000787c97e00000,0x0000787c97f00000)]
  0x0000787cf9b2d390 JavaThread "Unconstrained build operations Thread 9" [_thread_in_Java, id=431738, stack(0x0000787c97d00000,0x0000787c97e00000)]
  0x0000787cf9b2e3b0 JavaThread "Unconstrained build operations Thread 10" [_thread_blocked, id=431739, stack(0x0000787c97c00000,0x0000787c97d00000)]
  0x0000787cf9b2f7c0 JavaThread "Unconstrained build operations Thread 11" [_thread_blocked, id=431740, stack(0x0000787c97b00000,0x0000787c97c00000)]
  0x0000787cf9b42f20 JavaThread "Unconstrained build operations Thread 12" [_thread_blocked, id=431741, stack(0x0000787c97a00000,0x0000787c97b00000)]
  0x0000787cf9b44100 JavaThread "Unconstrained build operations Thread 13" [_thread_blocked, id=431742, stack(0x0000787c97900000,0x0000787c97a00000)]
  0x0000787cf9b45310 JavaThread "Unconstrained build operations Thread 14" [_thread_blocked, id=431743, stack(0x0000787c97800000,0x0000787c97900000)]
  0x0000787cf9b46480 JavaThread "Unconstrained build operations Thread 15" [_thread_blocked, id=431744, stack(0x0000787c97700000,0x0000787c97800000)]
  0x0000787cf9b489d0 JavaThread "Unconstrained build operations Thread 16" [_thread_blocked, id=431745, stack(0x0000787c97600000,0x0000787c97700000)]
  0x0000787cf9b49ad0 JavaThread "Unconstrained build operations Thread 17" [_thread_blocked, id=431746, stack(0x0000787c97500000,0x0000787c97600000)]
  0x0000787cf9b4a9b0 JavaThread "Unconstrained build operations Thread 18" [_thread_blocked, id=431747, stack(0x0000787c97400000,0x0000787c97500000)]
  0x0000787cf9b4bf60 JavaThread "Unconstrained build operations Thread 19" [_thread_blocked, id=431748, stack(0x0000787c97300000,0x0000787c97400000)]
  0x0000787cf9b4d130 JavaThread "Unconstrained build operations Thread 20" [_thread_blocked, id=431749, stack(0x0000787c97200000,0x0000787c97300000)]
  0x0000787cf9b4e6f0 JavaThread "Unconstrained build operations Thread 21" [_thread_blocked, id=431750, stack(0x0000787c97100000,0x0000787c97200000)]
  0x0000787cf9b4f700 JavaThread "Unconstrained build operations Thread 22" [_thread_blocked, id=431751, stack(0x0000787c97000000,0x0000787c97100000)]
  0x0000787cf9b57e10 JavaThread "Unconstrained build operations Thread 23" [_thread_blocked, id=431758, stack(0x0000787c96f00000,0x0000787c97000000)]
  0x0000787cf9b58890 JavaThread "Unconstrained build operations Thread 24" [_thread_blocked, id=431759, stack(0x0000787c96e00000,0x0000787c96f00000)]
  0x0000787cf9b59a80 JavaThread "Unconstrained build operations Thread 25" [_thread_blocked, id=431760, stack(0x0000787c96d00000,0x0000787c96e00000)]
  0x0000787cf9b5ae70 JavaThread "Unconstrained build operations Thread 26" [_thread_blocked, id=431761, stack(0x0000787c96c00000,0x0000787c96d00000)]
  0x0000787cf9b5c270 JavaThread "Unconstrained build operations Thread 27" [_thread_blocked, id=431762, stack(0x0000787c96b00000,0x0000787c96c00000)]
  0x0000787cf9b5d670 JavaThread "Unconstrained build operations Thread 28" [_thread_blocked, id=431763, stack(0x0000787c96a00000,0x0000787c96b00000)]
  0x0000787cf9b5ea80 JavaThread "Unconstrained build operations Thread 29" [_thread_blocked, id=431764, stack(0x0000787c96900000,0x0000787c96a00000)]
  0x0000787cf9b5fe80 JavaThread "Unconstrained build operations Thread 30" [_thread_blocked, id=431765, stack(0x0000787c96800000,0x0000787c96900000)]
  0x0000787cf9b61280 JavaThread "Unconstrained build operations Thread 31" [_thread_blocked, id=431766, stack(0x0000787c96700000,0x0000787c96800000)]
  0x0000787cf9b62900 JavaThread "Unconstrained build operations Thread 32" [_thread_blocked, id=431767, stack(0x0000787c96600000,0x0000787c96700000)]
  0x0000787cf9b63970 JavaThread "Unconstrained build operations Thread 33" [_thread_blocked, id=431768, stack(0x0000787c96500000,0x0000787c96600000)]
  0x0000787cf8c23a70 JavaThread "Memory manager" [_thread_blocked, id=431814, stack(0x0000787c96400000,0x0000787c96500000)]
  0x0000787cfa32b070 JavaThread "build event listener" [_thread_blocked, id=431839, stack(0x0000787c96300000,0x0000787c96400000)]
  0x0000787cf8974af0 JavaThread "ForkJoinPool.commonPool-worker-1" daemon [_thread_blocked, id=432029, stack(0x0000787c96200000,0x0000787c96300000)]
  0x0000787c10001420 JavaThread "ForkJoinPool.commonPool-worker-2" daemon [_thread_blocked, id=432030, stack(0x0000787c96100000,0x0000787c96200000)]
  0x0000787c10002650 JavaThread "ForkJoinPool.commonPool-worker-3" daemon [_thread_blocked, id=432031, stack(0x0000787c96000000,0x0000787c96100000)]
  0x0000787c10003cc0 JavaThread "ForkJoinPool.commonPool-worker-6" daemon [_thread_blocked, id=432032, stack(0x0000787c95f00000,0x0000787c96000000)]
  0x0000787cf8ca62b0 JavaThread "ForkJoinPool.commonPool-worker-5" daemon [_thread_blocked, id=432033, stack(0x0000787c95e00000,0x0000787c95f00000)]
  0x0000787c0c000fb0 JavaThread "ForkJoinPool.commonPool-worker-7" daemon [_thread_blocked, id=432034, stack(0x0000787c95d00000,0x0000787c95e00000)]
  0x0000787c14000fb0 JavaThread "ForkJoinPool.commonPool-worker-4" daemon [_thread_blocked, id=432035, stack(0x0000787c95c00000,0x0000787c95d00000)]
  0x0000787cf8d44490 JavaThread "included builds" [_thread_blocked, id=432197, stack(0x0000787c952f8000,0x0000787c953f8000)]
  0x0000787c1400bfe0 JavaThread "Execution worker" [_thread_blocked, id=432198, stack(0x0000787c951f8000,0x0000787c952f8000)]
  0x0000787c1400d770 JavaThread "Execution worker Thread 2" [_thread_blocked, id=432199, stack(0x0000787c950f8000,0x0000787c951f8000)]
  0x0000787c1400f8b0 JavaThread "Execution worker Thread 3" [_thread_blocked, id=432200, stack(0x0000787c94ff8000,0x0000787c950f8000)]
  0x0000787c14010f00 JavaThread "Execution worker Thread 4" [_thread_blocked, id=432201, stack(0x0000787c94ef8000,0x0000787c94ff8000)]
  0x0000787c14012590 JavaThread "Execution worker Thread 5" [_thread_blocked, id=432202, stack(0x0000787c94df8000,0x0000787c94ef8000)]
  0x0000787c14013c30 JavaThread "Execution worker Thread 6" [_thread_blocked, id=432203, stack(0x0000787c94cf8000,0x0000787c94df8000)]
  0x0000787c14015030 JavaThread "Execution worker Thread 7" [_thread_in_Java, id=432204, stack(0x0000787c94bf8000,0x0000787c94cf8000)]
  0x0000787c140166e0 JavaThread "Execution worker Thread 8" [_thread_blocked, id=432205, stack(0x0000787c94af8000,0x0000787c94bf8000)]
=>0x0000787c14017da0 JavaThread "Execution worker Thread 9" [_thread_in_Java, id=432206, stack(0x0000787c949f8000,0x0000787c94af8000)]
  0x0000787c14019460 JavaThread "Execution worker Thread 10" [_thread_blocked, id=432207, stack(0x0000787c948f8000,0x0000787c949f8000)]
  0x0000787c1401ab30 JavaThread "Execution worker Thread 11" [_thread_in_Java, id=432208, stack(0x0000787c947f8000,0x0000787c948f8000)]
  0x0000787c40014540 JavaThread "Cache worker for execution history cache (/home/costeer/git/quicklauncher/.gradle/8.13/executionHistory)" [_thread_blocked, id=432209, stack(0x0000787c946f8000,0x0000787c947f8000)]
  0x0000787c4001e5a0 JavaThread "Unconstrained build operations Thread 34" [_thread_blocked, id=432217, stack(0x0000787c945f8000,0x0000787c946f8000)]
  0x0000787c30026a10 JavaThread "Unconstrained build operations Thread 35" [_thread_blocked, id=432218, stack(0x0000787c944f8000,0x0000787c945f8000)]
  0x0000787c34021440 JavaThread "Unconstrained build operations Thread 36" [_thread_blocked, id=432219, stack(0x0000787c943f8000,0x0000787c944f8000)]
  0x0000787c14032930 JavaThread "Unconstrained build operations Thread 38" [_thread_blocked, id=432220, stack(0x0000787c942f8000,0x0000787c943f8000)]
  0x0000787c1c044b90 JavaThread "Unconstrained build operations Thread 37" [_thread_blocked, id=432221, stack(0x0000787c941f8000,0x0000787c942f8000)]
  0x0000787c3000eee0 JavaThread "Unconstrained build operations Thread 39" [_thread_blocked, id=432222, stack(0x0000787c940f8000,0x0000787c941f8000)]
  0x0000787c4001b050 JavaThread "Unconstrained build operations Thread 40" [_thread_blocked, id=432223, stack(0x0000787bf7f00000,0x0000787bf8000000)]
  0x0000787c4001c260 JavaThread "Unconstrained build operations Thread 41" [_thread_blocked, id=432224, stack(0x0000787bf7e00000,0x0000787bf7f00000)]
  0x0000787c40021e50 JavaThread "Unconstrained build operations Thread 42" [_thread_blocked, id=432225, stack(0x0000787bf7d00000,0x0000787bf7e00000)]
  0x0000787c400230d0 JavaThread "Unconstrained build operations Thread 44" [_thread_blocked, id=432226, stack(0x0000787bf7c00000,0x0000787bf7d00000)]
  0x0000787c30018bc0 JavaThread "Unconstrained build operations Thread 43" [_thread_blocked, id=432227, stack(0x0000787bf7b00000,0x0000787bf7c00000)]
  0x0000787c30019b50 JavaThread "Unconstrained build operations Thread 46" [_thread_blocked, id=432228, stack(0x0000787bf7a00000,0x0000787bf7b00000)]
  0x0000787c40024470 JavaThread "Unconstrained build operations Thread 45" [_thread_blocked, id=432229, stack(0x0000787bf7900000,0x0000787bf7a00000)]
  0x0000787c40025800 JavaThread "Unconstrained build operations Thread 47" [_thread_blocked, id=432230, stack(0x0000787bf7800000,0x0000787bf7900000)]
  0x0000787c3001ab30 JavaThread "Unconstrained build operations Thread 48" [_thread_blocked, id=432231, stack(0x0000787bf7700000,0x0000787bf7800000)]
  0x0000787c3001dfa0 JavaThread "Unconstrained build operations Thread 50" [_thread_blocked, id=432232, stack(0x0000787bf7600000,0x0000787bf7700000)]
  0x0000787c40029420 JavaThread "Unconstrained build operations Thread 49" [_thread_blocked, id=432233, stack(0x0000787bf7500000,0x0000787bf7600000)]
  0x0000787c3001d0b0 JavaThread "Unconstrained build operations Thread 51" [_thread_blocked, id=432234, stack(0x0000787bf7400000,0x0000787bf7500000)]
  0x0000787c3001eb30 JavaThread "Unconstrained build operations Thread 52" [_thread_blocked, id=432235, stack(0x0000787bf7300000,0x0000787bf7400000)]
  0x0000787c30020270 JavaThread "Unconstrained build operations Thread 54" [_thread_blocked, id=432236, stack(0x0000787bf7200000,0x0000787bf7300000)]
  0x0000787c4002ab50 JavaThread "Unconstrained build operations Thread 53" [_thread_blocked, id=432237, stack(0x0000787bf7100000,0x0000787bf7200000)]
  0x0000787c4002bb70 JavaThread "Unconstrained build operations Thread 56" [_thread_blocked, id=432238, stack(0x0000787bf7000000,0x0000787bf7100000)]
  0x0000787c30021640 JavaThread "Unconstrained build operations Thread 55" [_thread_blocked, id=432239, stack(0x0000787bf6f00000,0x0000787bf7000000)]
  0x0000787c4002cee0 JavaThread "Unconstrained build operations Thread 57" [_thread_blocked, id=432240, stack(0x0000787bf6e00000,0x0000787bf6f00000)]
  0x0000787c30022dd0 JavaThread "Unconstrained build operations Thread 58" [_thread_blocked, id=432241, stack(0x0000787bf6d00000,0x0000787bf6e00000)]
  0x0000787c30025e00 JavaThread "Unconstrained build operations Thread 59" [_thread_blocked, id=432245, stack(0x0000787bf6c00000,0x0000787bf6d00000)]
  0x0000787c40030100 JavaThread "Unconstrained build operations Thread 60" [_thread_blocked, id=432246, stack(0x0000787bf6b00000,0x0000787bf6c00000)]
  0x0000787c30028420 JavaThread "Unconstrained build operations Thread 61" [_thread_blocked, id=432247, stack(0x0000787bf6a00000,0x0000787bf6b00000)]
  0x0000787c40031160 JavaThread "Unconstrained build operations Thread 62" [_thread_blocked, id=432248, stack(0x0000787bf6900000,0x0000787bf6a00000)]
  0x0000787c3401cf60 JavaThread "Unconstrained build operations Thread 63" [_thread_blocked, id=432252, stack(0x0000787bf6800000,0x0000787bf6900000)]
  0x0000787c340365e0 JavaThread "Unconstrained build operations Thread 64" [_thread_blocked, id=432253, stack(0x0000787bf6700000,0x0000787bf6800000)]
  0x0000787c340378b0 JavaThread "Unconstrained build operations Thread 65" [_thread_blocked, id=432254, stack(0x0000787bf6600000,0x0000787bf6700000)]
  0x0000787c34038c70 JavaThread "Unconstrained build operations Thread 66" [_thread_blocked, id=432255, stack(0x0000787bf6500000,0x0000787bf6600000)]
  0x0000787c3403a480 JavaThread "Unconstrained build operations Thread 67" [_thread_blocked, id=432256, stack(0x0000787bf6400000,0x0000787bf6500000)]
  0x0000787c3403b880 JavaThread "Unconstrained build operations Thread 68" [_thread_blocked, id=432257, stack(0x0000787bf6300000,0x0000787bf6400000)]
  0x0000787c3403cc80 JavaThread "Unconstrained build operations Thread 69" [_thread_blocked, id=432258, stack(0x0000787bf6200000,0x0000787bf6300000)]
  0x0000787c3403dc90 JavaThread "Unconstrained build operations Thread 70" [_thread_blocked, id=432259, stack(0x0000787bf6100000,0x0000787bf6200000)]
  0x0000787c3403f4c0 JavaThread "Unconstrained build operations Thread 71" [_thread_blocked, id=432260, stack(0x0000787bf6000000,0x0000787bf6100000)]
  0x0000787c340404e0 JavaThread "Unconstrained build operations Thread 72" [_thread_blocked, id=432261, stack(0x0000787bf5f00000,0x0000787bf6000000)]
  0x0000787c34041d20 JavaThread "Unconstrained build operations Thread 73" [_thread_blocked, id=432262, stack(0x0000787bf5e00000,0x0000787bf5f00000)]
  0x0000787c10015940 JavaThread "Unconstrained build operations Thread 74" [_thread_blocked, id=432266, stack(0x0000787bf5d00000,0x0000787bf5e00000)]
  0x0000787c1001be40 JavaThread "Unconstrained build operations Thread 75" [_thread_blocked, id=432267, stack(0x0000787bf5c00000,0x0000787bf5d00000)]
  0x0000787c2c00ebd0 JavaThread "Unconstrained build operations Thread 76" [_thread_blocked, id=432268, stack(0x0000787bf5b00000,0x0000787bf5c00000)]
  0x0000787c3c0075f0 JavaThread "Unconstrained build operations Thread 77" [_thread_blocked, id=432269, stack(0x0000787bf5a00000,0x0000787bf5b00000)]
  0x0000787c2001c5e0 JavaThread "Unconstrained build operations Thread 78" [_thread_blocked, id=432270, stack(0x0000787bf5900000,0x0000787bf5a00000)]
  0x0000787c2400fa60 JavaThread "Unconstrained build operations Thread 79" [_thread_blocked, id=432271, stack(0x0000787bf5800000,0x0000787bf5900000)]
  0x0000787c380102a0 JavaThread "Unconstrained build operations Thread 80" [_thread_blocked, id=432272, stack(0x0000787bf5700000,0x0000787bf5800000)]
  0x0000787c3002e180 JavaThread "Unconstrained build operations Thread 81" [_thread_blocked, id=432273, stack(0x0000787bf5600000,0x0000787bf5700000)]
  0x0000787c3002f2f0 JavaThread "Unconstrained build operations Thread 82" [_thread_blocked, id=432274, stack(0x0000787bf5500000,0x0000787bf5600000)]
  0x0000787c30030b70 JavaThread "Unconstrained build operations Thread 83" [_thread_blocked, id=432275, stack(0x0000787bf5400000,0x0000787bf5500000)]
  0x0000787c30031ba0 JavaThread "Unconstrained build operations Thread 84" [_thread_blocked, id=432276, stack(0x0000787bf5300000,0x0000787bf5400000)]
  0x0000787c30032fc0 JavaThread "Unconstrained build operations Thread 85" [_thread_blocked, id=432277, stack(0x0000787bf5200000,0x0000787bf5300000)]
  0x0000787c300343c0 JavaThread "Unconstrained build operations Thread 86" [_thread_blocked, id=432278, stack(0x0000787bf5100000,0x0000787bf5200000)]
  0x0000787c300357d0 JavaThread "Unconstrained build operations Thread 87" [_thread_blocked, id=432279, stack(0x0000787bf5000000,0x0000787bf5100000)]
  0x0000787c30036bf0 JavaThread "Unconstrained build operations Thread 88" [_thread_blocked, id=432280, stack(0x0000787bf4f00000,0x0000787bf5000000)]
  0x0000787c30038010 JavaThread "Unconstrained build operations Thread 89" [_thread_blocked, id=432281, stack(0x0000787bf4e00000,0x0000787bf4f00000)]
  0x0000787c30039030 JavaThread "Unconstrained build operations Thread 90" [_thread_blocked, id=432282, stack(0x0000787bf4d00000,0x0000787bf4e00000)]
  0x0000787c3003a440 JavaThread "Unconstrained build operations Thread 91" [_thread_blocked, id=432283, stack(0x0000787bf4c00000,0x0000787bf4d00000)]
  0x0000787c3003b860 JavaThread "Unconstrained build operations Thread 92" [_thread_blocked, id=432287, stack(0x0000787bf4b00000,0x0000787bf4c00000)]
  0x0000787c3003ca80 JavaThread "Unconstrained build operations Thread 93" [_thread_blocked, id=432288, stack(0x0000787bf4a00000,0x0000787bf4b00000)]
  0x0000787c3003e140 JavaThread "Unconstrained build operations Thread 94" [_thread_blocked, id=432289, stack(0x0000787bf4900000,0x0000787bf4a00000)]
  0x0000787c3003f7e0 JavaThread "Unconstrained build operations Thread 95" [_thread_blocked, id=432290, stack(0x0000787bf4800000,0x0000787bf4900000)]
  0x0000787c30040800 JavaThread "Unconstrained build operations Thread 96" [_thread_blocked, id=432291, stack(0x0000787bf4700000,0x0000787bf4800000)]
  0x0000787c30041820 JavaThread "Unconstrained build operations Thread 97" [_thread_blocked, id=432292, stack(0x0000787bf4600000,0x0000787bf4700000)]
  0x0000787c30042ee0 JavaThread "Unconstrained build operations Thread 98" [_thread_blocked, id=432293, stack(0x0000787bf4500000,0x0000787bf4600000)]
  0x0000787c300442f0 JavaThread "Unconstrained build operations Thread 99" [_thread_blocked, id=432294, stack(0x0000787bf4400000,0x0000787bf4500000)]
  0x0000787c30045460 JavaThread "Unconstrained build operations Thread 100" [_thread_blocked, id=432295, stack(0x0000787bf4300000,0x0000787bf4400000)]
  0x0000787c30046880 JavaThread "Unconstrained build operations Thread 101" [_thread_blocked, id=432296, stack(0x0000787bf4200000,0x0000787bf4300000)]
  0x0000787c30047c90 JavaThread "Unconstrained build operations Thread 102" [_thread_blocked, id=432297, stack(0x0000787bf4100000,0x0000787bf4200000)]
  0x0000787c40045070 JavaThread "WorkerExecutor Queue" [_thread_blocked, id=432298, stack(0x0000787bf4000000,0x0000787bf4100000)]
  0x0000787c300493a0 JavaThread "Unconstrained build operations Thread 103" [_thread_blocked, id=432299, stack(0x0000787bf3f00000,0x0000787bf4000000)]
  0x0000787c3800f930 JavaThread "WorkerExecutor Queue Thread 2" [_thread_blocked, id=432303, stack(0x0000787bf3e00000,0x0000787bf3f00000)]
  0x0000787c38013840 JavaThread "WorkerExecutor Queue Thread 3" [_thread_blocked, id=432304, stack(0x0000787bf3d00000,0x0000787bf3e00000)]
  0x0000787c24035190 JavaThread "Unconstrained build operations Thread 104" [_thread_blocked, id=432308, stack(0x0000787bf3c00000,0x0000787bf3d00000)]
  0x0000787c1c0748a0 JavaThread "Unconstrained build operations Thread 105" [_thread_blocked, id=432309, stack(0x0000787bf3b00000,0x0000787bf3c00000)]
  0x0000787c1c0754e0 JavaThread "Unconstrained build operations Thread 106" [_thread_blocked, id=432310, stack(0x0000787bf3a00000,0x0000787bf3b00000)]
  0x0000787c1c076a40 JavaThread "Unconstrained build operations Thread 107" [_thread_blocked, id=432311, stack(0x0000787bf3900000,0x0000787bf3a00000)]
  0x0000787c1c077f90 JavaThread "Unconstrained build operations Thread 108" [_thread_blocked, id=432312, stack(0x0000787bf3800000,0x0000787bf3900000)]
  0x0000787c1c079010 JavaThread "Unconstrained build operations Thread 109" [_thread_blocked, id=432313, stack(0x0000787bf3700000,0x0000787bf3800000)]
  0x0000787c1c07a550 JavaThread "Unconstrained build operations Thread 110" [_thread_blocked, id=432314, stack(0x0000787bf3600000,0x0000787bf3700000)]
  0x0000787c1c07b7d0 JavaThread "Unconstrained build operations Thread 111" [_thread_blocked, id=432315, stack(0x0000787bf3500000,0x0000787bf3600000)]
  0x0000787c1c07cbb0 JavaThread "Unconstrained build operations Thread 112" [_thread_in_Java, id=432316, stack(0x0000787bf3400000,0x0000787bf3500000)]
  0x0000787c1c07ddb0 JavaThread "Unconstrained build operations Thread 113" [_thread_blocked, id=432317, stack(0x0000787bf3300000,0x0000787bf3400000)]
  0x0000787c1c07d840 JavaThread "Unconstrained build operations Thread 114" [_thread_blocked, id=432318, stack(0x0000787bf3200000,0x0000787bf3300000)]
  0x0000787c1c07f150 JavaThread "Unconstrained build operations Thread 115" [_thread_blocked, id=432319, stack(0x0000787bf3100000,0x0000787bf3200000)]
  0x0000787c4005d5e0 JavaThread "WorkerExecutor Queue Thread 4" [_thread_blocked, id=432320, stack(0x0000787bf3000000,0x0000787bf3100000)]
  0x0000787c3004ab70 JavaThread "Unconstrained build operations Thread 116" [_thread_in_Java, id=432321, stack(0x0000787bf2f00000,0x0000787bf3000000)]
  0x0000787c30013cc0 JavaThread "Unconstrained build operations Thread 117" [_thread_blocked, id=432322, stack(0x0000787bf2e00000,0x0000787bf2f00000)]
  0x0000787c30013730 JavaThread "Unconstrained build operations Thread 118" [_thread_blocked, id=432323, stack(0x0000787bf2d00000,0x0000787bf2e00000)]
  0x0000787c20046900 JavaThread "Unconstrained build operations Thread 119" [_thread_blocked, id=432324, stack(0x0000787bf2c00000,0x0000787bf2d00000)]
  0x0000787c30016d60 JavaThread "Unconstrained build operations Thread 120" [_thread_blocked, id=432325, stack(0x0000787bf2b00000,0x0000787bf2c00000)]
  0x0000787c3c043960 JavaThread "WorkerExecutor Queue Thread 5" [_thread_blocked, id=432332, stack(0x0000787bf2a00000,0x0000787bf2b00000)]
  0x0000787c2c013d30 JavaThread "WorkerExecutor Queue Thread 6" [_thread_blocked, id=432333, stack(0x0000787bf2900000,0x0000787bf2a00000)]
  0x0000787c4005e7d0 JavaThread "WorkerExecutor Queue Thread 7" [_thread_blocked, id=432334, stack(0x0000787bf2800000,0x0000787bf2900000)]
  0x0000787c40064530 JavaThread "WorkerExecutor Queue Thread 8" [_thread_blocked, id=432335, stack(0x0000787bf2700000,0x0000787bf2800000)]
  0x0000787c2c014d00 JavaThread "WorkerExecutor Queue Thread 9" [_thread_blocked, id=432339, stack(0x0000787bf2600000,0x0000787bf2700000)]
  0x0000787c2c022a00 JavaThread "WorkerExecutor Queue Thread 10" [_thread_blocked, id=432340, stack(0x0000787bf2500000,0x0000787bf2600000)]

Other Threads:
  0x0000787de4186040 VMThread "VM Thread" [stack: 0x0000787dc0aa3000,0x0000787dc0ba3000] [id=431526] _threads_hazard_ptr=0x0000787c2c027e50
  0x0000787de401cb90 WatcherThread [stack: 0x0000787d66c00000,0x0000787d66d00000] [id=431540]
  0x0000787de4087ba0 GCTaskThread "GC Thread#0" [stack: 0x0000787de800b000,0x0000787de810b000] [id=431518]
  0x0000787d600066a0 GCTaskThread "GC Thread#1" [stack: 0x0000787d668ff000,0x0000787d669ff000] [id=431562]
  0x0000787d60006fe0 GCTaskThread "GC Thread#2" [stack: 0x0000787d667fe000,0x0000787d668fe000] [id=431563]
  0x0000787d60007920 GCTaskThread "GC Thread#3" [stack: 0x0000787d666fd000,0x0000787d667fd000] [id=431564]
  0x0000787d60008340 GCTaskThread "GC Thread#4" [stack: 0x0000787d665fc000,0x0000787d666fc000] [id=431565]
  0x0000787d60008d80 GCTaskThread "GC Thread#5" [stack: 0x0000787d664fb000,0x0000787d665fb000] [id=431566]
  0x0000787d6000cef0 GCTaskThread "GC Thread#6" [stack: 0x0000787d65700000,0x0000787d65800000] [id=431616]
  0x0000787d6000d3e0 GCTaskThread "GC Thread#7" [stack: 0x0000787d655ff000,0x0000787d656ff000] [id=431617]
  0x0000787d6000de10 GCTaskThread "GC Thread#8" [stack: 0x0000787d654fe000,0x0000787d655fe000] [id=431618]
  0x0000787d60009fd0 GCTaskThread "GC Thread#9" [stack: 0x0000787d653fd000,0x0000787d654fd000] [id=431619]
  0x0000787de40991d0 ConcurrentGCThread "G1 Main Marker" [stack: 0x0000787dc3b00000,0x0000787dc3c00000] [id=431520]
  0x0000787de409a150 ConcurrentGCThread "G1 Conc#0" [stack: 0x0000787dc39ff000,0x0000787dc3aff000] [id=431521]
  0x0000787db4000e70 ConcurrentGCThread "G1 Conc#1" [stack: 0x0000787d64dfc000,0x0000787d64efc000] [id=431647]
  0x0000787db40018e0 ConcurrentGCThread "G1 Conc#2" [stack: 0x0000787d64cfb000,0x0000787d64dfb000] [id=431648]
  0x0000787de41576f0 ConcurrentGCThread "G1 Refine#0" [stack: 0x0000787dc0df7000,0x0000787dc0ef7000] [id=431523]
  0x0000787dac01ef40 ConcurrentGCThread "G1 Refine#1" [stack: 0x0000787c95b00000,0x0000787c95c00000] [id=432135]
  0x0000787bfc000e70 ConcurrentGCThread "G1 Refine#2" [stack: 0x0000787c959ff000,0x0000787c95aff000] [id=432136]
  0x00005c3e92e72cc0 ConcurrentGCThread "G1 Refine#3" [stack: 0x0000787c958fe000,0x0000787c959fe000] [id=432137]
  0x0000787bfc001ed0 ConcurrentGCThread "G1 Refine#4" [stack: 0x0000787c957fd000,0x0000787c958fd000] [id=432138]
  0x0000787bf8001650 ConcurrentGCThread "G1 Refine#5" [stack: 0x0000787c956fc000,0x0000787c957fc000] [id=432139]
  0x0000787c04001540 ConcurrentGCThread "G1 Refine#6" [stack: 0x0000787c955fb000,0x0000787c956fb000] [id=432140]
  0x0000787c00005720 ConcurrentGCThread "G1 Refine#7" [stack: 0x0000787c954fa000,0x0000787c955fa000] [id=432141]
  0x0000787c0c007090 ConcurrentGCThread "G1 Refine#8" [stack: 0x0000787c953f9000,0x0000787c954f9000] [id=432142]
  0x0000787de4158600 ConcurrentGCThread "G1 Service" [stack: 0x0000787dc0cf6000,0x0000787dc0df6000] [id=431524]

Threads with active compile tasks:
C2 CompilerThread0  18095 21973   !   4       java.util.zip.InflaterInputStream::read (138 bytes)
C1 CompilerThread0  18095 21981   !   2       org.gradle.api.internal.file.UriNotationConverter::convert (156 bytes)
C2 CompilerThread1  18095 21914       4       org.gradle.internal.snapshot.impl.AbstractValueProcessor::processValue (402 bytes)
C2 CompilerThread2  18095 21870   !   4       com.google.common.cache.LocalCache$Segment::put (439 bytes)

VM state: synchronizing (normal execution)

VM Mutex/Monitor currently owned by a thread:  ([mutex/lock_event])
[0x0000787de4018560] Threads_lock - owner thread: 0x0000787de4186040

Heap address: 0x0000000700000000, size: 4096 MB, Compressed Oops mode: Zero based, Oop shift amount: 3

CDS archive(s) mapped at: [0x0000787d6b000000-0x0000787d6bbc7000-0x0000787d6bbc7000), size 12349440, SharedBaseAddress: 0x0000787d6b000000, ArchiveRelocationMode: 1.
Compressed class space mapped at: 0x0000787d6c000000-0x0000787dac000000, reserved size: 1073741824
Narrow klass base: 0x0000787d6b000000, Narrow klass shift: 0, Narrow klass range: 0x100000000

GC Precious Log:
 CPUs: 12 total, 12 available
 Memory: 15916M
 Large Page Support: Disabled
 NUMA Support: Disabled
 Compressed Oops: Enabled (Zero based)
 Heap Region Size: 2M
 Heap Min Capacity: 8M
 Heap Initial Capacity: 250M
 Heap Max Capacity: 4G
 Pre-touch: Disabled
 Parallel Workers: 10
 Concurrent Workers: 3
 Concurrent Refinement Workers: 10
 Periodic GC: Disabled

Heap:
 garbage-first heap   total 724992K, used 475465K [0x0000000700000000, 0x0000000800000000)
  region size 2048K, 102 young (208896K), 13 survivors (26624K)
 Metaspace       used 127345K, committed 129920K, reserved 1179648K
  class space    used 17867K, committed 19008K, reserved 1048576K

Heap Regions: E=young(eden), S=young(survivor), O=old, HS=humongous(starts), HC=humongous(continues), CS=collection set, F=free, OA=open archive, CA=closed archive, TAMS=top-at-mark-start (previous, next)
|   0|0x0000000700000000, 0x0000000700200000, 0x0000000700200000|100%| O|  |TAMS 0x0000000700200000, 0x0000000700000000| Untracked 
|   1|0x0000000700200000, 0x0000000700400000, 0x0000000700400000|100%|HS|  |TAMS 0x0000000700400000, 0x0000000700200000| Complete 
|   2|0x0000000700400000, 0x0000000700600000, 0x0000000700600000|100%|HC|  |TAMS 0x0000000700600000, 0x0000000700400000| Complete 
|   3|0x0000000700600000, 0x0000000700800000, 0x0000000700800000|100%| O|  |TAMS 0x0000000700800000, 0x0000000700600000| Untracked 
|   4|0x0000000700800000, 0x0000000700a00000, 0x0000000700a00000|100%| O|  |TAMS 0x0000000700a00000, 0x0000000700800000| Untracked 
|   5|0x0000000700a00000, 0x0000000700c00000, 0x0000000700c00000|100%| O|  |TAMS 0x0000000700a00000, 0x0000000700a00000| Untracked 
|   6|0x0000000700c00000, 0x0000000700e00000, 0x0000000700e00000|100%| O|  |TAMS 0x0000000700e00000, 0x0000000700c00000| Untracked 
|   7|0x0000000700e00000, 0x0000000701000000, 0x0000000701000000|100%| O|  |TAMS 0x0000000701000000, 0x0000000700e00000| Untracked 
|   8|0x0000000701000000, 0x0000000701200000, 0x0000000701200000|100%| O|  |TAMS 0x0000000701200000, 0x0000000701000000| Untracked 
|   9|0x0000000701200000, 0x0000000701400000, 0x0000000701400000|100%| O|  |TAMS 0x0000000701400000, 0x0000000701200000| Untracked 
|  10|0x0000000701400000, 0x0000000701600000, 0x0000000701600000|100%| O|  |TAMS 0x0000000701600000, 0x0000000701400000| Untracked 
|  11|0x0000000701600000, 0x0000000701800000, 0x0000000701800000|100%| O|  |TAMS 0x0000000701800000, 0x0000000701600000| Untracked 
|  12|0x0000000701800000, 0x0000000701a00000, 0x0000000701a00000|100%| O|  |TAMS 0x0000000701a00000, 0x0000000701800000| Untracked 
|  13|0x0000000701a00000, 0x0000000701c00000, 0x0000000701c00000|100%| O|  |TAMS 0x0000000701c00000, 0x0000000701a00000| Untracked 
|  14|0x0000000701c00000, 0x0000000701e00000, 0x0000000701e00000|100%| O|  |TAMS 0x0000000701e00000, 0x0000000701c00000| Untracked 
|  15|0x0000000701e00000, 0x0000000702000000, 0x0000000702000000|100%| O|  |TAMS 0x0000000702000000, 0x0000000701e00000| Untracked 
|  16|0x0000000702000000, 0x0000000702200000, 0x0000000702200000|100%| O|  |TAMS 0x0000000702200000, 0x0000000702000000| Untracked 
|  17|0x0000000702200000, 0x0000000702400000, 0x0000000702400000|100%| O|  |TAMS 0x0000000702400000, 0x0000000702200000| Untracked 
|  18|0x0000000702400000, 0x0000000702600000, 0x0000000702600000|100%| O|  |TAMS 0x0000000702400000, 0x0000000702400000| Untracked 
|  19|0x0000000702600000, 0x0000000702800000, 0x0000000702800000|100%| O|  |TAMS 0x0000000702800000, 0x0000000702600000| Untracked 
|  20|0x0000000702800000, 0x0000000702a00000, 0x0000000702a00000|100%| O|  |TAMS 0x0000000702a00000, 0x0000000702800000| Untracked 
|  21|0x0000000702a00000, 0x0000000702c00000, 0x0000000702c00000|100%| O|  |TAMS 0x0000000702c00000, 0x0000000702a00000| Untracked 
|  22|0x0000000702c00000, 0x0000000702e00000, 0x0000000702e00000|100%| O|  |TAMS 0x0000000702e00000, 0x0000000702c00000| Untracked 
|  23|0x0000000702e00000, 0x0000000703000000, 0x0000000703000000|100%| O|  |TAMS 0x0000000703000000, 0x0000000702e00000| Untracked 
|  24|0x0000000703000000, 0x0000000703200000, 0x0000000703200000|100%|HS|  |TAMS 0x0000000703200000, 0x0000000703000000| Complete 
|  25|0x0000000703200000, 0x0000000703400000, 0x0000000703400000|100%|HS|  |TAMS 0x0000000703400000, 0x0000000703200000| Complete 
|  26|0x0000000703400000, 0x0000000703600000, 0x0000000703600000|100%| O|  |TAMS 0x0000000703600000, 0x0000000703400000| Untracked 
|  27|0x0000000703600000, 0x0000000703800000, 0x0000000703800000|100%| O|  |TAMS 0x0000000703800000, 0x0000000703600000| Untracked 
|  28|0x0000000703800000, 0x0000000703a00000, 0x0000000703a00000|100%| O|  |TAMS 0x0000000703800000, 0x0000000703800000| Untracked 
|  29|0x0000000703a00000, 0x0000000703c00000, 0x0000000703c00000|100%| O|  |TAMS 0x0000000703c00000, 0x0000000703a00000| Untracked 
|  30|0x0000000703c00000, 0x0000000703e00000, 0x0000000703e00000|100%| O|  |TAMS 0x0000000703e00000, 0x0000000703c00000| Untracked 
|  31|0x0000000703e00000, 0x0000000704000000, 0x0000000704000000|100%| O|  |TAMS 0x0000000704000000, 0x0000000703e00000| Untracked 
|  32|0x0000000704000000, 0x0000000704200000, 0x0000000704200000|100%| O|  |TAMS 0x0000000704200000, 0x0000000704000000| Untracked 
|  33|0x0000000704200000, 0x0000000704400000, 0x0000000704400000|100%| O|  |TAMS 0x0000000704400000, 0x0000000704200000| Untracked 
|  34|0x0000000704400000, 0x0000000704600000, 0x0000000704600000|100%| O|  |TAMS 0x0000000704600000, 0x0000000704400000| Untracked 
|  35|0x0000000704600000, 0x0000000704800000, 0x0000000704800000|100%| O|  |TAMS 0x0000000704800000, 0x0000000704600000| Untracked 
|  36|0x0000000704800000, 0x0000000704a00000, 0x0000000704a00000|100%| O|  |TAMS 0x0000000704a00000, 0x0000000704800000| Untracked 
|  37|0x0000000704a00000, 0x0000000704c00000, 0x0000000704c00000|100%| O|  |TAMS 0x0000000704a00000, 0x0000000704a00000| Untracked 
|  38|0x0000000704c00000, 0x0000000704e00000, 0x0000000704e00000|100%| O|  |TAMS 0x0000000704c00000, 0x0000000704c00000| Untracked 
|  39|0x0000000704e00000, 0x0000000705000000, 0x0000000705000000|100%| O|  |TAMS 0x0000000705000000, 0x0000000704e00000| Untracked 
|  40|0x0000000705000000, 0x0000000705200000, 0x0000000705200000|100%| O|  |TAMS 0x0000000705200000, 0x0000000705000000| Untracked 
|  41|0x0000000705200000, 0x0000000705400000, 0x0000000705400000|100%| O|  |TAMS 0x0000000705400000, 0x0000000705200000| Untracked 
|  42|0x0000000705400000, 0x0000000705600000, 0x0000000705600000|100%| O|  |TAMS 0x0000000705600000, 0x0000000705400000| Untracked 
|  43|0x0000000705600000, 0x0000000705800000, 0x0000000705800000|100%| O|  |TAMS 0x0000000705800000, 0x0000000705600000| Untracked 
|  44|0x0000000705800000, 0x0000000705a00000, 0x0000000705a00000|100%| O|  |TAMS 0x0000000705a00000, 0x0000000705800000| Untracked 
|  45|0x0000000705a00000, 0x0000000705c00000, 0x0000000705c00000|100%| O|  |TAMS 0x0000000705c00000, 0x0000000705a00000| Untracked 
|  46|0x0000000705c00000, 0x0000000705e00000, 0x0000000705e00000|100%| O|  |TAMS 0x0000000705e00000, 0x0000000705c00000| Untracked 
|  47|0x0000000705e00000, 0x0000000706000000, 0x0000000706000000|100%| O|  |TAMS 0x0000000706000000, 0x0000000705e00000| Untracked 
|  48|0x0000000706000000, 0x00000007061a2e00, 0x0000000706200000| 81%| O|  |TAMS 0x00000007061a2e00, 0x0000000706000000| Untracked 
|  49|0x0000000706200000, 0x0000000706400000, 0x0000000706400000|100%| O|  |TAMS 0x0000000706200000, 0x0000000706200000| Untracked 
|  50|0x0000000706400000, 0x0000000706600000, 0x0000000706600000|100%| O|  |TAMS 0x0000000706400000, 0x0000000706400000| Untracked 
|  51|0x0000000706600000, 0x0000000706800000, 0x0000000706800000|100%| O|  |TAMS 0x0000000706600000, 0x0000000706600000| Untracked 
|  52|0x0000000706800000, 0x0000000706a00000, 0x0000000706a00000|100%| O|  |TAMS 0x0000000706800000, 0x0000000706800000| Untracked 
|  53|0x0000000706a00000, 0x0000000706c00000, 0x0000000706c00000|100%| O|  |TAMS 0x0000000706a00000, 0x0000000706a00000| Untracked 
|  54|0x0000000706c00000, 0x0000000706e00000, 0x0000000706e00000|100%| O|  |TAMS 0x0000000706c00000, 0x0000000706c00000| Untracked 
|  55|0x0000000706e00000, 0x0000000707000000, 0x0000000707000000|100%| O|  |TAMS 0x0000000706e00000, 0x0000000706e00000| Untracked 
|  56|0x0000000707000000, 0x0000000707200000, 0x0000000707200000|100%| O|  |TAMS 0x0000000707000000, 0x0000000707000000| Untracked 
|  57|0x0000000707200000, 0x0000000707400000, 0x0000000707400000|100%| O|  |TAMS 0x0000000707200000, 0x0000000707200000| Untracked 
|  58|0x0000000707400000, 0x0000000707600000, 0x0000000707600000|100%| O|  |TAMS 0x0000000707400000, 0x0000000707400000| Untracked 
|  59|0x0000000707600000, 0x0000000707800000, 0x0000000707800000|100%| O|  |TAMS 0x0000000707600000, 0x0000000707600000| Untracked 
|  60|0x0000000707800000, 0x0000000707a00000, 0x0000000707a00000|100%| O|  |TAMS 0x0000000707800000, 0x0000000707800000| Untracked 
|  61|0x0000000707a00000, 0x0000000707c00000, 0x0000000707c00000|100%| O|  |TAMS 0x0000000707a00000, 0x0000000707a00000| Untracked 
|  62|0x0000000707c00000, 0x0000000707e00000, 0x0000000707e00000|100%| O|  |TAMS 0x0000000707c00000, 0x0000000707c00000| Untracked 
|  63|0x0000000707e00000, 0x0000000708000000, 0x0000000708000000|100%| O|  |TAMS 0x0000000707e00000, 0x0000000707e00000| Untracked 
|  64|0x0000000708000000, 0x0000000708200000, 0x0000000708200000|100%| O|  |TAMS 0x0000000708000000, 0x0000000708000000| Untracked 
|  65|0x0000000708200000, 0x0000000708400000, 0x0000000708400000|100%| O|  |TAMS 0x0000000708200000, 0x0000000708200000| Untracked 
|  66|0x0000000708400000, 0x0000000708600000, 0x0000000708600000|100%| O|  |TAMS 0x0000000708400000, 0x0000000708400000| Untracked 
|  67|0x0000000708600000, 0x0000000708800000, 0x0000000708800000|100%| O|  |TAMS 0x0000000708600000, 0x0000000708600000| Untracked 
|  68|0x0000000708800000, 0x0000000708a00000, 0x0000000708a00000|100%| O|  |TAMS 0x0000000708800000, 0x0000000708800000| Untracked 
|  69|0x0000000708a00000, 0x0000000708c00000, 0x0000000708c00000|100%| O|  |TAMS 0x0000000708a00000, 0x0000000708a00000| Untracked 
|  70|0x0000000708c00000, 0x0000000708e00000, 0x0000000708e00000|100%| O|  |TAMS 0x0000000708c00000, 0x0000000708c00000| Untracked 
|  71|0x0000000708e00000, 0x0000000709000000, 0x0000000709000000|100%| O|  |TAMS 0x0000000708e00000, 0x0000000708e00000| Untracked 
|  72|0x0000000709000000, 0x0000000709200000, 0x0000000709200000|100%| O|  |TAMS 0x0000000709000000, 0x0000000709000000| Untracked 
|  73|0x0000000709200000, 0x0000000709400000, 0x0000000709400000|100%| O|  |TAMS 0x0000000709200000, 0x0000000709200000| Untracked 
|  74|0x0000000709400000, 0x0000000709600000, 0x0000000709600000|100%| O|  |TAMS 0x0000000709400000, 0x0000000709400000| Untracked 
|  75|0x0000000709600000, 0x0000000709800000, 0x0000000709800000|100%| O|  |TAMS 0x0000000709600000, 0x0000000709600000| Untracked 
|  76|0x0000000709800000, 0x0000000709a00000, 0x0000000709a00000|100%| O|  |TAMS 0x0000000709800000, 0x0000000709800000| Untracked 
|  77|0x0000000709a00000, 0x0000000709c00000, 0x0000000709c00000|100%| O|  |TAMS 0x0000000709a00000, 0x0000000709a00000| Untracked 
|  78|0x0000000709c00000, 0x0000000709e00000, 0x0000000709e00000|100%| O|  |TAMS 0x0000000709c00000, 0x0000000709c00000| Untracked 
|  79|0x0000000709e00000, 0x000000070a000000, 0x000000070a000000|100%| O|  |TAMS 0x0000000709e00000, 0x0000000709e00000| Untracked 
|  80|0x000000070a000000, 0x000000070a200000, 0x000000070a200000|100%| O|  |TAMS 0x000000070a000000, 0x000000070a000000| Untracked 
|  81|0x000000070a200000, 0x000000070a400000, 0x000000070a400000|100%| O|  |TAMS 0x000000070a200000, 0x000000070a200000| Untracked 
|  82|0x000000070a400000, 0x000000070a600000, 0x000000070a600000|100%| O|  |TAMS 0x000000070a400000, 0x000000070a400000| Untracked 
|  83|0x000000070a600000, 0x000000070a800000, 0x000000070a800000|100%| O|  |TAMS 0x000000070a600000, 0x000000070a600000| Untracked 
|  84|0x000000070a800000, 0x000000070aa00000, 0x000000070aa00000|100%| O|  |TAMS 0x000000070a800000, 0x000000070a800000| Untracked 
|  85|0x000000070aa00000, 0x000000070ac00000, 0x000000070ac00000|100%| O|  |TAMS 0x000000070aa00000, 0x000000070aa00000| Untracked 
|  86|0x000000070ac00000, 0x000000070ae00000, 0x000000070ae00000|100%| O|  |TAMS 0x000000070ac00000, 0x000000070ac00000| Untracked 
|  87|0x000000070ae00000, 0x000000070b000000, 0x000000070b000000|100%|HS|  |TAMS 0x000000070ae00000, 0x000000070ae00000| Complete 
|  88|0x000000070b000000, 0x000000070b200000, 0x000000070b200000|100%| O|  |TAMS 0x000000070b000000, 0x000000070b000000| Untracked 
|  89|0x000000070b200000, 0x000000070b400000, 0x000000070b400000|100%| O|  |TAMS 0x000000070b200000, 0x000000070b200000| Untracked 
|  90|0x000000070b400000, 0x000000070b600000, 0x000000070b600000|100%| O|  |TAMS 0x000000070b400000, 0x000000070b400000| Untracked 
|  91|0x000000070b600000, 0x000000070b800000, 0x000000070b800000|100%| O|  |TAMS 0x000000070b600000, 0x000000070b600000| Untracked 
|  92|0x000000070b800000, 0x000000070ba00000, 0x000000070ba00000|100%| O|  |TAMS 0x000000070b800000, 0x000000070b800000| Untracked 
|  93|0x000000070ba00000, 0x000000070bc00000, 0x000000070bc00000|100%| O|  |TAMS 0x000000070ba00000, 0x000000070ba00000| Untracked 
|  94|0x000000070bc00000, 0x000000070be00000, 0x000000070be00000|100%| O|  |TAMS 0x000000070bc00000, 0x000000070bc00000| Untracked 
|  95|0x000000070be00000, 0x000000070c000000, 0x000000070c000000|100%| O|  |TAMS 0x000000070be00000, 0x000000070be00000| Untracked 
|  96|0x000000070c000000, 0x000000070c200000, 0x000000070c200000|100%| O|  |TAMS 0x000000070c000000, 0x000000070c000000| Untracked 
|  97|0x000000070c200000, 0x000000070c400000, 0x000000070c400000|100%| O|  |TAMS 0x000000070c200000, 0x000000070c200000| Untracked 
|  98|0x000000070c400000, 0x000000070c600000, 0x000000070c600000|100%| O|  |TAMS 0x000000070c400000, 0x000000070c400000| Untracked 
|  99|0x000000070c600000, 0x000000070c800000, 0x000000070c800000|100%| O|  |TAMS 0x000000070c600000, 0x000000070c600000| Untracked 
| 100|0x000000070c800000, 0x000000070ca00000, 0x000000070ca00000|100%| O|  |TAMS 0x000000070c800000, 0x000000070c800000| Untracked 
| 101|0x000000070ca00000, 0x000000070cc00000, 0x000000070cc00000|100%| O|  |TAMS 0x000000070ca00000, 0x000000070ca00000| Untracked 
| 102|0x000000070cc00000, 0x000000070ce00000, 0x000000070ce00000|100%| O|  |TAMS 0x000000070cc00000, 0x000000070cc00000| Untracked 
| 103|0x000000070ce00000, 0x000000070d000000, 0x000000070d000000|100%| O|  |TAMS 0x000000070ce00000, 0x000000070ce00000| Untracked 
| 104|0x000000070d000000, 0x000000070d200000, 0x000000070d200000|100%| O|  |TAMS 0x000000070d000000, 0x000000070d000000| Untracked 
| 105|0x000000070d200000, 0x000000070d400000, 0x000000070d400000|100%| O|  |TAMS 0x000000070d200000, 0x000000070d200000| Untracked 
| 106|0x000000070d400000, 0x000000070d600000, 0x000000070d600000|100%| O|  |TAMS 0x000000070d400000, 0x000000070d400000| Untracked 
| 107|0x000000070d600000, 0x000000070d800000, 0x000000070d800000|100%| O|  |TAMS 0x000000070d600000, 0x000000070d600000| Untracked 
| 108|0x000000070d800000, 0x000000070da00000, 0x000000070da00000|100%| O|  |TAMS 0x000000070d800000, 0x000000070d800000| Untracked 
| 109|0x000000070da00000, 0x000000070dc00000, 0x000000070dc00000|100%| O|  |TAMS 0x000000070da00000, 0x000000070da00000| Untracked 
| 110|0x000000070dc00000, 0x000000070de00000, 0x000000070de00000|100%| O|  |TAMS 0x000000070dc00000, 0x000000070dc00000| Untracked 
| 111|0x000000070de00000, 0x000000070e000000, 0x000000070e000000|100%| O|  |TAMS 0x000000070de00000, 0x000000070de00000| Untracked 
| 112|0x000000070e000000, 0x000000070e200000, 0x000000070e200000|100%| O|  |TAMS 0x000000070e000000, 0x000000070e000000| Untracked 
| 113|0x000000070e200000, 0x000000070e400000, 0x000000070e400000|100%| O|  |TAMS 0x000000070e200000, 0x000000070e200000| Untracked 
| 114|0x000000070e400000, 0x000000070e600000, 0x000000070e600000|100%| O|  |TAMS 0x000000070e400000, 0x000000070e400000| Untracked 
| 115|0x000000070e600000, 0x000000070e800000, 0x000000070e800000|100%| O|  |TAMS 0x000000070e600000, 0x000000070e600000| Untracked 
| 116|0x000000070e800000, 0x000000070ea00000, 0x000000070ea00000|100%| O|  |TAMS 0x000000070e800000, 0x000000070e800000| Untracked 
| 117|0x000000070ea00000, 0x000000070ec00000, 0x000000070ec00000|100%| O|  |TAMS 0x000000070ea00000, 0x000000070ea00000| Untracked 
| 118|0x000000070ec00000, 0x000000070ee00000, 0x000000070ee00000|100%| O|  |TAMS 0x000000070ec00000, 0x000000070ec00000| Untracked 
| 119|0x000000070ee00000, 0x000000070f000000, 0x000000070f000000|100%| O|  |TAMS 0x000000070ee00000, 0x000000070ee00000| Untracked 
| 120|0x000000070f000000, 0x000000070f200000, 0x000000070f200000|100%| O|  |TAMS 0x000000070f000000, 0x000000070f000000| Untracked 
| 121|0x000000070f200000, 0x000000070f400000, 0x000000070f400000|100%| O|  |TAMS 0x000000070f200000, 0x000000070f200000| Untracked 
| 122|0x000000070f400000, 0x000000070f600000, 0x000000070f600000|100%| O|  |TAMS 0x000000070f400000, 0x000000070f400000| Untracked 
| 123|0x000000070f600000, 0x000000070f800000, 0x000000070f800000|100%| O|  |TAMS 0x000000070f600000, 0x000000070f600000| Untracked 
| 124|0x000000070f800000, 0x000000070fa00000, 0x000000070fa00000|100%| O|  |TAMS 0x000000070f800000, 0x000000070f800000| Untracked 
| 125|0x000000070fa00000, 0x000000070fc00000, 0x000000070fc00000|100%| O|  |TAMS 0x000000070fa00000, 0x000000070fa00000| Untracked 
| 126|0x000000070fc00000, 0x000000070fe00000, 0x000000070fe00000|100%| O|  |TAMS 0x000000070fc00000, 0x000000070fc00000| Untracked 
| 127|0x000000070fe00000, 0x0000000710000000, 0x0000000710000000|100%| O|  |TAMS 0x000000070fe00000, 0x000000070fe00000| Untracked 
| 128|0x0000000710000000, 0x0000000710200000, 0x0000000710200000|100%| O|  |TAMS 0x0000000710000000, 0x0000000710000000| Untracked 
| 129|0x0000000710200000, 0x0000000710400000, 0x0000000710400000|100%| O|  |TAMS 0x0000000710200000, 0x0000000710200000| Untracked 
| 130|0x0000000710400000, 0x0000000710600000, 0x0000000710600000|100%| O|  |TAMS 0x0000000710400000, 0x0000000710400000| Untracked 
| 131|0x0000000710600000, 0x0000000710800000, 0x0000000710800000|100%| O|  |TAMS 0x0000000710600000, 0x0000000710600000| Untracked 
| 132|0x0000000710800000, 0x0000000710800000, 0x0000000710a00000|  0%| F|  |TAMS 0x0000000710800000, 0x0000000710800000| Untracked 
| 133|0x0000000710a00000, 0x0000000710a00000, 0x0000000710c00000|  0%| F|  |TAMS 0x0000000710a00000, 0x0000000710a00000| Untracked 
| 134|0x0000000710c00000, 0x0000000710c00000, 0x0000000710e00000|  0%| F|  |TAMS 0x0000000710c00000, 0x0000000710c00000| Untracked 
| 135|0x0000000710e00000, 0x0000000710e00000, 0x0000000711000000|  0%| F|  |TAMS 0x0000000710e00000, 0x0000000710e00000| Untracked 
| 136|0x0000000711000000, 0x0000000711000000, 0x0000000711200000|  0%| F|  |TAMS 0x0000000711000000, 0x0000000711000000| Untracked 
| 137|0x0000000711200000, 0x0000000711200000, 0x0000000711400000|  0%| F|  |TAMS 0x0000000711200000, 0x0000000711200000| Untracked 
| 138|0x0000000711400000, 0x0000000711400000, 0x0000000711600000|  0%| F|  |TAMS 0x0000000711400000, 0x0000000711400000| Untracked 
| 139|0x0000000711600000, 0x0000000711600000, 0x0000000711800000|  0%| F|  |TAMS 0x0000000711600000, 0x0000000711600000| Untracked 
| 140|0x0000000711800000, 0x0000000711800000, 0x0000000711a00000|  0%| F|  |TAMS 0x0000000711800000, 0x0000000711800000| Untracked 
| 141|0x0000000711a00000, 0x0000000711a00000, 0x0000000711c00000|  0%| F|  |TAMS 0x0000000711a00000, 0x0000000711a00000| Untracked 
| 142|0x0000000711c00000, 0x0000000711c00000, 0x0000000711e00000|  0%| F|  |TAMS 0x0000000711c00000, 0x0000000711c00000| Untracked 
| 143|0x0000000711e00000, 0x0000000711e00000, 0x0000000712000000|  0%| F|  |TAMS 0x0000000711e00000, 0x0000000711e00000| Untracked 
| 144|0x0000000712000000, 0x0000000712000000, 0x0000000712200000|  0%| F|  |TAMS 0x0000000712000000, 0x0000000712000000| Untracked 
| 145|0x0000000712200000, 0x0000000712200000, 0x0000000712400000|  0%| F|  |TAMS 0x0000000712200000, 0x0000000712200000| Untracked 
| 146|0x0000000712400000, 0x0000000712400000, 0x0000000712600000|  0%| F|  |TAMS 0x0000000712400000, 0x0000000712400000| Untracked 
| 147|0x0000000712600000, 0x0000000712600000, 0x0000000712800000|  0%| F|  |TAMS 0x0000000712600000, 0x0000000712600000| Untracked 
| 148|0x0000000712800000, 0x0000000712800000, 0x0000000712a00000|  0%| F|  |TAMS 0x0000000712800000, 0x0000000712800000| Untracked 
| 149|0x0000000712a00000, 0x0000000712a00000, 0x0000000712c00000|  0%| F|  |TAMS 0x0000000712a00000, 0x0000000712a00000| Untracked 
| 150|0x0000000712c00000, 0x0000000712c00000, 0x0000000712e00000|  0%| F|  |TAMS 0x0000000712c00000, 0x0000000712c00000| Untracked 
| 151|0x0000000712e00000, 0x0000000712e00000, 0x0000000713000000|  0%| F|  |TAMS 0x0000000712e00000, 0x0000000712e00000| Untracked 
| 152|0x0000000713000000, 0x0000000713000000, 0x0000000713200000|  0%| F|  |TAMS 0x0000000713000000, 0x0000000713000000| Untracked 
| 153|0x0000000713200000, 0x0000000713200000, 0x0000000713400000|  0%| F|  |TAMS 0x0000000713200000, 0x0000000713200000| Untracked 
| 154|0x0000000713400000, 0x0000000713400000, 0x0000000713600000|  0%| F|  |TAMS 0x0000000713400000, 0x0000000713400000| Untracked 
| 155|0x0000000713600000, 0x0000000713600000, 0x0000000713800000|  0%| F|  |TAMS 0x0000000713600000, 0x0000000713600000| Untracked 
| 156|0x0000000713800000, 0x0000000713800000, 0x0000000713a00000|  0%| F|  |TAMS 0x0000000713800000, 0x0000000713800000| Untracked 
| 157|0x0000000713a00000, 0x0000000713a00000, 0x0000000713c00000|  0%| F|  |TAMS 0x0000000713a00000, 0x0000000713a00000| Untracked 
| 158|0x0000000713c00000, 0x0000000713c00000, 0x0000000713e00000|  0%| F|  |TAMS 0x0000000713c00000, 0x0000000713c00000| Untracked 
| 159|0x0000000713e00000, 0x0000000713e00000, 0x0000000714000000|  0%| F|  |TAMS 0x0000000713e00000, 0x0000000713e00000| Untracked 
| 160|0x0000000714000000, 0x0000000714000000, 0x0000000714200000|  0%| F|  |TAMS 0x0000000714000000, 0x0000000714000000| Untracked 
| 161|0x0000000714200000, 0x0000000714200000, 0x0000000714400000|  0%| F|  |TAMS 0x0000000714200000, 0x0000000714200000| Untracked 
| 162|0x0000000714400000, 0x0000000714400000, 0x0000000714600000|  0%| F|  |TAMS 0x0000000714400000, 0x0000000714400000| Untracked 
| 163|0x0000000714600000, 0x0000000714600000, 0x0000000714800000|  0%| F|  |TAMS 0x0000000714600000, 0x0000000714600000| Untracked 
| 164|0x0000000714800000, 0x0000000714800000, 0x0000000714a00000|  0%| F|  |TAMS 0x0000000714800000, 0x0000000714800000| Untracked 
| 165|0x0000000714a00000, 0x0000000714a00000, 0x0000000714c00000|  0%| F|  |TAMS 0x0000000714a00000, 0x0000000714a00000| Untracked 
| 166|0x0000000714c00000, 0x0000000714c00000, 0x0000000714e00000|  0%| F|  |TAMS 0x0000000714c00000, 0x0000000714c00000| Untracked 
| 167|0x0000000714e00000, 0x0000000714e00000, 0x0000000715000000|  0%| F|  |TAMS 0x0000000714e00000, 0x0000000714e00000| Untracked 
| 168|0x0000000715000000, 0x0000000715000000, 0x0000000715200000|  0%| F|  |TAMS 0x0000000715000000, 0x0000000715000000| Untracked 
| 169|0x0000000715200000, 0x0000000715200000, 0x0000000715400000|  0%| F|  |TAMS 0x0000000715200000, 0x0000000715200000| Untracked 
| 170|0x0000000715400000, 0x0000000715400000, 0x0000000715600000|  0%| F|  |TAMS 0x0000000715400000, 0x0000000715400000| Untracked 
| 171|0x0000000715600000, 0x0000000715600000, 0x0000000715800000|  0%| F|  |TAMS 0x0000000715600000, 0x0000000715600000| Untracked 
| 172|0x0000000715800000, 0x0000000715800000, 0x0000000715a00000|  0%| F|  |TAMS 0x0000000715800000, 0x0000000715800000| Untracked 
| 173|0x0000000715a00000, 0x0000000715a00000, 0x0000000715c00000|  0%| F|  |TAMS 0x0000000715a00000, 0x0000000715a00000| Untracked 
| 174|0x0000000715c00000, 0x0000000715c00000, 0x0000000715e00000|  0%| F|  |TAMS 0x0000000715c00000, 0x0000000715c00000| Untracked 
| 175|0x0000000715e00000, 0x0000000715e00000, 0x0000000716000000|  0%| F|  |TAMS 0x0000000715e00000, 0x0000000715e00000| Untracked 
| 176|0x0000000716000000, 0x0000000716000000, 0x0000000716200000|  0%| F|  |TAMS 0x0000000716000000, 0x0000000716000000| Untracked 
| 177|0x0000000716200000, 0x0000000716200000, 0x0000000716400000|  0%| F|  |TAMS 0x0000000716200000, 0x0000000716200000| Untracked 
| 178|0x0000000716400000, 0x0000000716400000, 0x0000000716600000|  0%| F|  |TAMS 0x0000000716400000, 0x0000000716400000| Untracked 
| 179|0x0000000716600000, 0x0000000716600000, 0x0000000716800000|  0%| F|  |TAMS 0x0000000716600000, 0x0000000716600000| Untracked 
| 180|0x0000000716800000, 0x0000000716800000, 0x0000000716a00000|  0%| F|  |TAMS 0x0000000716800000, 0x0000000716800000| Untracked 
| 181|0x0000000716a00000, 0x0000000716a00000, 0x0000000716c00000|  0%| F|  |TAMS 0x0000000716a00000, 0x0000000716a00000| Untracked 
| 182|0x0000000716c00000, 0x0000000716c00000, 0x0000000716e00000|  0%| F|  |TAMS 0x0000000716c00000, 0x0000000716c00000| Untracked 
| 183|0x0000000716e00000, 0x0000000716e00000, 0x0000000717000000|  0%| F|  |TAMS 0x0000000716e00000, 0x0000000716e00000| Untracked 
| 184|0x0000000717000000, 0x0000000717000000, 0x0000000717200000|  0%| F|  |TAMS 0x0000000717000000, 0x0000000717000000| Untracked 
| 185|0x0000000717200000, 0x0000000717200000, 0x0000000717400000|  0%| F|  |TAMS 0x0000000717200000, 0x0000000717200000| Untracked 
| 186|0x0000000717400000, 0x0000000717400000, 0x0000000717600000|  0%| F|  |TAMS 0x0000000717400000, 0x0000000717400000| Untracked 
| 187|0x0000000717600000, 0x0000000717600000, 0x0000000717800000|  0%| F|  |TAMS 0x0000000717600000, 0x0000000717600000| Untracked 
| 188|0x0000000717800000, 0x0000000717800000, 0x0000000717a00000|  0%| F|  |TAMS 0x0000000717800000, 0x0000000717800000| Untracked 
| 189|0x0000000717a00000, 0x0000000717a00000, 0x0000000717c00000|  0%| F|  |TAMS 0x0000000717a00000, 0x0000000717a00000| Untracked 
| 190|0x0000000717c00000, 0x0000000717c00000, 0x0000000717e00000|  0%| F|  |TAMS 0x0000000717c00000, 0x0000000717c00000| Untracked 
| 191|0x0000000717e00000, 0x0000000717e00000, 0x0000000718000000|  0%| F|  |TAMS 0x0000000717e00000, 0x0000000717e00000| Untracked 
| 192|0x0000000718000000, 0x0000000718000000, 0x0000000718200000|  0%| F|  |TAMS 0x0000000718000000, 0x0000000718000000| Untracked 
| 193|0x0000000718200000, 0x0000000718200000, 0x0000000718400000|  0%| F|  |TAMS 0x0000000718200000, 0x0000000718200000| Untracked 
| 194|0x0000000718400000, 0x0000000718400000, 0x0000000718600000|  0%| F|  |TAMS 0x0000000718400000, 0x0000000718400000| Untracked 
| 195|0x0000000718600000, 0x0000000718600000, 0x0000000718800000|  0%| F|  |TAMS 0x0000000718600000, 0x0000000718600000| Untracked 
| 196|0x0000000718800000, 0x0000000718800000, 0x0000000718a00000|  0%| F|  |TAMS 0x0000000718800000, 0x0000000718800000| Untracked 
| 197|0x0000000718a00000, 0x0000000718a00000, 0x0000000718c00000|  0%| F|  |TAMS 0x0000000718a00000, 0x0000000718a00000| Untracked 
| 198|0x0000000718c00000, 0x0000000718c00000, 0x0000000718e00000|  0%| F|  |TAMS 0x0000000718c00000, 0x0000000718c00000| Untracked 
| 199|0x0000000718e00000, 0x0000000718e00000, 0x0000000719000000|  0%| F|  |TAMS 0x0000000718e00000, 0x0000000718e00000| Untracked 
| 200|0x0000000719000000, 0x0000000719000000, 0x0000000719200000|  0%| F|  |TAMS 0x0000000719000000, 0x0000000719000000| Untracked 
| 201|0x0000000719200000, 0x0000000719200000, 0x0000000719400000|  0%| F|  |TAMS 0x0000000719200000, 0x0000000719200000| Untracked 
| 202|0x0000000719400000, 0x0000000719400000, 0x0000000719600000|  0%| F|  |TAMS 0x0000000719400000, 0x0000000719400000| Untracked 
| 203|0x0000000719600000, 0x0000000719600000, 0x0000000719800000|  0%| F|  |TAMS 0x0000000719600000, 0x0000000719600000| Untracked 
| 204|0x0000000719800000, 0x0000000719800000, 0x0000000719a00000|  0%| F|  |TAMS 0x0000000719800000, 0x0000000719800000| Untracked 
| 205|0x0000000719a00000, 0x0000000719a00000, 0x0000000719c00000|  0%| F|  |TAMS 0x0000000719a00000, 0x0000000719a00000| Untracked 
| 206|0x0000000719c00000, 0x0000000719c00000, 0x0000000719e00000|  0%| F|  |TAMS 0x0000000719c00000, 0x0000000719c00000| Untracked 
| 207|0x0000000719e00000, 0x0000000719ec27a8, 0x000000071a000000| 37%| S|CS|TAMS 0x0000000719e00000, 0x0000000719e00000| Complete 
| 208|0x000000071a000000, 0x000000071a200000, 0x000000071a200000|100%| S|CS|TAMS 0x000000071a000000, 0x000000071a000000| Complete 
| 209|0x000000071a200000, 0x000000071a400000, 0x000000071a400000|100%| S|CS|TAMS 0x000000071a200000, 0x000000071a200000| Complete 
| 210|0x000000071a400000, 0x000000071a600000, 0x000000071a600000|100%| S|CS|TAMS 0x000000071a400000, 0x000000071a400000| Complete 
| 211|0x000000071a600000, 0x000000071a800000, 0x000000071a800000|100%| S|CS|TAMS 0x000000071a600000, 0x000000071a600000| Complete 
| 212|0x000000071a800000, 0x000000071aa00000, 0x000000071aa00000|100%| S|CS|TAMS 0x000000071a800000, 0x000000071a800000| Complete 
| 213|0x000000071aa00000, 0x000000071ac00000, 0x000000071ac00000|100%| S|CS|TAMS 0x000000071aa00000, 0x000000071aa00000| Complete 
| 214|0x000000071ac00000, 0x000000071ae00000, 0x000000071ae00000|100%| S|CS|TAMS 0x000000071ac00000, 0x000000071ac00000| Complete 
| 215|0x000000071ae00000, 0x000000071b000000, 0x000000071b000000|100%| S|CS|TAMS 0x000000071ae00000, 0x000000071ae00000| Complete 
| 216|0x000000071b000000, 0x000000071b200000, 0x000000071b200000|100%| S|CS|TAMS 0x000000071b000000, 0x000000071b000000| Complete 
| 217|0x000000071b200000, 0x000000071b400000, 0x000000071b400000|100%| S|CS|TAMS 0x000000071b200000, 0x000000071b200000| Complete 
| 218|0x000000071b400000, 0x000000071b600000, 0x000000071b600000|100%| S|CS|TAMS 0x000000071b400000, 0x000000071b400000| Complete 
| 219|0x000000071b600000, 0x000000071b800000, 0x000000071b800000|100%| S|CS|TAMS 0x000000071b600000, 0x000000071b600000| Complete 
| 220|0x000000071b800000, 0x000000071b800000, 0x000000071ba00000|  0%| F|  |TAMS 0x000000071b800000, 0x000000071b800000| Untracked 
| 221|0x000000071ba00000, 0x000000071ba00000, 0x000000071bc00000|  0%| F|  |TAMS 0x000000071ba00000, 0x000000071ba00000| Untracked 
| 222|0x000000071bc00000, 0x000000071bc00000, 0x000000071be00000|  0%| F|  |TAMS 0x000000071bc00000, 0x000000071bc00000| Untracked 
| 223|0x000000071be00000, 0x000000071be00000, 0x000000071c000000|  0%| F|  |TAMS 0x000000071be00000, 0x000000071be00000| Untracked 
| 224|0x000000071c000000, 0x000000071c000000, 0x000000071c200000|  0%| F|  |TAMS 0x000000071c000000, 0x000000071c000000| Untracked 
| 225|0x000000071c200000, 0x000000071c200000, 0x000000071c400000|  0%| F|  |TAMS 0x000000071c200000, 0x000000071c200000| Untracked 
| 226|0x000000071c400000, 0x000000071c400000, 0x000000071c600000|  0%| F|  |TAMS 0x000000071c400000, 0x000000071c400000| Untracked 
| 227|0x000000071c600000, 0x000000071c600000, 0x000000071c800000|  0%| F|  |TAMS 0x000000071c600000, 0x000000071c600000| Untracked 
| 228|0x000000071c800000, 0x000000071c800000, 0x000000071ca00000|  0%| F|  |TAMS 0x000000071c800000, 0x000000071c800000| Untracked 
| 229|0x000000071ca00000, 0x000000071ca00000, 0x000000071cc00000|  0%| F|  |TAMS 0x000000071ca00000, 0x000000071ca00000| Untracked 
| 230|0x000000071cc00000, 0x000000071cc00000, 0x000000071ce00000|  0%| F|  |TAMS 0x000000071cc00000, 0x000000071cc00000| Untracked 
| 231|0x000000071ce00000, 0x000000071ce00000, 0x000000071d000000|  0%| F|  |TAMS 0x000000071ce00000, 0x000000071ce00000| Untracked 
| 232|0x000000071d000000, 0x000000071d000000, 0x000000071d200000|  0%| F|  |TAMS 0x000000071d000000, 0x000000071d000000| Untracked 
| 233|0x000000071d200000, 0x000000071d200000, 0x000000071d400000|  0%| F|  |TAMS 0x000000071d200000, 0x000000071d200000| Untracked 
| 234|0x000000071d400000, 0x000000071d400000, 0x000000071d600000|  0%| F|  |TAMS 0x000000071d400000, 0x000000071d400000| Untracked 
| 235|0x000000071d600000, 0x000000071d600000, 0x000000071d800000|  0%| F|  |TAMS 0x000000071d600000, 0x000000071d600000| Untracked 
| 236|0x000000071d800000, 0x000000071d800000, 0x000000071da00000|  0%| F|  |TAMS 0x000000071d800000, 0x000000071d800000| Untracked 
| 237|0x000000071da00000, 0x000000071da00000, 0x000000071dc00000|  0%| F|  |TAMS 0x000000071da00000, 0x000000071da00000| Untracked 
| 238|0x000000071dc00000, 0x000000071dc00000, 0x000000071de00000|  0%| F|  |TAMS 0x000000071dc00000, 0x000000071dc00000| Untracked 
| 239|0x000000071de00000, 0x000000071de00000, 0x000000071e000000|  0%| F|  |TAMS 0x000000071de00000, 0x000000071de00000| Untracked 
| 240|0x000000071e000000, 0x000000071e000000, 0x000000071e200000|  0%| F|  |TAMS 0x000000071e000000, 0x000000071e000000| Untracked 
| 241|0x000000071e200000, 0x000000071e200000, 0x000000071e400000|  0%| F|  |TAMS 0x000000071e200000, 0x000000071e200000| Untracked 
| 242|0x000000071e400000, 0x000000071e400000, 0x000000071e600000|  0%| F|  |TAMS 0x000000071e400000, 0x000000071e400000| Untracked 
| 243|0x000000071e600000, 0x000000071e600000, 0x000000071e800000|  0%| F|  |TAMS 0x000000071e600000, 0x000000071e600000| Untracked 
| 244|0x000000071e800000, 0x000000071e800000, 0x000000071ea00000|  0%| F|  |TAMS 0x000000071e800000, 0x000000071e800000| Untracked 
| 245|0x000000071ea00000, 0x000000071ea00000, 0x000000071ec00000|  0%| F|  |TAMS 0x000000071ea00000, 0x000000071ea00000| Untracked 
| 246|0x000000071ec00000, 0x000000071ec00000, 0x000000071ee00000|  0%| F|  |TAMS 0x000000071ec00000, 0x000000071ec00000| Untracked 
| 247|0x000000071ee00000, 0x000000071ee00000, 0x000000071f000000|  0%| F|  |TAMS 0x000000071ee00000, 0x000000071ee00000| Untracked 
| 248|0x000000071f000000, 0x000000071f000000, 0x000000071f200000|  0%| F|  |TAMS 0x000000071f000000, 0x000000071f000000| Untracked 
| 249|0x000000071f200000, 0x000000071f200000, 0x000000071f400000|  0%| F|  |TAMS 0x000000071f200000, 0x000000071f200000| Untracked 
| 250|0x000000071f400000, 0x000000071f400000, 0x000000071f600000|  0%| F|  |TAMS 0x000000071f400000, 0x000000071f400000| Untracked 
| 251|0x000000071f600000, 0x000000071f600000, 0x000000071f800000|  0%| F|  |TAMS 0x000000071f600000, 0x000000071f600000| Untracked 
| 252|0x000000071f800000, 0x000000071f800000, 0x000000071fa00000|  0%| F|  |TAMS 0x000000071f800000, 0x000000071f800000| Untracked 
| 253|0x000000071fa00000, 0x000000071fa00000, 0x000000071fc00000|  0%| F|  |TAMS 0x000000071fa00000, 0x000000071fa00000| Untracked 
| 254|0x000000071fc00000, 0x000000071fc00000, 0x000000071fe00000|  0%| F|  |TAMS 0x000000071fc00000, 0x000000071fc00000| Untracked 
| 255|0x000000071fe00000, 0x000000071fe00000, 0x0000000720000000|  0%| F|  |TAMS 0x000000071fe00000, 0x000000071fe00000| Untracked 
| 256|0x0000000720000000, 0x0000000720000000, 0x0000000720200000|  0%| F|  |TAMS 0x0000000720000000, 0x0000000720000000| Untracked 
| 257|0x0000000720200000, 0x0000000720200000, 0x0000000720400000|  0%| F|  |TAMS 0x0000000720200000, 0x0000000720200000| Untracked 
| 258|0x0000000720400000, 0x0000000720400000, 0x0000000720600000|  0%| F|  |TAMS 0x0000000720400000, 0x0000000720400000| Untracked 
| 259|0x0000000720600000, 0x0000000720600000, 0x0000000720800000|  0%| F|  |TAMS 0x0000000720600000, 0x0000000720600000| Untracked 
| 260|0x0000000720800000, 0x0000000720800000, 0x0000000720a00000|  0%| F|  |TAMS 0x0000000720800000, 0x0000000720800000| Untracked 
| 261|0x0000000720a00000, 0x0000000720a00000, 0x0000000720c00000|  0%| F|  |TAMS 0x0000000720a00000, 0x0000000720a00000| Untracked 
| 262|0x0000000720c00000, 0x0000000720c00000, 0x0000000720e00000|  0%| F|  |TAMS 0x0000000720c00000, 0x0000000720c00000| Untracked 
| 263|0x0000000720e00000, 0x0000000720f17f50, 0x0000000721000000| 54%| E|  |TAMS 0x0000000720e00000, 0x0000000720e00000| Complete 
| 264|0x0000000721000000, 0x0000000721200000, 0x0000000721200000|100%| E|CS|TAMS 0x0000000721000000, 0x0000000721000000| Complete 
| 265|0x0000000721200000, 0x0000000721400000, 0x0000000721400000|100%| E|CS|TAMS 0x0000000721200000, 0x0000000721200000| Complete 
| 266|0x0000000721400000, 0x0000000721600000, 0x0000000721600000|100%| E|CS|TAMS 0x0000000721400000, 0x0000000721400000| Complete 
| 267|0x0000000721600000, 0x0000000721800000, 0x0000000721800000|100%| E|CS|TAMS 0x0000000721600000, 0x0000000721600000| Complete 
| 268|0x0000000721800000, 0x0000000721a00000, 0x0000000721a00000|100%| E|CS|TAMS 0x0000000721800000, 0x0000000721800000| Complete 
| 269|0x0000000721a00000, 0x0000000721c00000, 0x0000000721c00000|100%| E|CS|TAMS 0x0000000721a00000, 0x0000000721a00000| Complete 
| 270|0x0000000721c00000, 0x0000000721e00000, 0x0000000721e00000|100%| E|CS|TAMS 0x0000000721c00000, 0x0000000721c00000| Complete 
| 271|0x0000000721e00000, 0x0000000722000000, 0x0000000722000000|100%| E|CS|TAMS 0x0000000721e00000, 0x0000000721e00000| Complete 
| 272|0x0000000722000000, 0x0000000722200000, 0x0000000722200000|100%| E|CS|TAMS 0x0000000722000000, 0x0000000722000000| Complete 
| 273|0x0000000722200000, 0x0000000722400000, 0x0000000722400000|100%| E|CS|TAMS 0x0000000722200000, 0x0000000722200000| Complete 
| 274|0x0000000722400000, 0x0000000722600000, 0x0000000722600000|100%| E|CS|TAMS 0x0000000722400000, 0x0000000722400000| Complete 
| 275|0x0000000722600000, 0x0000000722800000, 0x0000000722800000|100%| E|  |TAMS 0x0000000722600000, 0x0000000722600000| Complete 
| 276|0x0000000722800000, 0x0000000722a00000, 0x0000000722a00000|100%| E|CS|TAMS 0x0000000722800000, 0x0000000722800000| Complete 
| 277|0x0000000722a00000, 0x0000000722c00000, 0x0000000722c00000|100%| E|CS|TAMS 0x0000000722a00000, 0x0000000722a00000| Complete 
| 278|0x0000000722c00000, 0x0000000722e00000, 0x0000000722e00000|100%| E|CS|TAMS 0x0000000722c00000, 0x0000000722c00000| Complete 
| 279|0x0000000722e00000, 0x0000000723000000, 0x0000000723000000|100%| E|CS|TAMS 0x0000000722e00000, 0x0000000722e00000| Complete 
| 280|0x0000000723000000, 0x0000000723200000, 0x0000000723200000|100%| E|CS|TAMS 0x0000000723000000, 0x0000000723000000| Complete 
| 281|0x0000000723200000, 0x0000000723400000, 0x0000000723400000|100%| E|CS|TAMS 0x0000000723200000, 0x0000000723200000| Complete 
| 282|0x0000000723400000, 0x0000000723600000, 0x0000000723600000|100%| E|CS|TAMS 0x0000000723400000, 0x0000000723400000| Complete 
| 283|0x0000000723600000, 0x0000000723800000, 0x0000000723800000|100%| E|CS|TAMS 0x0000000723600000, 0x0000000723600000| Complete 
| 284|0x0000000723800000, 0x0000000723a00000, 0x0000000723a00000|100%| E|CS|TAMS 0x0000000723800000, 0x0000000723800000| Complete 
| 285|0x0000000723a00000, 0x0000000723c00000, 0x0000000723c00000|100%| E|CS|TAMS 0x0000000723a00000, 0x0000000723a00000| Complete 
| 286|0x0000000723c00000, 0x0000000723e00000, 0x0000000723e00000|100%| E|CS|TAMS 0x0000000723c00000, 0x0000000723c00000| Complete 
| 287|0x0000000723e00000, 0x0000000724000000, 0x0000000724000000|100%| E|CS|TAMS 0x0000000723e00000, 0x0000000723e00000| Complete 
| 288|0x0000000724000000, 0x0000000724200000, 0x0000000724200000|100%| E|CS|TAMS 0x0000000724000000, 0x0000000724000000| Complete 
| 289|0x0000000724200000, 0x0000000724400000, 0x0000000724400000|100%| E|CS|TAMS 0x0000000724200000, 0x0000000724200000| Complete 
| 290|0x0000000724400000, 0x0000000724600000, 0x0000000724600000|100%| E|CS|TAMS 0x0000000724400000, 0x0000000724400000| Complete 
| 291|0x0000000724600000, 0x0000000724800000, 0x0000000724800000|100%| E|CS|TAMS 0x0000000724600000, 0x0000000724600000| Complete 
| 292|0x0000000724800000, 0x0000000724a00000, 0x0000000724a00000|100%| E|CS|TAMS 0x0000000724800000, 0x0000000724800000| Complete 
| 293|0x0000000724a00000, 0x0000000724c00000, 0x0000000724c00000|100%| E|CS|TAMS 0x0000000724a00000, 0x0000000724a00000| Complete 
| 294|0x0000000724c00000, 0x0000000724e00000, 0x0000000724e00000|100%| E|CS|TAMS 0x0000000724c00000, 0x0000000724c00000| Complete 
| 295|0x0000000724e00000, 0x0000000725000000, 0x0000000725000000|100%| E|CS|TAMS 0x0000000724e00000, 0x0000000724e00000| Complete 
| 296|0x0000000725000000, 0x0000000725200000, 0x0000000725200000|100%| E|CS|TAMS 0x0000000725000000, 0x0000000725000000| Complete 
| 297|0x0000000725200000, 0x0000000725400000, 0x0000000725400000|100%| E|CS|TAMS 0x0000000725200000, 0x0000000725200000| Complete 
| 298|0x0000000725400000, 0x0000000725600000, 0x0000000725600000|100%| E|CS|TAMS 0x0000000725400000, 0x0000000725400000| Complete 
| 299|0x0000000725600000, 0x0000000725800000, 0x0000000725800000|100%| E|CS|TAMS 0x0000000725600000, 0x0000000725600000| Complete 
| 300|0x0000000725800000, 0x0000000725a00000, 0x0000000725a00000|100%| E|CS|TAMS 0x0000000725800000, 0x0000000725800000| Complete 
| 301|0x0000000725a00000, 0x0000000725c00000, 0x0000000725c00000|100%| E|CS|TAMS 0x0000000725a00000, 0x0000000725a00000| Complete 
| 302|0x0000000725c00000, 0x0000000725e00000, 0x0000000725e00000|100%| E|CS|TAMS 0x0000000725c00000, 0x0000000725c00000| Complete 
| 303|0x0000000725e00000, 0x0000000726000000, 0x0000000726000000|100%| E|CS|TAMS 0x0000000725e00000, 0x0000000725e00000| Complete 
| 304|0x0000000726000000, 0x0000000726200000, 0x0000000726200000|100%| E|CS|TAMS 0x0000000726000000, 0x0000000726000000| Complete 
| 305|0x0000000726200000, 0x0000000726400000, 0x0000000726400000|100%| E|CS|TAMS 0x0000000726200000, 0x0000000726200000| Complete 
| 306|0x0000000726400000, 0x0000000726600000, 0x0000000726600000|100%| E|CS|TAMS 0x0000000726400000, 0x0000000726400000| Complete 
| 307|0x0000000726600000, 0x0000000726800000, 0x0000000726800000|100%| E|CS|TAMS 0x0000000726600000, 0x0000000726600000| Complete 
| 308|0x0000000726800000, 0x0000000726a00000, 0x0000000726a00000|100%| E|CS|TAMS 0x0000000726800000, 0x0000000726800000| Complete 
| 309|0x0000000726a00000, 0x0000000726c00000, 0x0000000726c00000|100%| E|CS|TAMS 0x0000000726a00000, 0x0000000726a00000| Complete 
| 310|0x0000000726c00000, 0x0000000726e00000, 0x0000000726e00000|100%| E|CS|TAMS 0x0000000726c00000, 0x0000000726c00000| Complete 
| 311|0x0000000726e00000, 0x0000000727000000, 0x0000000727000000|100%| E|CS|TAMS 0x0000000726e00000, 0x0000000726e00000| Complete 
| 312|0x0000000727000000, 0x0000000727200000, 0x0000000727200000|100%| E|CS|TAMS 0x0000000727000000, 0x0000000727000000| Complete 
| 313|0x0000000727200000, 0x0000000727400000, 0x0000000727400000|100%| E|CS|TAMS 0x0000000727200000, 0x0000000727200000| Complete 
| 314|0x0000000727400000, 0x0000000727600000, 0x0000000727600000|100%| E|CS|TAMS 0x0000000727400000, 0x0000000727400000| Complete 
| 315|0x0000000727600000, 0x0000000727800000, 0x0000000727800000|100%| E|CS|TAMS 0x0000000727600000, 0x0000000727600000| Complete 
| 316|0x0000000727800000, 0x0000000727a00000, 0x0000000727a00000|100%| E|CS|TAMS 0x0000000727800000, 0x0000000727800000| Complete 
| 317|0x0000000727a00000, 0x0000000727c00000, 0x0000000727c00000|100%| E|CS|TAMS 0x0000000727a00000, 0x0000000727a00000| Complete 
| 318|0x0000000727c00000, 0x0000000727e00000, 0x0000000727e00000|100%| E|CS|TAMS 0x0000000727c00000, 0x0000000727c00000| Complete 
| 319|0x0000000727e00000, 0x0000000728000000, 0x0000000728000000|100%| E|CS|TAMS 0x0000000727e00000, 0x0000000727e00000| Complete 
| 320|0x0000000728000000, 0x0000000728200000, 0x0000000728200000|100%| E|CS|TAMS 0x0000000728000000, 0x0000000728000000| Complete 
| 321|0x0000000728200000, 0x0000000728400000, 0x0000000728400000|100%| E|CS|TAMS 0x0000000728200000, 0x0000000728200000| Complete 
| 322|0x0000000728400000, 0x0000000728600000, 0x0000000728600000|100%| E|CS|TAMS 0x0000000728400000, 0x0000000728400000| Complete 
| 323|0x0000000728600000, 0x0000000728800000, 0x0000000728800000|100%| E|CS|TAMS 0x0000000728600000, 0x0000000728600000| Complete 
| 324|0x0000000728800000, 0x0000000728a00000, 0x0000000728a00000|100%| E|CS|TAMS 0x0000000728800000, 0x0000000728800000| Complete 
| 325|0x0000000728a00000, 0x0000000728c00000, 0x0000000728c00000|100%| E|CS|TAMS 0x0000000728a00000, 0x0000000728a00000| Complete 
| 326|0x0000000728c00000, 0x0000000728e00000, 0x0000000728e00000|100%| E|CS|TAMS 0x0000000728c00000, 0x0000000728c00000| Complete 
| 327|0x0000000728e00000, 0x0000000729000000, 0x0000000729000000|100%| E|CS|TAMS 0x0000000728e00000, 0x0000000728e00000| Complete 
| 328|0x0000000729000000, 0x0000000729200000, 0x0000000729200000|100%| E|CS|TAMS 0x0000000729000000, 0x0000000729000000| Complete 
| 329|0x0000000729200000, 0x0000000729400000, 0x0000000729400000|100%| E|CS|TAMS 0x0000000729200000, 0x0000000729200000| Complete 
| 330|0x0000000729400000, 0x0000000729600000, 0x0000000729600000|100%| E|CS|TAMS 0x0000000729400000, 0x0000000729400000| Complete 
| 331|0x0000000729600000, 0x0000000729800000, 0x0000000729800000|100%| E|CS|TAMS 0x0000000729600000, 0x0000000729600000| Complete 
| 332|0x0000000729800000, 0x0000000729a00000, 0x0000000729a00000|100%| E|CS|TAMS 0x0000000729800000, 0x0000000729800000| Complete 
| 333|0x0000000729a00000, 0x0000000729c00000, 0x0000000729c00000|100%| E|CS|TAMS 0x0000000729a00000, 0x0000000729a00000| Complete 
| 334|0x0000000729c00000, 0x0000000729e00000, 0x0000000729e00000|100%| E|CS|TAMS 0x0000000729c00000, 0x0000000729c00000| Complete 
| 335|0x0000000729e00000, 0x000000072a000000, 0x000000072a000000|100%| E|CS|TAMS 0x0000000729e00000, 0x0000000729e00000| Complete 
| 336|0x000000072a000000, 0x000000072a200000, 0x000000072a200000|100%| E|CS|TAMS 0x000000072a000000, 0x000000072a000000| Complete 
| 337|0x000000072a200000, 0x000000072a400000, 0x000000072a400000|100%| E|CS|TAMS 0x000000072a200000, 0x000000072a200000| Complete 
| 338|0x000000072a400000, 0x000000072a600000, 0x000000072a600000|100%| E|CS|TAMS 0x000000072a400000, 0x000000072a400000| Complete 
| 339|0x000000072a600000, 0x000000072a800000, 0x000000072a800000|100%| E|CS|TAMS 0x000000072a600000, 0x000000072a600000| Complete 
| 340|0x000000072a800000, 0x000000072aa00000, 0x000000072aa00000|100%| E|CS|TAMS 0x000000072a800000, 0x000000072a800000| Complete 
| 341|0x000000072aa00000, 0x000000072ac00000, 0x000000072ac00000|100%| E|CS|TAMS 0x000000072aa00000, 0x000000072aa00000| Complete 
| 342|0x000000072ac00000, 0x000000072ae00000, 0x000000072ae00000|100%| E|CS|TAMS 0x000000072ac00000, 0x000000072ac00000| Complete 
| 343|0x000000072ae00000, 0x000000072b000000, 0x000000072b000000|100%| E|CS|TAMS 0x000000072ae00000, 0x000000072ae00000| Complete 
| 344|0x000000072b000000, 0x000000072b200000, 0x000000072b200000|100%| E|CS|TAMS 0x000000072b000000, 0x000000072b000000| Complete 
| 345|0x000000072b200000, 0x000000072b400000, 0x000000072b400000|100%| E|CS|TAMS 0x000000072b200000, 0x000000072b200000| Complete 
| 346|0x000000072b400000, 0x000000072b600000, 0x000000072b600000|100%| E|CS|TAMS 0x000000072b400000, 0x000000072b400000| Complete 
| 347|0x000000072b600000, 0x000000072b800000, 0x000000072b800000|100%| E|CS|TAMS 0x000000072b600000, 0x000000072b600000| Complete 
| 348|0x000000072b800000, 0x000000072ba00000, 0x000000072ba00000|100%| E|CS|TAMS 0x000000072b800000, 0x000000072b800000| Complete 
| 349|0x000000072ba00000, 0x000000072bc00000, 0x000000072bc00000|100%| E|CS|TAMS 0x000000072ba00000, 0x000000072ba00000| Complete 
| 350|0x000000072bc00000, 0x000000072be00000, 0x000000072be00000|100%| E|CS|TAMS 0x000000072bc00000, 0x000000072bc00000| Complete 
| 351|0x000000072be00000, 0x000000072c000000, 0x000000072c000000|100%| E|CS|TAMS 0x000000072be00000, 0x000000072be00000| Complete 
|2046|0x00000007ffc00000, 0x00000007ffd75000, 0x00000007ffe00000| 72%|OA|  |TAMS 0x00000007ffd75000, 0x00000007ffc00000| Untracked 
|2047|0x00000007ffe00000, 0x00000007ffe78000, 0x0000000800000000| 23%|CA|  |TAMS 0x00000007ffe78000, 0x00000007ffe00000| Untracked 

Card table byte_map: [0x0000787dcc400000,0x0000787dccc00000] _byte_map_base: 0x0000787dc8c00000

Marking Bits (Prev, Next): (CMBitMap*) 0x0000787de4088640, (CMBitMap*) 0x0000787de4088680
 Prev Bits: [0x0000787dc7c00000, 0x0000787dcbc00000)
 Next Bits: [0x0000787dc3c00000, 0x0000787dc7c00000)

Polling page: 0x0000787dea80f000

Metaspace:

Usage:
  Non-class:    106.91 MB used.
      Class:     17.45 MB used.
       Both:    124.36 MB used.

Virtual space:
  Non-class space:      128.00 MB reserved,     108.31 MB ( 85%) committed,  2 nodes.
      Class space:        1.00 GB reserved,      18.56 MB (  2%) committed,  1 nodes.
             Both:        1.12 GB reserved,     126.88 MB ( 11%) committed. 

Chunk freelists:
   Non-Class:  3.14 MB
       Class:  13.33 MB
        Both:  16.47 MB

MaxMetaspaceSize: unlimited
CompressedClassSpaceSize: 1.00 GB
Initial GC threshold: 21.00 MB
Current GC threshold: 137.75 MB
CDS: on
MetaspaceReclaimPolicy: balanced
 - commit_granule_bytes: 65536.
 - commit_granule_words: 8192.
 - virtual_space_node_default_size: 8388608.
 - enlarge_chunks_in_place: 1.
 - new_chunks_are_fully_committed: 0.
 - uncommit_free_chunks: 1.
 - use_allocation_guard: 0.
 - handle_deallocations: 1.


Internal statistics:

num_allocs_failed_limit: 12.
num_arena_births: 4026.
num_arena_deaths: 0.
num_vsnodes_births: 3.
num_vsnodes_deaths: 0.
num_space_committed: 2029.
num_space_uncommitted: 0.
num_chunks_returned_to_freelist: 12.
num_chunks_taken_from_freelist: 10488.
num_chunk_merges: 12.
num_chunk_splits: 6094.
num_chunks_enlarged: 2944.
num_inconsistent_stats: 0.

CodeHeap 'non-profiled nmethods': size=120028Kb used=12946Kb max_used=14559Kb free=107081Kb
 bounds [0x0000787dd4ec9000, 0x0000787dd5d09000, 0x0000787ddc400000]
CodeHeap 'profiled nmethods': size=120028Kb used=33471Kb max_used=33669Kb free=86556Kb
 bounds [0x0000787dcd400000, 0x0000787dcf4f0000, 0x0000787dd4937000]
CodeHeap 'non-nmethods': size=5704Kb used=2458Kb max_used=2562Kb free=3245Kb
 bounds [0x0000787dd4937000, 0x0000787dd4bc7000, 0x0000787dd4ec9000]
 total_blobs=18736 nmethods=17730 adapters=917
 compilation: enabled
              stopped_count=0, restarted_count=0
 full_count=0

Compilation events (20 events):
Event: 18.077 Thread 0x0000787de41960a0 nmethod 21968 0x0000787dcded9290 code [0x0000787dcded94e0, 0x0000787dcded9b50]
Event: 18.077 Thread 0x0000787de41960a0 21970       2       org.gradle.internal.logging.sink.ProgressLogEventGenerator$Operation::<init> (12 bytes)
Event: 18.077 Thread 0x0000787de41960a0 nmethod 21970 0x0000787dcded8f10 code [0x0000787dcded90c0, 0x0000787dcded91e0]
Event: 18.077 Thread 0x0000787de41960a0 21971       2       org.gradle.internal.logging.sink.ProgressLogEventGenerator$Operation::<init> (53 bytes)
Event: 18.077 Thread 0x0000787de41960a0 nmethod 21971 0x0000787dcded8890 code [0x0000787dcded8a60, 0x0000787dcded8e20]
Event: 18.077 Thread 0x0000787de41960a0 21972       2       org.gradle.internal.operations.BuildOperationDescriptor$Builder::metadata (7 bytes)
Event: 18.077 Thread 0x0000787de41960a0 nmethod 21972 0x0000787dcded8510 code [0x0000787dcded86a0, 0x0000787dcded87f0]
Event: 18.077 Thread 0x0000787de41960a0 21959   !   2       org.gradle.internal.operations.DefaultBuildOperationQueue$WorkerRunnable::shutDown (45 bytes)
Event: 18.078 Thread 0x0000787de41960a0 nmethod 21959 0x0000787dcded7c90 code [0x0000787dcded7ea0, 0x0000787dcded8230]
Event: 18.078 Thread 0x0000787de41960a0 21960       2       org.gradle.internal.operations.DefaultBuildOperationQueue::access$910 (12 bytes)
Event: 18.078 Thread 0x0000787de41960a0 nmethod 21960 0x0000787dcf431010 code [0x0000787dcf4311a0, 0x0000787dcf431290]
Event: 18.078 Thread 0x0000787de41960a0 21974       2       com.sun.org.apache.xerces.internal.xni.QName::clear (21 bytes)
Event: 18.078 Thread 0x0000787de41960a0 nmethod 21974 0x0000787dcf430c10 code [0x0000787dcf430da0, 0x0000787dcf430f70]
Event: 18.078 Thread 0x0000787de41960a0 21975       2       com.sun.org.apache.xerces.internal.xni.QName::<init> (9 bytes)
Event: 18.078 Thread 0x0000787de41960a0 nmethod 21975 0x0000787dcf430810 code [0x0000787dcf4309a0, 0x0000787dcf430b70]
Event: 18.078 Thread 0x0000787de41960a0 21966       1       org.gradle.internal.vfs.impl.VersionHierarchy::getMaxVersionInHierarchy (5 bytes)
Event: 18.078 Thread 0x0000787de41960a0 nmethod 21966 0x0000787dd54d5610 code [0x0000787dd54d57a0, 0x0000787dd54d5870]
Event: 18.079 Thread 0x0000787de4194b60 nmethod 21664 0x0000787dd56dd910 code [0x0000787dd56ddac0, 0x0000787dd56ddfc8]
Event: 18.079 Thread 0x0000787de4194b60 21973   !   4       java.util.zip.InflaterInputStream::read (138 bytes)
Event: 18.079 Thread 0x0000787de41960a0 21976       2       com.google.common.collect.Sets::newLinkedHashSet (31 bytes)

GC Heap History (20 events):
Event: 9.246 GC heap before
{Heap before GC invocations=32 (full 0):
 garbage-first heap   total 362496K, used 311365K [0x0000000700000000, 0x0000000800000000)
  region size 2048K, 106 young (217088K), 2 survivors (4096K)
 Metaspace       used 90766K, committed 91712K, reserved 1179648K
  class space    used 12772K, committed 13248K, reserved 1048576K
}
Event: 9.260 GC heap after
{Heap after GC invocations=33 (full 0):
 garbage-first heap   total 362496K, used 112142K [0x0000000700000000, 0x0000000800000000)
  region size 2048K, 8 young (16384K), 8 survivors (16384K)
 Metaspace       used 90766K, committed 91712K, reserved 1179648K
  class space    used 12772K, committed 13248K, reserved 1048576K
}
Event: 9.275 GC heap before
{Heap before GC invocations=33 (full 0):
 garbage-first heap   total 362496K, used 114190K [0x0000000700000000, 0x0000000800000000)
  region size 2048K, 9 young (18432K), 8 survivors (16384K)
 Metaspace       used 90837K, committed 91776K, reserved 1179648K
  class space    used 12782K, committed 13248K, reserved 1048576K
}
Event: 9.283 GC heap after
{Heap after GC invocations=34 (full 0):
 garbage-first heap   total 362496K, used 111998K [0x0000000700000000, 0x0000000800000000)
  region size 2048K, 2 young (4096K), 2 survivors (4096K)
 Metaspace       used 90837K, committed 91776K, reserved 1179648K
  class space    used 12782K, committed 13248K, reserved 1048576K
}
Event: 10.136 GC heap before
{Heap before GC invocations=34 (full 0):
 garbage-first heap   total 362496K, used 279934K [0x0000000700000000, 0x0000000800000000)
  region size 2048K, 83 young (169984K), 2 survivors (4096K)
 Metaspace       used 95284K, committed 96320K, reserved 1179648K
  class space    used 13341K, committed 13824K, reserved 1048576K
}
Event: 10.142 GC heap after
{Heap after GC invocations=35 (full 0):
 garbage-first heap   total 362496K, used 127132K [0x0000000700000000, 0x0000000800000000)
  region size 2048K, 9 young (18432K), 9 survivors (18432K)
 Metaspace       used 95284K, committed 96320K, reserved 1179648K
  class space    used 13341K, committed 13824K, reserved 1048576K
}
Event: 10.764 GC heap before
{Heap before GC invocations=35 (full 0):
 garbage-first heap   total 362496K, used 278684K [0x0000000700000000, 0x0000000800000000)
  region size 2048K, 83 young (169984K), 9 survivors (18432K)
 Metaspace       used 96037K, committed 97152K, reserved 1179648K
  class space    used 13413K, committed 13952K, reserved 1048576K
}
Event: 10.776 GC heap after
{Heap after GC invocations=36 (full 0):
 garbage-first heap   total 362496K, used 142137K [0x0000000700000000, 0x0000000800000000)
  region size 2048K, 9 young (18432K), 9 survivors (18432K)
 Metaspace       used 96037K, committed 97152K, reserved 1179648K
  class space    used 13413K, committed 13952K, reserved 1048576K
}
Event: 11.361 GC heap before
{Heap before GC invocations=36 (full 0):
 garbage-first heap   total 362496K, used 279353K [0x0000000700000000, 0x0000000800000000)
  region size 2048K, 76 young (155648K), 9 survivors (18432K)
 Metaspace       used 96732K, committed 97920K, reserved 1179648K
  class space    used 13507K, committed 14080K, reserved 1048576K
}
Event: 11.370 GC heap after
{Heap after GC invocations=37 (full 0):
 garbage-first heap   total 362496K, used 155590K [0x0000000700000000, 0x0000000800000000)
  region size 2048K, 8 young (16384K), 8 survivors (16384K)
 Metaspace       used 96732K, committed 97920K, reserved 1179648K
  class space    used 13507K, committed 14080K, reserved 1048576K
}
Event: 11.917 GC heap before
{Heap before GC invocations=37 (full 0):
 garbage-first heap   total 362496K, used 282566K [0x0000000700000000, 0x0000000800000000)
  region size 2048K, 70 young (143360K), 8 survivors (16384K)
 Metaspace       used 97334K, committed 98624K, reserved 1179648K
  class space    used 13582K, committed 14144K, reserved 1048576K
}
Event: 11.930 GC heap after
{Heap after GC invocations=38 (full 0):
 garbage-first heap   total 362496K, used 167910K [0x0000000700000000, 0x0000000800000000)
  region size 2048K, 8 young (16384K), 8 survivors (16384K)
 Metaspace       used 97334K, committed 98624K, reserved 1179648K
  class space    used 13582K, committed 14144K, reserved 1048576K
}
Event: 12.779 GC heap before
{Heap before GC invocations=38 (full 0):
 garbage-first heap   total 362496K, used 284646K [0x0000000700000000, 0x0000000800000000)
  region size 2048K, 65 young (133120K), 8 survivors (16384K)
 Metaspace       used 102964K, committed 104256K, reserved 1179648K
  class space    used 14368K, committed 14912K, reserved 1048576K
}
Event: 12.790 GC heap after
{Heap after GC invocations=39 (full 0):
 garbage-first heap   total 724992K, used 179234K [0x0000000700000000, 0x0000000800000000)
  region size 2048K, 7 young (14336K), 7 survivors (14336K)
 Metaspace       used 102964K, committed 104256K, reserved 1179648K
  class space    used 14368K, committed 14912K, reserved 1048576K
}
Event: 15.480 GC heap before
{Heap before GC invocations=39 (full 0):
 garbage-first heap   total 724992K, used 568354K [0x0000000700000000, 0x0000000800000000)
  region size 2048K, 197 young (403456K), 7 survivors (14336K)
 Metaspace       used 115508K, committed 117504K, reserved 1179648K
  class space    used 16125K, committed 17024K, reserved 1048576K
}
Event: 15.520 GC heap after
{Heap after GC invocations=40 (full 0):
 garbage-first heap   total 724992K, used 229433K [0x0000000700000000, 0x0000000800000000)
  region size 2048K, 25 young (51200K), 25 survivors (51200K)
 Metaspace       used 115508K, committed 117504K, reserved 1179648K
  class space    used 16125K, committed 17024K, reserved 1048576K
}
Event: 16.933 GC heap before
{Heap before GC invocations=40 (full 0):
 garbage-first heap   total 724992K, used 528441K [0x0000000700000000, 0x0000000800000000)
  region size 2048K, 170 young (348160K), 25 survivors (51200K)
 Metaspace       used 118542K, committed 120960K, reserved 1179648K
  class space    used 16659K, committed 17728K, reserved 1048576K
}
Event: 16.971 GC heap after
{Heap after GC invocations=41 (full 0):
 garbage-first heap   total 724992K, used 273413K [0x0000000700000000, 0x0000000800000000)
  region size 2048K, 21 young (43008K), 21 survivors (43008K)
 Metaspace       used 118542K, committed 120960K, reserved 1179648K
  class space    used 16659K, committed 17728K, reserved 1048576K
}
Event: 17.665 GC heap before
{Heap before GC invocations=41 (full 0):
 garbage-first heap   total 724992K, used 541701K [0x0000000700000000, 0x0000000800000000)
  region size 2048K, 153 young (313344K), 21 survivors (43008K)
 Metaspace       used 124547K, committed 127104K, reserved 1179648K
  class space    used 17470K, committed 18624K, reserved 1048576K
}
Event: 17.691 GC heap after
{Heap after GC invocations=42 (full 0):
 garbage-first heap   total 724992K, used 297289K [0x0000000700000000, 0x0000000800000000)
  region size 2048K, 13 young (26624K), 13 survivors (26624K)
 Metaspace       used 124547K, committed 127104K, reserved 1179648K
  class space    used 17470K, committed 18624K, reserved 1048576K
}

Dll operation events (14 events):
Event: 0.002 Loaded shared library /nix/store/j5n2kxk19rgrrkb5z1w310sy7dkvlhgj-openjdk-headless-17.0.20.1+1/lib/openjdk/lib/libjava.so
Event: 0.018 Loaded shared library /nix/store/j5n2kxk19rgrrkb5z1w310sy7dkvlhgj-openjdk-headless-17.0.20.1+1/lib/openjdk/lib/libjsvml.so
Event: 0.062 Loaded shared library /nix/store/j5n2kxk19rgrrkb5z1w310sy7dkvlhgj-openjdk-headless-17.0.20.1+1/lib/openjdk/lib/libzip.so
Event: 0.063 Loaded shared library /nix/store/j5n2kxk19rgrrkb5z1w310sy7dkvlhgj-openjdk-headless-17.0.20.1+1/lib/openjdk/lib/libinstrument.so
Event: 0.065 Loaded shared library /nix/store/j5n2kxk19rgrrkb5z1w310sy7dkvlhgj-openjdk-headless-17.0.20.1+1/lib/openjdk/lib/libnio.so
Event: 0.066 Loaded shared library /nix/store/j5n2kxk19rgrrkb5z1w310sy7dkvlhgj-openjdk-headless-17.0.20.1+1/lib/openjdk/lib/libzip.so
Event: 0.177 Loaded shared library /nix/store/j5n2kxk19rgrrkb5z1w310sy7dkvlhgj-openjdk-headless-17.0.20.1+1/lib/openjdk/lib/libjimage.so
Event: 0.243 Loaded shared library /nix/store/j5n2kxk19rgrrkb5z1w310sy7dkvlhgj-openjdk-headless-17.0.20.1+1/lib/openjdk/lib/libverify.so
Event: 0.291 Loaded shared library /nix/store/j5n2kxk19rgrrkb5z1w310sy7dkvlhgj-openjdk-headless-17.0.20.1+1/lib/openjdk/lib/libnet.so
Event: 0.292 Loaded shared library /home/costeer/.gradle/native/1def1411415f61bf3af743bc5b6707747c0891f09f0c88961ee8f79bc544acac/linux-amd64/libnative-platform.so
Event: 0.303 Loaded shared library /home/costeer/.gradle/native/0.2.7/x86_64-linux-gnu/libgradle-fileevents.so
Event: 0.797 Loaded shared library /nix/store/j5n2kxk19rgrrkb5z1w310sy7dkvlhgj-openjdk-headless-17.0.20.1+1/lib/openjdk/lib/libmanagement.so
Event: 0.798 Loaded shared library /nix/store/j5n2kxk19rgrrkb5z1w310sy7dkvlhgj-openjdk-headless-17.0.20.1+1/lib/openjdk/lib/libmanagement_ext.so
Event: 0.852 Loaded shared library /nix/store/j5n2kxk19rgrrkb5z1w310sy7dkvlhgj-openjdk-headless-17.0.20.1+1/lib/openjdk/lib/libextnet.so

Deoptimization events (20 events):
Event: 17.967 Thread 0x0000787c40014540 Uncommon trap: trap_request=0xffffffbe fr.pc=0x0000787dd59158a0 relative=0x0000000000000260
Event: 17.967 Thread 0x0000787c40014540 Uncommon trap: reason=profile_predicate action=maybe_recompile pc=0x0000787dd59158a0 method=java.util.Collections.indexedBinarySearch(Ljava/util/List;Ljava/lang/Object;)I @ 13 c2
Event: 17.967 Thread 0x0000787c40014540 DEOPT PACKING pc=0x0000787dd59158a0 sp=0x0000787c947f5e80
Event: 17.967 Thread 0x0000787c40014540 DEOPT UNPACKING pc=0x0000787dd498d699 sp=0x0000787c947f5e20 mode 2
Event: 18.059 Thread 0x0000787c14015030 Uncommon trap: trap_request=0xffffffc6 fr.pc=0x0000787dd5aab388 relative=0x0000000000002b88
Event: 18.059 Thread 0x0000787c14015030 Uncommon trap: reason=bimorphic_or_optimized_type_check action=maybe_recompile pc=0x0000787dd5aab388 method=org.gradle.internal.fingerprint.impl.DefaultFileCollectionSnapshotter$SnapshottingVisitor.visitCollection(Lorg/gradle/api/internal/file/FileCollect
Event: 18.059 Thread 0x0000787c14015030 DEOPT PACKING pc=0x0000787dd5aab388 sp=0x0000787c94cf3b70
Event: 18.059 Thread 0x0000787c14015030 DEOPT UNPACKING pc=0x0000787dd498d699 sp=0x0000787c94cf3b78 mode 2
Event: 18.059 Thread 0x0000787c14015030 Uncommon trap: trap_request=0xffffffc6 fr.pc=0x0000787dd5aab388 relative=0x0000000000002b88
Event: 18.059 Thread 0x0000787c14015030 Uncommon trap: reason=bimorphic_or_optimized_type_check action=maybe_recompile pc=0x0000787dd5aab388 method=org.gradle.internal.fingerprint.impl.DefaultFileCollectionSnapshotter$SnapshottingVisitor.visitCollection(Lorg/gradle/api/internal/file/FileCollect
Event: 18.059 Thread 0x0000787c14015030 DEOPT PACKING pc=0x0000787dd5aab388 sp=0x0000787c94cf3b70
Event: 18.059 Thread 0x0000787c14015030 DEOPT UNPACKING pc=0x0000787dd498d699 sp=0x0000787c94cf3b78 mode 2
Event: 18.064 Thread 0x0000787c1400bfe0 Uncommon trap: trap_request=0xffffffc6 fr.pc=0x0000787dd5aab388 relative=0x0000000000002b88
Event: 18.064 Thread 0x0000787c1400bfe0 Uncommon trap: reason=bimorphic_or_optimized_type_check action=maybe_recompile pc=0x0000787dd5aab388 method=org.gradle.internal.fingerprint.impl.DefaultFileCollectionSnapshotter$SnapshottingVisitor.visitCollection(Lorg/gradle/api/internal/file/FileCollect
Event: 18.064 Thread 0x0000787c1400bfe0 DEOPT PACKING pc=0x0000787dd5aab388 sp=0x0000787c952f34f0
Event: 18.064 Thread 0x0000787c1400bfe0 DEOPT UNPACKING pc=0x0000787dd498d699 sp=0x0000787c952f34f8 mode 2
Event: 18.064 Thread 0x0000787c1400bfe0 Uncommon trap: trap_request=0xffffffc6 fr.pc=0x0000787dd5aab388 relative=0x0000000000002b88
Event: 18.064 Thread 0x0000787c1400bfe0 Uncommon trap: reason=bimorphic_or_optimized_type_check action=maybe_recompile pc=0x0000787dd5aab388 method=org.gradle.internal.fingerprint.impl.DefaultFileCollectionSnapshotter$SnapshottingVisitor.visitCollection(Lorg/gradle/api/internal/file/FileCollect
Event: 18.064 Thread 0x0000787c1400bfe0 DEOPT PACKING pc=0x0000787dd5aab388 sp=0x0000787c952f34f0
Event: 18.064 Thread 0x0000787c1400bfe0 DEOPT UNPACKING pc=0x0000787dd498d699 sp=0x0000787c952f34f8 mode 2

Classes loaded (20 events):
Event: 17.628 Loading class java/nio/file/FileTreeWalker$1
Event: 17.628 Loading class java/nio/file/FileTreeWalker$1 done
Event: 17.631 Loading class java/nio/file/StandardCopyOption
Event: 17.632 Loading class java/nio/file/StandardCopyOption done
Event: 17.632 Loading class sun/nio/fs/UnixCopyFile
Event: 17.633 Loading class sun/nio/fs/UnixCopyFile done
Event: 17.633 Loading class sun/nio/fs/UnixCopyFile$Flags
Event: 17.633 Loading class sun/nio/fs/UnixCopyFile$Flags done
Event: 17.636 Loading class java/time/Instant$1
Event: 17.636 Loading class java/time/Instant$1 done
Event: 17.711 Loading class java/util/regex/Pattern$1
Event: 17.711 Loading class java/util/regex/Pattern$1 done
Event: 17.712 Loading class java/net/URLDecoder
Event: 17.712 Loading class java/net/URLDecoder done
Event: 17.727 Loading class java/util/zip/GZIPInputStream$1
Event: 17.727 Loading class java/util/zip/GZIPInputStream$1 done
Event: 17.756 Loading class java/io/UTFDataFormatException
Event: 17.756 Loading class java/io/UTFDataFormatException done
Event: 17.777 Loading class java/io/PushbackInputStream
Event: 17.777 Loading class java/io/PushbackInputStream done

Classes unloaded (0 events):
No events

Classes redefined (0 events):
No events

Internal exceptions (20 events):
Event: 17.839 Thread 0x0000787c1401ab30 Exception <a 'sun/nio/fs/UnixException'{0x00000007274eaff8}> (0x00000007274eaff8) 
thrown [src/hotspot/share/prims/jni.cpp, line 516]
Event: 17.845 Thread 0x0000787c14015030 Exception <a 'sun/nio/fs/UnixException'{0x0000000726ccc6c8}> (0x0000000726ccc6c8) 
thrown [src/hotspot/share/prims/jni.cpp, line 516]
Event: 17.848 Thread 0x0000787c1401ab30 Exception <a 'sun/nio/fs/UnixException'{0x0000000726dd8220}> (0x0000000726dd8220) 
thrown [src/hotspot/share/prims/jni.cpp, line 516]
Event: 17.858 Thread 0x0000787c1401ab30 Exception <a 'sun/nio/fs/UnixException'{0x0000000726df31b8}> (0x0000000726df31b8) 
thrown [src/hotspot/share/prims/jni.cpp, line 516]
Event: 17.864 Thread 0x0000787c14012590 Exception <a 'sun/nio/fs/UnixException'{0x000000072678b728}> (0x000000072678b728) 
thrown [src/hotspot/share/prims/jni.cpp, line 516]
Event: 17.879 Thread 0x0000787c14015030 Exception <a 'sun/nio/fs/UnixException'{0x00000007265403b0}> (0x00000007265403b0) 
thrown [src/hotspot/share/prims/jni.cpp, line 516]
Event: 17.884 Thread 0x0000787c1401ab30 Exception <a 'sun/nio/fs/UnixException'{0x0000000725e803c8}> (0x0000000725e803c8) 
thrown [src/hotspot/share/prims/jni.cpp, line 516]
Event: 17.921 Thread 0x0000787c14012590 Exception <a 'sun/nio/fs/UnixException'{0x00000007257e2268}> (0x00000007257e2268) 
thrown [src/hotspot/share/prims/jni.cpp, line 516]
Event: 17.940 Thread 0x0000787c1401ab30 Exception <a 'sun/nio/fs/UnixException'{0x0000000724ba0b58}> (0x0000000724ba0b58) 
thrown [src/hotspot/share/prims/jni.cpp, line 516]
Event: 17.945 Thread 0x0000787c14012590 Exception <a 'sun/nio/fs/UnixException'{0x000000072477d6d0}> (0x000000072477d6d0) 
thrown [src/hotspot/share/prims/jni.cpp, line 516]
Event: 17.953 Thread 0x0000787c14015030 Exception <a 'sun/nio/fs/UnixException'{0x0000000724528bd8}> (0x0000000724528bd8) 
thrown [src/hotspot/share/prims/jni.cpp, line 516]
Event: 17.961 Thread 0x0000787c14015030 Exception <a 'sun/nio/fs/UnixException'{0x00000007245510a8}> (0x00000007245510a8) 
thrown [src/hotspot/share/prims/jni.cpp, line 516]
Event: 17.962 Thread 0x0000787c14015030 Exception <a 'sun/nio/fs/UnixException'{0x0000000724552ee0}> (0x0000000724552ee0) 
thrown [src/hotspot/share/prims/jni.cpp, line 516]
Event: 18.065 Thread 0x0000787c1401ab30 Exception <a 'sun/nio/fs/UnixException'{0x000000072406fb50}> (0x000000072406fb50) 
thrown [src/hotspot/share/prims/jni.cpp, line 516]
Event: 18.066 Thread 0x0000787c1401ab30 Exception <a 'sun/nio/fs/UnixException'{0x00000007240719b0}> (0x00000007240719b0) 
thrown [src/hotspot/share/prims/jni.cpp, line 516]
Event: 18.067 Thread 0x0000787c14019460 Exception <a 'sun/nio/fs/UnixException'{0x00000007236d68f0}> (0x00000007236d68f0) 
thrown [src/hotspot/share/prims/jni.cpp, line 516]
Event: 18.069 Thread 0x0000787c14019460 Exception <a 'sun/nio/fs/UnixException'{0x00000007236d8770}> (0x00000007236d8770) 
thrown [src/hotspot/share/prims/jni.cpp, line 516]
Event: 18.073 Thread 0x0000787c140166e0 Exception <a 'java/lang/NoSuchMethodError'{0x000000072130bdf8}: 'java.lang.Object java.lang.invoke.DirectMethodHandle$Holder.invokeStaticInit(java.lang.Object, java.lang.Object, java.lang.Object, java.lang.Object, java.lang.Object, java.lang.Object, java.lang.Object, java.lang.Object, java.lang.Object, java.lang.Object, java.lang.Object, java.lang.Object, java.lang.Object, java.lang.Object, java.lang.Object, java.lang.Object, java.lang.Object, java.lang.Object, java.lang.Object, java.lang.Object, int, java
Event: 18.074 Thread 0x0000787c140166e0 Exception <a 'java/lang/IncompatibleClassChangeError'{0x00000007213c5340}: Found class java.lang.Object, but interface was expected> (0x00000007213c5340) 
thrown [src/hotspot/share/interpreter/linkResolver.cpp, line 826]
Event: 18.074 Thread 0x0000787c140166e0 Exception <a 'java/lang/IncompatibleClassChangeError'{0x00000007213d0fb0}: Found class java.lang.Object, but interface was expected> (0x00000007213d0fb0) 
thrown [src/hotspot/share/interpreter/linkResolver.cpp, line 826]

VM Operations (20 events):
Event: 17.648 Executing VM operation: HandshakeAllThreads
Event: 17.649 Executing VM operation: HandshakeAllThreads done
Event: 17.649 Executing VM operation: HandshakeAllThreads
Event: 17.649 Executing VM operation: HandshakeAllThreads done
Event: 17.665 Executing VM operation: G1CollectForAllocation
Event: 17.691 Executing VM operation: G1CollectForAllocation done
Event: 17.762 Executing VM operation: HandshakeAllThreads
Event: 17.764 Executing VM operation: HandshakeAllThreads done
Event: 17.776 Executing VM operation: ICBufferFull
Event: 17.776 Executing VM operation: ICBufferFull done
Event: 17.811 Executing VM operation: HandshakeAllThreads
Event: 17.815 Executing VM operation: HandshakeAllThreads done
Event: 17.843 Executing VM operation: HandshakeAllThreads
Event: 17.845 Executing VM operation: HandshakeAllThreads done
Event: 17.870 Executing VM operation: ICBufferFull
Event: 17.871 Executing VM operation: ICBufferFull done
Event: 17.871 Executing VM operation: ICBufferFull
Event: 17.872 Executing VM operation: ICBufferFull done
Event: 17.975 Executing VM operation: HandshakeAllThreads
Event: 17.976 Executing VM operation: HandshakeAllThreads done

Memory protections (20 events):
Event: 17.737 Protecting memory [0x0000787bf3800000,0x0000787bf3804000] with protection modes 0
Event: 17.737 Protecting memory [0x0000787bf3700000,0x0000787bf3704000] with protection modes 0
Event: 17.737 Protecting memory [0x0000787bf3600000,0x0000787bf3604000] with protection modes 0
Event: 17.738 Protecting memory [0x0000787bf3500000,0x0000787bf3504000] with protection modes 0
Event: 17.739 Protecting memory [0x0000787bf3400000,0x0000787bf3404000] with protection modes 0
Event: 17.742 Protecting memory [0x0000787bf3300000,0x0000787bf3304000] with protection modes 0
Event: 17.743 Protecting memory [0x0000787bf3200000,0x0000787bf3204000] with protection modes 0
Event: 17.745 Protecting memory [0x0000787bf3100000,0x0000787bf3104000] with protection modes 0
Event: 17.751 Protecting memory [0x0000787bf3000000,0x0000787bf3004000] with protection modes 0
Event: 17.765 Protecting memory [0x0000787bf2f00000,0x0000787bf2f04000] with protection modes 0
Event: 17.765 Protecting memory [0x0000787bf2e00000,0x0000787bf2e04000] with protection modes 0
Event: 17.767 Protecting memory [0x0000787bf2d00000,0x0000787bf2d04000] with protection modes 0
Event: 17.769 Protecting memory [0x0000787bf2c00000,0x0000787bf2c04000] with protection modes 0
Event: 17.769 Protecting memory [0x0000787bf2b00000,0x0000787bf2b04000] with protection modes 0
Event: 17.953 Protecting memory [0x0000787bf2a00000,0x0000787bf2a04000] with protection modes 0
Event: 17.966 Protecting memory [0x0000787bf2900000,0x0000787bf2904000] with protection modes 0
Event: 17.973 Protecting memory [0x0000787bf2800000,0x0000787bf2804000] with protection modes 0
Event: 17.973 Protecting memory [0x0000787bf2700000,0x0000787bf2704000] with protection modes 0
Event: 18.069 Protecting memory [0x0000787bf2600000,0x0000787bf2604000] with protection modes 0
Event: 18.071 Protecting memory [0x0000787bf2500000,0x0000787bf2504000] with protection modes 0

Nmethod flushes (20 events):
Event: 17.912 Thread 0x0000787de419f510 flushing  nmethod 0x0000787dcf413b10
Event: 17.912 Thread 0x0000787de419f510 flushing  nmethod 0x0000787dcf41af10
Event: 17.912 Thread 0x0000787de419f510 flushing  nmethod 0x0000787dcf41ca10
Event: 17.912 Thread 0x0000787de419f510 flushing  nmethod 0x0000787dcf41d790
Event: 17.912 Thread 0x0000787de419f510 flushing  nmethod 0x0000787dcf41e010
Event: 17.912 Thread 0x0000787de419f510 flushing  nmethod 0x0000787dcf41e590
Event: 17.912 Thread 0x0000787de419f510 flushing  nmethod 0x0000787dcf41f490
Event: 17.912 Thread 0x0000787de419f510 flushing  nmethod 0x0000787dcf41fd90
Event: 17.912 Thread 0x0000787de419f510 flushing  nmethod 0x0000787dcf420690
Event: 17.912 Thread 0x0000787de419f510 flushing  nmethod 0x0000787dcf423310
Event: 17.912 Thread 0x0000787de419f510 flushing  nmethod 0x0000787dcf424410
Event: 17.912 Thread 0x0000787de419f510 flushing  nmethod 0x0000787dcf425190
Event: 17.912 Thread 0x0000787de419f510 flushing  nmethod 0x0000787dcf425a90
Event: 17.914 Thread 0x0000787de419f510 flushing  nmethod 0x0000787dcf42c310
Event: 17.914 Thread 0x0000787de419f510 flushing  nmethod 0x0000787dcf42c690
Event: 17.914 Thread 0x0000787de419f510 flushing  nmethod 0x0000787dcf42d310
Event: 17.914 Thread 0x0000787de419f510 flushing  nmethod 0x0000787dcf42dd90
Event: 17.914 Thread 0x0000787de419f510 flushing  nmethod 0x0000787dcf42e510
Event: 17.914 Thread 0x0000787de419f510 flushing  nmethod 0x0000787dcf431990
Event: 17.914 Thread 0x0000787de419f510 flushing  nmethod 0x0000787dcf451910

Events (20 events):
Event: 17.737 Thread 0x0000787c1400f8b0 Thread added: 0x0000787c1c077f90
Event: 17.737 Thread 0x0000787c1400f8b0 Thread added: 0x0000787c1c079010
Event: 17.737 Thread 0x0000787c1400f8b0 Thread added: 0x0000787c1c07a550
Event: 17.738 Thread 0x0000787c1400f8b0 Thread added: 0x0000787c1c07b7d0
Event: 17.739 Thread 0x0000787c1400f8b0 Thread added: 0x0000787c1c07cbb0
Event: 17.739 Thread 0x0000787c1400f8b0 Thread added: 0x0000787c1c07ddb0
Event: 17.742 Thread 0x0000787c1400f8b0 Thread added: 0x0000787c1c07d840
Event: 17.745 Thread 0x0000787c1400f8b0 Thread added: 0x0000787c1c07f150
Event: 17.751 Thread 0x0000787c14019460 Thread added: 0x0000787c4005d5e0
Event: 17.765 Thread 0x0000787c14013c30 Thread added: 0x0000787c3004ab70
Event: 17.765 Thread 0x0000787c14013c30 Thread added: 0x0000787c30013cc0
Event: 17.767 Thread 0x0000787c14013c30 Thread added: 0x0000787c30013730
Event: 17.768 Thread 0x0000787c1400d770 Thread added: 0x0000787c20046900
Event: 17.769 Thread 0x0000787c14013c30 Thread added: 0x0000787c30016d60
Event: 17.953 Thread 0x0000787c1401ab30 Thread added: 0x0000787c3c043960
Event: 17.966 Thread 0x0000787c14015030 Thread added: 0x0000787c2c013d30
Event: 17.973 Thread 0x0000787c14019460 Thread added: 0x0000787c4005e7d0
Event: 17.973 Thread 0x0000787c14019460 Thread added: 0x0000787c40064530
Event: 18.068 Thread 0x0000787c14015030 Thread added: 0x0000787c2c014d00
Event: 18.071 Thread 0x0000787c14015030 Thread added: 0x0000787c2c022a00


Dynamic libraries:
700000000-72c000000 rw-p 00000000 00:00 0 
72c000000-7ffc00000 ---p 00000000 00:00 0 
7ffc00000-7ffd00000 rw-p 00000000 00:00 0 
7ffd00000-7ffd75000 rw-p 00c77000 103:04 12327881                        /nix/store/j5n2kxk19rgrrkb5z1w310sy7dkvlhgj-openjdk-headless-17.0.20.1+1/lib/openjdk/lib/server/classes.jsa
7ffd75000-7ffe00000 rw-p 00000000 00:00 0 
7ffe00000-7ffe78000 rw-p 00bff000 103:04 12327881                        /nix/store/j5n2kxk19rgrrkb5z1w310sy7dkvlhgj-openjdk-headless-17.0.20.1+1/lib/openjdk/lib/server/classes.jsa
7ffe78000-800000000 rw-p 00000000 00:00 0 
5c3e564f9000-5c3e564fa000 r--p 00000000 103:04 11945825                  /nix/store/j5n2kxk19rgrrkb5z1w310sy7dkvlhgj-openjdk-headless-17.0.20.1+1/lib/openjdk/bin/java
5c3e564fa000-5c3e564fb000 r-xp 00001000 103:04 11945825                  /nix/store/j5n2kxk19rgrrkb5z1w310sy7dkvlhgj-openjdk-headless-17.0.20.1+1/lib/openjdk/bin/java
5c3e564fb000-5c3e564fc000 r--p 00002000 103:04 11945825                  /nix/store/j5n2kxk19rgrrkb5z1w310sy7dkvlhgj-openjdk-headless-17.0.20.1+1/lib/openjdk/bin/java
5c3e564fc000-5c3e564fd000 r--p 00002000 103:04 11945825                  /nix/store/j5n2kxk19rgrrkb5z1w310sy7dkvlhgj-openjdk-headless-17.0.20.1+1/lib/openjdk/bin/java
5c3e564fd000-5c3e56500000 rw-p 00003000 103:04 11945825                  /nix/store/j5n2kxk19rgrrkb5z1w310sy7dkvlhgj-openjdk-headless-17.0.20.1+1/lib/openjdk/bin/java
5c3e92e47000-5c3e92eb6000 rw-p 00000000 00:00 0                          [heap]
787bf2500000-787bf2504000 ---p 00000000 00:00 0 
787bf2504000-787bf2600000 rw-p 00000000 00:00 0 
787bf2600000-787bf2604000 ---p 00000000 00:00 0 
787bf2604000-787bf2700000 rw-p 00000000 00:00 0 
787bf2700000-787bf2704000 ---p 00000000 00:00 0 
787bf2704000-787bf2800000 rw-p 00000000 00:00 0 
787bf2800000-787bf2804000 ---p 00000000 00:00 0 
787bf2804000-787bf2900000 rw-p 00000000 00:00 0 
787bf2900000-787bf2904000 ---p 00000000 00:00 0 
787bf2904000-787bf2a00000 rw-p 00000000 00:00 0 
787bf2a00000-787bf2a04000 ---p 00000000 00:00 0 
787bf2a04000-787bf2b00000 rw-p 00000000 00:00 0 
787bf2b00000-787bf2b04000 ---p 00000000 00:00 0 
787bf2b04000-787bf2c00000 rw-p 00000000 00:00 0 
787bf2c00000-787bf2c04000 ---p 00000000 00:00 0 
787bf2c04000-787bf2d00000 rw-p 00000000 00:00 0 
787bf2d00000-787bf2d04000 ---p 00000000 00:00 0 
787bf2d04000-787bf2e00000 rw-p 00000000 00:00 0 
787bf2e00000-787bf2e04000 ---p 00000000 00:00 0 
787bf2e04000-787bf2f00000 rw-p 00000000 00:00 0 
787bf2f00000-787bf2f04000 ---p 00000000 00:00 0 
787bf2f04000-787bf3000000 rw-p 00000000 00:00 0 
787bf3000000-787bf3004000 ---p 00000000 00:00 0 
787bf3004000-787bf3100000 rw-p 00000000 00:00 0 
787bf3100000-787bf3104000 ---p 00000000 00:00 0 
787bf3104000-787bf3200000 rw-p 00000000 00:00 0 
787bf3200000-787bf3204000 ---p 00000000 00:00 0 
787bf3204000-787bf3300000 rw-p 00000000 00:00 0 
787bf3300000-787bf3304000 ---p 00000000 00:00 0 
787bf3304000-787bf3400000 rw-p 00000000 00:00 0 
787bf3400000-787bf3404000 ---p 00000000 00:00 0 
787bf3404000-787bf3500000 rw-p 00000000 00:00 0 
787bf3500000-787bf3504000 ---p 00000000 00:00 0 
787bf3504000-787bf3600000 rw-p 00000000 00:00 0 
787bf3600000-787bf3604000 ---p 00000000 00:00 0 
787bf3604000-787bf3700000 rw-p 00000000 00:00 0 
787bf3700000-787bf3704000 ---p 00000000 00:00 0 
787bf3704000-787bf3800000 rw-p 00000000 00:00 0 
787bf3800000-787bf3804000 ---p 00000000 00:00 0 
787bf3804000-787bf3900000 rw-p 00000000 00:00 0 
787bf3900000-787bf3904000 ---p 00000000 00:00 0 
787bf3904000-787bf3a00000 rw-p 00000000 00:00 0 
787bf3a00000-787bf3a04000 ---p 00000000 00:00 0 
787bf3a04000-787bf3b00000 rw-p 00000000 00:00 0 
787bf3b00000-787bf3b04000 ---p 00000000 00:00 0 
787bf3b04000-787bf3c00000 rw-p 00000000 00:00 0 
787bf3c00000-787bf3c04000 ---p 00000000 00:00 0 
787bf3c04000-787bf3d00000 rw-p 00000000 00:00 0 
787bf3d00000-787bf3d04000 ---p 00000000 00:00 0 
787bf3d04000-787bf3e00000 rw-p 00000000 00:00 0 
787bf3e00000-787bf3e04000 ---p 00000000 00:00 0 
787bf3e04000-787bf3f00000 rw-p 00000000 00:00 0 
787bf3f00000-787bf3f04000 ---p 00000000 00:00 0 
787bf3f04000-787bf4000000 rw-p 00000000 00:00 0 
787bf4000000-787bf4004000 ---p 00000000 00:00 0 
787bf4004000-787bf4100000 rw-p 00000000 00:00 0 
787bf4100000-787bf4104000 ---p 00000000 00:00 0 
787bf4104000-787bf4200000 rw-p 00000000 00:00 0 
787bf4200000-787bf4204000 ---p 00000000 00:00 0 
787bf4204000-787bf4300000 rw-p 00000000 00:00 0 
787bf4300000-787bf4304000 ---p 00000000 00:00 0 
787bf4304000-787bf4400000 rw-p 00000000 00:00 0 
787bf4400000-787bf4404000 ---p 00000000 00:00 0 
787bf4404000-787bf4500000 rw-p 00000000 00:00 0 
787bf4500000-787bf4504000 ---p 00000000 00:00 0 
787bf4504000-787bf4600000 rw-p 00000000 00:00 0 
787bf4600000-787bf4604000 ---p 00000000 00:00 0 
787bf4604000-787bf4700000 rw-p 00000000 00:00 0 
787bf4700000-787bf4704000 ---p 00000000 00:00 0 
787bf4704000-787bf4800000 rw-p 00000000 00:00 0 
787bf4800000-787bf4804000 ---p 00000000 00:00 0 
787bf4804000-787bf4900000 rw-p 00000000 00:00 0 
787bf4900000-787bf4904000 ---p 00000000 00:00 0 
787bf4904000-787bf4a00000 rw-p 00000000 00:00 0 
787bf4a00000-787bf4a04000 ---p 00000000 00:00 0 
787bf4a04000-787bf4b00000 rw-p 00000000 00:00 0 
787bf4b00000-787bf4b04000 ---p 00000000 00:00 0 
787bf4b04000-787bf4c00000 rw-p 00000000 00:00 0 
787bf4c00000-787bf4c04000 ---p 00000000 00:00 0 
787bf4c04000-787bf4d00000 rw-p 00000000 00:00 0 
787bf4d00000-787bf4d04000 ---p 00000000 00:00 0 
787bf4d04000-787bf4e00000 rw-p 00000000 00:00 0 
787bf4e00000-787bf4e04000 ---p 00000000 00:00 0 
787bf4e04000-787bf4f00000 rw-p 00000000 00:00 0 
787bf4f00000-787bf4f04000 ---p 00000000 00:00 0 
787bf4f04000-787bf5000000 rw-p 00000000 00:00 0 
787bf5000000-787bf5004000 ---p 00000000 00:00 0 
787bf5004000-787bf5100000 rw-p 00000000 00:00 0 
787bf5100000-787bf5104000 ---p 00000000 00:00 0 
787bf5104000-787bf5200000 rw-p 00000000 00:00 0 
787bf5200000-787bf5204000 ---p 00000000 00:00 0 
787bf5204000-787bf5300000 rw-p 00000000 00:00 0 
787bf5300000-787bf5304000 ---p 00000000 00:00 0 
787bf5304000-787bf5400000 rw-p 00000000 00:00 0 
787bf5400000-787bf5404000 ---p 00000000 00:00 0 
787bf5404000-787bf5500000 rw-p 00000000 00:00 0 
787bf5500000-787bf5504000 ---p 00000000 00:00 0 
787bf5504000-787bf5600000 rw-p 00000000 00:00 0 
787bf5600000-787bf5604000 ---p 00000000 00:00 0 
787bf5604000-787bf5700000 rw-p 00000000 00:00 0 
787bf5700000-787bf5704000 ---p 00000000 00:00 0 
787bf5704000-787bf5800000 rw-p 00000000 00:00 0 
787bf5800000-787bf5804000 ---p 00000000 00:00 0 
787bf5804000-787bf5900000 rw-p 00000000 00:00 0 
787bf5900000-787bf5904000 ---p 00000000 00:00 0 
787bf5904000-787bf5a00000 rw-p 00000000 00:00 0 
787bf5a00000-787bf5a04000 ---p 00000000 00:00 0 
787bf5a04000-787bf5b00000 rw-p 00000000 00:00 0 
787bf5b00000-787bf5b04000 ---p 00000000 00:00 0 
787bf5b04000-787bf5c00000 rw-p 00000000 00:00 0 
787bf5c00000-787bf5c04000 ---p 00000000 00:00 0 
787bf5c04000-787bf5d00000 rw-p 00000000 00:00 0 
787bf5d00000-787bf5d04000 ---p 00000000 00:00 0 
787bf5d04000-787bf5e00000 rw-p 00000000 00:00 0 
787bf5e00000-787bf5e04000 ---p 00000000 00:00 0 
787bf5e04000-787bf5f00000 rw-p 00000000 00:00 0 
787bf5f00000-787bf5f04000 ---p 00000000 00:00 0 
787bf5f04000-787bf6000000 rw-p 00000000 00:00 0 
787bf6000000-787bf6004000 ---p 00000000 00:00 0 
787bf6004000-787bf6100000 rw-p 00000000 00:00 0 
787bf6100000-787bf6104000 ---p 00000000 00:00 0 
787bf6104000-787bf6200000 rw-p 00000000 00:00 0 
787bf6200000-787bf6204000 ---p 00000000 00:00 0 
787bf6204000-787bf6300000 rw-p 00000000 00:00 0 
787bf6300000-787bf6304000 ---p 00000000 00:00 0 
787bf6304000-787bf6400000 rw-p 00000000 00:00 0 
787bf6400000-787bf6404000 ---p 00000000 00:00 0 
787bf6404000-787bf6500000 rw-p 00000000 00:00 0 
787bf6500000-787bf6504000 ---p 00000000 00:00 0 
787bf6504000-787bf6600000 rw-p 00000000 00:00 0 
787bf6600000-787bf6604000 ---p 00000000 00:00 0 
787bf6604000-787bf6700000 rw-p 00000000 00:00 0 
787bf6700000-787bf6704000 ---p 00000000 00:00 0 
787bf6704000-787bf6800000 rw-p 00000000 00:00 0 
787bf6800000-787bf6804000 ---p 00000000 00:00 0 
787bf6804000-787bf6900000 rw-p 00000000 00:00 0 
787bf6900000-787bf6904000 ---p 00000000 00:00 0 
787bf6904000-787bf6a00000 rw-p 00000000 00:00 0 
787bf6a00000-787bf6a04000 ---p 00000000 00:00 0 
787bf6a04000-787bf6b00000 rw-p 00000000 00:00 0 
787bf6b00000-787bf6b04000 ---p 00000000 00:00 0 
787bf6b04000-787bf6c00000 rw-p 00000000 00:00 0 
787bf6c00000-787bf6c04000 ---p 00000000 00:00 0 
787bf6c04000-787bf6d00000 rw-p 00000000 00:00 0 
787bf6d00000-787bf6d04000 ---p 00000000 00:00 0 
787bf6d04000-787bf6e00000 rw-p 00000000 00:00 0 
787bf6e00000-787bf6e04000 ---p 00000000 00:00 0 
787bf6e04000-787bf6f00000 rw-p 00000000 00:00 0 
787bf6f00000-787bf6f04000 ---p 00000000 00:00 0 
787bf6f04000-787bf7000000 rw-p 00000000 00:00 0 
787bf7000000-787bf7004000 ---p 00000000 00:00 0 
787bf7004000-787bf7100000 rw-p 00000000 00:00 0 
787bf7100000-787bf7104000 ---p 00000000 00:00 0 
787bf7104000-787bf7200000 rw-p 00000000 00:00 0 
787bf7200000-787bf7204000 ---p 00000000 00:00 0 
787bf7204000-787bf7300000 rw-p 00000000 00:00 0 
787bf7300000-787bf7304000 ---p 00000000 00:00 0 
787bf7304000-787bf7400000 rw-p 00000000 00:00 0 
787bf7400000-787bf7404000 ---p 00000000 00:00 0 
787bf7404000-787bf7500000 rw-p 00000000 00:00 0 
787bf7500000-787bf7504000 ---p 00000000 00:00 0 
787bf7504000-787bf7600000 rw-p 00000000 00:00 0 
787bf7600000-787bf7604000 ---p 00000000 00:00 0 
787bf7604000-787bf7700000 rw-p 00000000 00:00 0 
787bf7700000-787bf7704000 ---p 00000000 00:00 0 
787bf7704000-787bf7800000 rw-p 00000000 00:00 0 
787bf7800000-787bf7804000 ---p 00000000 00:00 0 
787bf7804000-787bf7900000 rw-p 00000000 00:00 0 
787bf7900000-787bf7904000 ---p 00000000 00:00 0 
787bf7904000-787bf7a00000 rw-p 00000000 00:00 0 
787bf7a00000-787bf7a04000 ---p 00000000 00:00 0 
787bf7a04000-787bf7b00000 rw-p 00000000 00:00 0 
787bf7b00000-787bf7b04000 ---p 00000000 00:00 0 
787bf7b04000-787bf7c00000 rw-p 00000000 00:00 0 
787bf7c00000-787bf7c04000 ---p 00000000 00:00 0 
787bf7c04000-787bf7d00000 rw-p 00000000 00:00 0 
787bf7d00000-787bf7d04000 ---p 00000000 00:00 0 
787bf7d04000-787bf7e00000 rw-p 00000000 00:00 0 
787bf7e00000-787bf7e04000 ---p 00000000 00:00 0 
787bf7e04000-787bf7f00000 rw-p 00000000 00:00 0 
787bf7f00000-787bf7f04000 ---p 00000000 00:00 0 
787bf7f04000-787bf8000000 rw-p 00000000 00:00 0 
787bf8000000-787bf8021000 rw-p 00000000 00:00 0 
787bf8021000-787bfc000000 ---p 00000000 00:00 0 
787bfc000000-787bfc021000 rw-p 00000000 00:00 0 
787bfc021000-787c00000000 ---p 00000000 00:00 0 
787c00000000-787c00021000 rw-p 00000000 00:00 0 
787c00021000-787c04000000 ---p 00000000 00:00 0 
787c04000000-787c04021000 rw-p 00000000 00:00 0 
787c04021000-787c08000000 ---p 00000000 00:00 0 
787c08000000-787c08021000 rw-p 00000000 00:00 0 
787c08021000-787c0c000000 ---p 00000000 00:00 0 
787c0c000000-787c0c021000 rw-p 00000000 00:00 0 
787c0c021000-787c10000000 ---p 00000000 00:00 0 
787c10000000-787c10074000 rw-p 00000000 00:00 0 
787c10074000-787c14000000 ---p 00000000 00:00 0 
787c14000000-787c140b9000 rw-p 00000000 00:00 0 
787c140b9000-787c18000000 ---p 00000000 00:00 0 
787c18000000-787c19d00000 rw-p 00000000 00:00 0 
787c19d00000-787c19e00000 rw-p 00000000 00:00 0 
787c19e00000-787c1a740000 rw-p 00000000 00:00 0 
787c1a740000-787c1a900000 rw-p 00000000 00:00 0 
787c1a900000-787c1a970000 rw-p 00000000 00:00 0 
787c1a970000-787c1aa00000 ---p 00000000 00:00 0 
787c1aa00000-787c1ace0000 rw-p 00000000 00:00 0 
787c1ace0000-787c1c000000 ---p 00000000 00:00 0 
787c1c000000-787c1c0dc000 rw-p 00000000 00:00 0 
787c1c0dc000-787c20000000 ---p 00000000 00:00 0 
787c20000000-787c2008e000 rw-p 00000000 00:00 0 
787c2008e000-787c24000000 ---p 00000000 00:00 0 
787c24000000-787c2405b000 rw-p 00000000 00:00 0 
787c2405b000-787c28000000 ---p 00000000 00:00 0 
787c28000000-787c2803e000 rw-p 00000000 00:00 0 
787c2803e000-787c2c000000 ---p 00000000 00:00 0 
787c2c000000-787c2c035000 rw-p 00000000 00:00 0 
787c2c035000-787c30000000 ---p 00000000 00:00 0 
787c30000000-787c30095000 rw-p 00000000 00:00 0 
787c30095000-787c34000000 ---p 00000000 00:00 0 
787c34000000-787c34496000 rw-p 00000000 00:00 0 
787c34496000-787c38000000 ---p 00000000 00:00 0 
787c38000000-787c3806c000 rw-p 00000000 00:00 0 
787c3806c000-787c3c000000 ---p 00000000 00:00 0 
787c3c000000-787c3c070000 rw-p 00000000 00:00 0 
787c3c070000-787c40000000 ---p 00000000 00:00 0 
787c40000000-787c4027e000 rw-p 00000000 00:00 0 
787c4027e000-787c44000000 ---p 00000000 00:00 0 
787c44000000-787c4405d000 rw-p 00000000 00:00 0 
787c4405d000-787c48000000 ---p 00000000 00:00 0 
787c48000000-787c48025000 rw-p 00000000 00:00 0 
787c48025000-787c4c000000 ---p 00000000 00:00 0 
787c4c000000-787c4c021000 rw-p 00000000 00:00 0 
787c4c021000-787c50000000 ---p 00000000 00:00 0 
787c50000000-787c50021000 rw-p 00000000 00:00 0 
787c50021000-787c54000000 ---p 00000000 00:00 0 
787c54000000-787c54050000 rw-p 00000000 00:00 0 
787c54050000-787c58000000 ---p 00000000 00:00 0 
787c58000000-787c58028000 rw-p 00000000 00:00 0 
787c58028000-787c5c000000 ---p 00000000 00:00 0 
787c5c000000-787c5c028000 rw-p 00000000 00:00 0 
787c5c028000-787c60000000 ---p 00000000 00:00 0 
787c60000000-787c60050000 rw-p 00000000 00:00 0 
787c60050000-787c64000000 ---p 00000000 00:00 0 
787c64000000-787c6402a000 rw-p 00000000 00:00 0 
787c6402a000-787c68000000 ---p 00000000 00:00 0 
787c68000000-787c68025000 rw-p 00000000 00:00 0 
787c68025000-787c6c000000 ---p 00000000 00:00 0 
787c6c000000-787c6c02c000 rw-p 00000000 00:00 0 
787c6c02c000-787c70000000 ---p 00000000 00:00 0 
787c70000000-787c70027000 rw-p 00000000 00:00 0 
787c70027000-787c74000000 ---p 00000000 00:00 0 
787c74000000-787c74027000 rw-p 00000000 00:00 0 
787c74027000-787c78000000 ---p 00000000 00:00 0 
787c78000000-787c78026000 rw-p 00000000 00:00 0 
787c78026000-787c7c000000 ---p 00000000 00:00 0 
787c7c000000-787c7c043000 rw-p 00000000 00:00 0 
787c7c043000-787c80000000 ---p 00000000 00:00 0 
787c80000000-787c80021000 rw-p 00000000 00:00 0 
787c80021000-787c84000000 ---p 00000000 00:00 0 
787c84000000-787c84027000 rw-p 00000000 00:00 0 
787c84027000-787c88000000 ---p 00000000 00:00 0 
787c88000000-787c88021000 rw-p 00000000 00:00 0 
787c88021000-787c8c000000 ---p 00000000 00:00 0 
787c8c000000-787c8c043000 rw-p 00000000 00:00 0 
787c8c043000-787c90000000 ---p 00000000 00:00 0 
787c90000000-787c90023000 rw-p 00000000 00:00 0 
787c90023000-787c94000000 ---p 00000000 00:00 0 
787c940f8000-787c940fc000 ---p 00000000 00:00 0 
787c940fc000-787c941f8000 rw-p 00000000 00:00 0 
787c941f8000-787c941fc000 ---p 00000000 00:00 0 
787c941fc000-787c942f8000 rw-p 00000000 00:00 0 
787c942f8000-787c942fc000 ---p 00000000 00:00 0 
787c942fc000-787c943f8000 rw-p 00000000 00:00 0 
787c943f8000-787c943fc000 ---p 00000000 00:00 0 
787c943fc000-787c944f8000 rw-p 00000000 00:00 0 
787c944f8000-787c944fc000 ---p 00000000 00:00 0 
787c944fc000-787c945f8000 rw-p 00000000 00:00 0 
787c945f8000-787c945fc000 ---p 00000000 00:00 0 
787c945fc000-787c946f8000 rw-p 00000000 00:00 0 
787c946f8000-787c946fc000 ---p 00000000 00:00 0 
787c946fc000-787c947f8000 rw-p 00000000 00:00 0 
787c947f8000-787c947fc000 ---p 00000000 00:00 0 
787c947fc000-787c948f8000 rw-p 00000000 00:00 0 
787c948f8000-787c948fc000 ---p 00000000 00:00 0 
787c948fc000-787c949f8000 rw-p 00000000 00:00 0 
787c949f8000-787c949fc000 ---p 00000000 00:00 0 
787c949fc000-787c94af8000 rw-p 00000000 00:00 0 
787c94af8000-787c94afc000 ---p 00000000 00:00 0 
787c94afc000-787c94bf8000 rw-p 00000000 00:00 0 
787c94bf8000-787c94bfc000 ---p 00000000 00:00 0 
787c94bfc000-787c94cf8000 rw-p 00000000 00:00 0 
787c94cf8000-787c94cfc000 ---p 00000000 00:00 0 
787c94cfc000-787c94df8000 rw-p 00000000 00:00 0 
787c94df8000-787c94dfc000 ---p 00000000 00:00 0 
787c94dfc000-787c94ef8000 rw-p 00000000 00:00 0 
787c94ef8000-787c94efc000 ---p 00000000 00:00 0 
787c94efc000-787c94ff8000 rw-p 00000000 00:00 0 
787c94ff8000-787c94ffc000 ---p 00000000 00:00 0 
787c94ffc000-787c950f8000 rw-p 00000000 00:00 0 
787c950f8000-787c950fc000 ---p 00000000 00:00 0 
787c950fc000-787c951f8000 rw-p 00000000 00:00 0 
787c951f8000-787c951fc000 ---p 00000000 00:00 0 
787c951fc000-787c952f8000 rw-p 00000000 00:00 0 
787c952f8000-787c952fc000 ---p 00000000 00:00 0 
787c952fc000-787c95c00000 rw-p 00000000 00:00 0 
787c95c00000-787c95c04000 ---p 00000000 00:00 0 
787c95c04000-787c95d00000 rw-p 00000000 00:00 0 
787c95d00000-787c95d04000 ---p 00000000 00:00 0 
787c95d04000-787c95e00000 rw-p 00000000 00:00 0 
787c95e00000-787c95e04000 ---p 00000000 00:00 0 
787c95e04000-787c95f00000 rw-p 00000000 00:00 0 
787c95f00000-787c95f04000 ---p 00000000 00:00 0 
787c95f04000-787c96000000 rw-p 00000000 00:00 0 
787c96000000-787c96004000 ---p 00000000 00:00 0 
787c96004000-787c96100000 rw-p 00000000 00:00 0 
787c96100000-787c96104000 ---p 00000000 00:00 0 
787c96104000-787c96200000 rw-p 00000000 00:00 0 
787c96200000-787c96204000 ---p 00000000 00:00 0 
787c96204000-787c96300000 rw-p 00000000 00:00 0 
787c96300000-787c96304000 ---p 00000000 00:00 0 
787c96304000-787c96400000 rw-p 00000000 00:00 0 
787c96400000-787c96404000 ---p 00000000 00:00 0 
787c96404000-787c96500000 rw-p 00000000 00:00 0 
787c96500000-787c96504000 ---p 00000000 00:00 0 
787c96504000-787c96600000 rw-p 00000000 00:00 0 
787c96600000-787c96604000 ---p 00000000 00:00 0 
787c96604000-787c96700000 rw-p 00000000 00:00 0 
787c96700000-787c96704000 ---p 00000000 00:00 0 
787c96704000-787c96800000 rw-p 00000000 00:00 0 
787c96800000-787c96804000 ---p 00000000 00:00 0 
787c96804000-787c96900000 rw-p 00000000 00:00 0 
787c96900000-787c96904000 ---p 00000000 00:00 0 
787c96904000-787c96a00000 rw-p 00000000 00:00 0 
787c96a00000-787c96a04000 ---p 00000000 00:00 0 
787c96a04000-787c96b00000 rw-p 00000000 00:00 0 
787c96b00000-787c96b04000 ---p 00000000 00:00 0 
787c96b04000-787c96c00000 rw-p 00000000 00:00 0 
787c96c00000-787c96c04000 ---p 00000000 00:00 0 
787c96c04000-787c96d00000 rw-p 00000000 00:00 0 
787c96d00000-787c96d04000 ---p 00000000 00:00 0 
787c96d04000-787c96e00000 rw-p 00000000 00:00 0 
787c96e00000-787c96e04000 ---p 00000000 00:00 0 
787c96e04000-787c96f00000 rw-p 00000000 00:00 0 
787c96f00000-787c96f04000 ---p 00000000 00:00 0 
787c96f04000-787c97000000 rw-p 00000000 00:00 0 
787c97000000-787c97004000 ---p 00000000 00:00 0 
787c97004000-787c97100000 rw-p 00000000 00:00 0 
787c97100000-787c97104000 ---p 00000000 00:00 0 
787c97104000-787c97200000 rw-p 00000000 00:00 0 
787c97200000-787c97204000 ---p 00000000 00:00 0 
787c97204000-787c97300000 rw-p 00000000 00:00 0 
787c97300000-787c97304000 ---p 00000000 00:00 0 
787c97304000-787c97400000 rw-p 00000000 00:00 0 
787c97400000-787c97404000 ---p 00000000 00:00 0 
787c97404000-787c97500000 rw-p 00000000 00:00 0 
787c97500000-787c97504000 ---p 00000000 00:00 0 
787c97504000-787c97600000 rw-p 00000000 00:00 0 
787c97600000-787c97604000 ---p 00000000 00:00 0 
787c97604000-787c97700000 rw-p 00000000 00:00 0 
787c97700000-787c97704000 ---p 00000000 00:00 0 
787c97704000-787c97800000 rw-p 00000000 00:00 0 
787c97800000-787c97804000 ---p 00000000 00:00 0 
787c97804000-787c97900000 rw-p 00000000 00:00 0 
787c97900000-787c97904000 ---p 00000000 00:00 0 
787c97904000-787c97a00000 rw-p 00000000 00:00 0 
787c97a00000-787c97a04000 ---p 00000000 00:00 0 
787c97a04000-787c97b00000 rw-p 00000000 00:00 0 
787c97b00000-787c97b04000 ---p 00000000 00:00 0 
787c97b04000-787c97c00000 rw-p 00000000 00:00 0 
787c97c00000-787c97c04000 ---p 00000000 00:00 0 
787c97c04000-787c97d00000 rw-p 00000000 00:00 0 
787c97d00000-787c97d04000 ---p 00000000 00:00 0 
787c97d04000-787c97e00000 rw-p 00000000 00:00 0 
787c97e00000-787c97e04000 ---p 00000000 00:00 0 
787c97e04000-787c97f00000 rw-p 00000000 00:00 0 
787c97f00000-787c97f04000 ---p 00000000 00:00 0 
787c97f04000-787c98000000 rw-p 00000000 00:00 0 
787c98000000-787c9802e000 rw-p 00000000 00:00 0 
787c9802e000-787c9c000000 ---p 00000000 00:00 0 
787c9c000000-787c9c046000 rw-p 00000000 00:00 0 
787c9c046000-787ca0000000 ---p 00000000 00:00 0 
787ca0000000-787ca005a000 rw-p 00000000 00:00 0 
787ca005a000-787ca4000000 ---p 00000000 00:00 0 
787ca4000000-787ca4021000 rw-p 00000000 00:00 0 
787ca4021000-787ca8000000 ---p 00000000 00:00 0 
787ca8000000-787ca8021000 rw-p 00000000 00:00 0 
787ca8021000-787cac000000 ---p 00000000 00:00 0 
787cac000000-787cac021000 rw-p 00000000 00:00 0 
787cac021000-787cb0000000 ---p 00000000 00:00 0 
787cb0000000-787cb0021000 rw-p 00000000 00:00 0 
787cb0021000-787cb4000000 ---p 00000000 00:00 0 
787cb4000000-787cb4021000 rw-p 00000000 00:00 0 
787cb4021000-787cb8000000 ---p 00000000 00:00 0 
787cb8000000-787cb8021000 rw-p 00000000 00:00 0 
787cb8021000-787cbc000000 ---p 00000000 00:00 0 
787cbc000000-787cbc021000 rw-p 00000000 00:00 0 
787cbc021000-787cc0000000 ---p 00000000 00:00 0 
787cc0000000-787cc0021000 rw-p 00000000 00:00 0 
787cc0021000-787cc4000000 ---p 00000000 00:00 0 
787cc4000000-787cc4021000 rw-p 00000000 00:00 0 
787cc4021000-787cc8000000 ---p 00000000 00:00 0 
787cc8000000-787cc8021000 rw-p 00000000 00:00 0 
787cc8021000-787ccc000000 ---p 00000000 00:00 0 
787ccc000000-787ccc021000 rw-p 00000000 00:00 0 
787ccc021000-787cd0000000 ---p 00000000 00:00 0 
787cd0000000-787cd0021000 rw-p 00000000 00:00 0 
787cd0021000-787cd4000000 ---p 00000000 00:00 0 
787cd4000000-787cd4021000 rw-p 00000000 00:00 0 
787cd4021000-787cd8000000 ---p 00000000 00:00 0 
787cd8000000-787cd8021000 rw-p 00000000 00:00 0 
787cd8021000-787cdc000000 ---p 00000000 00:00 0 
787cdc000000-787cdc021000 rw-p 00000000 00:00 0 
787cdc021000-787ce0000000 ---p 00000000 00:00 0 
787ce0000000-787ce0021000 rw-p 00000000 00:00 0 
787ce0021000-787ce4000000 ---p 00000000 00:00 0 
787ce4000000-787ce4021000 rw-p 00000000 00:00 0 
787ce4021000-787ce8000000 ---p 00000000 00:00 0 
787ce8000000-787ce8022000 rw-p 00000000 00:00 0 
787ce8022000-787cec000000 ---p 00000000 00:00 0 
787cec000000-787cec021000 rw-p 00000000 00:00 0 
787cec021000-787cf0000000 ---p 00000000 00:00 0 
787cf0000000-787cf0021000 rw-p 00000000 00:00 0 
787cf0021000-787cf4000000 ---p 00000000 00:00 0 
787cf4000000-787cf4021000 rw-p 00000000 00:00 0 
787cf4021000-787cf8000000 ---p 00000000 00:00 0 
787cf8000000-787cfb28d000 rw-p 00000000 00:00 0 
787cfb28d000-787cfc000000 ---p 00000000 00:00 0 
787cfc000000-787cfc021000 rw-p 00000000 00:00 0 
787cfc021000-787d00000000 ---p 00000000 00:00 0 
787d00000000-787d0002a000 rw-p 00000000 00:00 0 
787d0002a000-787d04000000 ---p 00000000 00:00 0 
787d04000000-787d04021000 rw-p 00000000 00:00 0 
787d04021000-787d08000000 ---p 00000000 00:00 0 
787d08000000-787d08021000 rw-p 00000000 00:00 0 
787d08021000-787d0c000000 ---p 00000000 00:00 0 
787d0c000000-787d0c021000 rw-p 00000000 00:00 0 
787d0c021000-787d10000000 ---p 00000000 00:00 0 
787d10000000-787d10021000 rw-p 00000000 00:00 0 
787d10021000-787d14000000 ---p 00000000 00:00 0 
787d14000000-787d14054000 rw-p 00000000 00:00 0 
787d14054000-787d18000000 ---p 00000000 00:00 0 
787d18000000-787d18021000 rw-p 00000000 00:00 0 
787d18021000-787d1c000000 ---p 00000000 00:00 0 
787d1c000000-787d1c021000 rw-p 00000000 00:00 0 
787d1c021000-787d20000000 ---p 00000000 00:00 0 
787d20000000-787d20021000 rw-p 00000000 00:00 0 
787d20021000-787d24000000 ---p 00000000 00:00 0 
787d24000000-787d24021000 rw-p 00000000 00:00 0 
787d24021000-787d28000000 ---p 00000000 00:00 0 
787d28000000-787d2a1d7000 rw-p 00000000 00:00 0 
787d2a1d7000-787d2c000000 ---p 00000000 00:00 0 
787d2c000000-787d2c021000 rw-p 00000000 00:00 0 
787d2c021000-787d30000000 ---p 00000000 00:00 0 
787d30000000-787d30021000 rw-p 00000000 00:00 0 
787d30021000-787d34000000 ---p 00000000 00:00 0 
787d34000000-787d35d34000 rw-p 00000000 00:00 0 
787d35d34000-787d38000000 ---p 00000000 00:00 0 
787d38000000-787d38021000 rw-p 00000000 00:00 0 
787d38021000-787d3c000000 ---p 00000000 00:00 0 
787d3c000000-787d3c021000 rw-p 00000000 00:00 0 
787d3c021000-787d40000000 ---p 00000000 00:00 0 
787d40000000-787d40dde000 rw-p 00000000 00:00 0 
787d40dde000-787d44000000 ---p 00000000 00:00 0 
787d44000000-787d44071000 rw-p 00000000 00:00 0 
787d44071000-787d48000000 ---p 00000000 00:00 0 
787d48000000-787d48021000 rw-p 00000000 00:00 0 
787d48021000-787d4c000000 ---p 00000000 00:00 0 
787d4c000000-787d4db14000 rw-p 00000000 00:00 0 
787d4db14000-787d50000000 ---p 00000000 00:00 0 
787d50000000-787d50021000 rw-p 00000000 00:00 0 
787d50021000-787d54000000 ---p 00000000 00:00 0 
787d54000000-787d54021000 rw-p 00000000 00:00 0 
787d54021000-787d58000000 ---p 00000000 00:00 0 
787d58000000-787d58021000 rw-p 00000000 00:00 0 
787d58021000-787d5c000000 ---p 00000000 00:00 0 
787d5c000000-787d5c021000 rw-p 00000000 00:00 0 
787d5c021000-787d60000000 ---p 00000000 00:00 0 
787d60000000-787d60133000 rw-p 00000000 00:00 0 
787d60133000-787d64000000 ---p 00000000 00:00 0 
787d640fa000-787d640fe000 ---p 00000000 00:00 0 
787d640fe000-787d641fa000 rw-p 00000000 00:00 0 
787d641fa000-787d641fe000 ---p 00000000 00:00 0 
787d641fe000-787d642fa000 rw-p 00000000 00:00 0 
787d642fa000-787d642fe000 ---p 00000000 00:00 0 
787d642fe000-787d643fa000 rw-p 00000000 00:00 0 
787d643fa000-787d643fe000 ---p 00000000 00:00 0 
787d643fe000-787d644fa000 rw-p 00000000 00:00 0 
787d644fa000-787d644fe000 ---p 00000000 00:00 0 
787d644fe000-787d645fa000 rw-p 00000000 00:00 0 
787d645fa000-787d645fe000 ---p 00000000 00:00 0 
787d645fe000-787d646fa000 rw-p 00000000 00:00 0 
787d646fa000-787d646fe000 ---p 00000000 00:00 0 
787d646fe000-787d647fa000 rw-p 00000000 00:00 0 
787d647fa000-787d647fe000 ---p 00000000 00:00 0 
787d647fe000-787d648fa000 rw-p 00000000 00:00 0 
787d648fa000-787d648fe000 ---p 00000000 00:00 0 
787d648fe000-787d649fa000 rw-p 00000000 00:00 0 
787d649fa000-787d649fe000 ---p 00000000 00:00 0 
787d649fe000-787d64afa000 rw-p 00000000 00:00 0 
787d64afa000-787d64afe000 ---p 00000000 00:00 0 
787d64afe000-787d64bfa000 rw-p 00000000 00:00 0 
787d64bfa000-787d64bfe000 ---p 00000000 00:00 0 
787d64bfe000-787d64efc000 rw-p 00000000 00:00 0 
787d64efc000-787d64f00000 ---p 00000000 00:00 0 
787d64f00000-787d64ffc000 rw-p 00000000 00:00 0 
787d64ffc000-787d65000000 ---p 00000000 00:00 0 
787d65000000-787d650fc000 rw-p 00000000 00:00 0 
787d650fc000-787d65100000 ---p 00000000 00:00 0 
787d65100000-787d651fc000 rw-p 00000000 00:00 0 
787d651fc000-787d65200000 ---p 00000000 00:00 0 
787d65200000-787d652fc000 rw-p 00000000 00:00 0 
787d652fc000-787d65300000 ---p 00000000 00:00 0 
787d65300000-787d65800000 rw-p 00000000 00:00 0 
787d65800000-787d65804000 ---p 00000000 00:00 0 
787d65804000-787d65900000 rw-p 00000000 00:00 0 
787d65900000-787d65904000 ---p 00000000 00:00 0 
787d65904000-787d65a00000 rw-p 00000000 00:00 0 
787d65a00000-787d65a04000 ---p 00000000 00:00 0 
787d65a04000-787d65b00000 rw-p 00000000 00:00 0 
787d65b00000-787d65b04000 ---p 00000000 00:00 0 
787d65b04000-787d65c00000 rw-p 00000000 00:00 0 
787d65c00000-787d65c04000 ---p 00000000 00:00 0 
787d65c04000-787d65d00000 rw-p 00000000 00:00 0 
787d65d00000-787d65d04000 ---p 00000000 00:00 0 
787d65d04000-787d65e00000 rw-p 00000000 00:00 0 
787d65e00000-787d65e04000 ---p 00000000 00:00 0 
787d65e04000-787d65f00000 rw-p 00000000 00:00 0 
787d65f00000-787d65f04000 ---p 00000000 00:00 0 
787d65f04000-787d66000000 rw-p 00000000 00:00 0 
787d66000000-787d66004000 ---p 00000000 00:00 0 
787d66004000-787d66100000 rw-p 00000000 00:00 0 
787d66100000-787d66104000 ---p 00000000 00:00 0 
787d66104000-787d66200000 rw-p 00000000 00:00 0 
787d66200000-787d66205000 r-xp 00000000 103:04 3170445                   /home/costeer/.gradle/native/1def1411415f61bf3af743bc5b6707747c0891f09f0c88961ee8f79bc544acac/linux-amd64/libnative-platform.so
787d66205000-787d66405000 ---p 00005000 103:04 3170445                   /home/costeer/.gradle/native/1def1411415f61bf3af743bc5b6707747c0891f09f0c88961ee8f79bc544acac/linux-amd64/libnative-platform.so
787d66405000-787d66406000 r--p 00005000 103:04 3170445                   /home/costeer/.gradle/native/1def1411415f61bf3af743bc5b6707747c0891f09f0c88961ee8f79bc544acac/linux-amd64/libnative-platform.so
787d66406000-787d66407000 rw-p 00006000 103:04 3170445                   /home/costeer/.gradle/native/1def1411415f61bf3af743bc5b6707747c0891f09f0c88961ee8f79bc544acac/linux-amd64/libnative-platform.so
787d66469000-787d664a5000 r--p 00000000 103:04 3170491                   /home/costeer/.gradle/native/0.2.7/x86_64-linux-gnu/libgradle-fileevents.so
787d664a5000-787d664ed000 r-xp 0003b000 103:04 3170491                   /home/costeer/.gradle/native/0.2.7/x86_64-linux-gnu/libgradle-fileevents.so
787d664ed000-787d664f6000 r--p 00082000 103:04 3170491                   /home/costeer/.gradle/native/0.2.7/x86_64-linux-gnu/libgradle-fileevents.so
787d664f6000-787d664f7000 rw-p 0008a000 103:04 3170491                   /home/costeer/.gradle/native/0.2.7/x86_64-linux-gnu/libgradle-fileevents.so
787d664f7000-787d664fa000 rw-p 00000000 00:00 0 
787d664fa000-787d669ff000 rw-p 00000000 00:00 0 
787d669ff000-787d66a03000 ---p 00000000 00:00 0 
787d66a03000-787d66aff000 rw-p 00000000 00:00 0 
787d66aff000-787d66b03000 ---p 00000000 00:00 0 
787d66b03000-787d66d00000 rw-p 00000000 00:00 0 
787d66d00000-787d66d04000 ---p 00000000 00:00 0 
787d66d04000-787d66e00000 rw-p 00000000 00:00 0 
787d66e00000-787d66e04000 ---p 00000000 00:00 0 
787d66e04000-787d66f00000 rw-p 00000000 00:00 0 
787d66f00000-787d66f04000 ---p 00000000 00:00 0 
787d66f04000-787d67000000 rw-p 00000000 00:00 0 
787d67000000-787d67400000 rw-p 00000000 00:00 0 
787d67400000-787d677c0000 rw-p 00000000 00:00 0 
787d677c0000-787d67800000 rw-p 00000000 00:00 0 
787d67800000-787d67900000 rw-p 00000000 00:00 0 
787d67900000-787d67a00000 rw-p 00000000 00:00 0 
787d67a00000-787d68580000 rw-p 00000000 00:00 0 
787d68580000-787d68600000 rw-p 00000000 00:00 0 
787d68600000-787d68700000 rw-p 00000000 00:00 0 
787d68700000-787d68900000 rw-p 00000000 00:00 0 
787d68900000-787d68a00000 rw-p 00000000 00:00 0 
787d68a00000-787d69980000 rw-p 00000000 00:00 0 
787d69980000-787d69a00000 rw-p 00000000 00:00 0 
787d69a00000-787d69d00000 rw-p 00000000 00:00 0 
787d69d00000-787d69e00000 rw-p 00000000 00:00 0 
787d69e00000-787d6a560000 rw-p 00000000 00:00 0 
787d6a560000-787d6a580000 rw-p 00000000 00:00 0 
787d6a580000-787d6a900000 rw-p 00000000 00:00 0 
787d6a900000-787d6aa00000 rw-p 00000000 00:00 0 
787d6aa00000-787d6af00000 rw-p 00000000 00:00 0 
787d6af00000-787d6b000000 rw-p 00000000 00:00 0 
787d6b000000-787d6bbc7000 rw-p 00001000 103:04 12327881                  /nix/store/j5n2kxk19rgrrkb5z1w310sy7dkvlhgj-openjdk-headless-17.0.20.1+1/lib/openjdk/lib/server/classes.jsa
787d6bbc7000-787d6c000000 ---p 00000000 00:00 0 
787d6c000000-787d6c040000 rw-p 00000000 00:00 0 
787d6c040000-787d6c080000 rw-p 00000000 00:00 0 
787d6c080000-787d6c140000 rw-p 00000000 00:00 0 
787d6c140000-787d6c180000 rw-p 00000000 00:00 0 
787d6c180000-787d6c400000 rw-p 00000000 00:00 0 
787d6c400000-787d6c740000 rw-p 00000000 00:00 0 
787d6c740000-787d6c780000 rw-p 00000000 00:00 0 
787d6c780000-787d6c9c0000 rw-p 00000000 00:00 0 
787d6c9c0000-787d6ca00000 rw-p 00000000 00:00 0 
787d6ca00000-787d6cfc0000 rw-p 00000000 00:00 0 
787d6cfc0000-787d6cfe0000 rw-p 00000000 00:00 0 
787d6cfe0000-787d6d000000 ---p 00000000 00:00 0 
787d6d000000-787d6d2b0000 rw-p 00000000 00:00 0 
787d6d2b0000-787dac000000 ---p 00000000 00:00 0 
787dac000000-787dac08f000 rw-p 00000000 00:00 0 
787dac08f000-787db0000000 ---p 00000000 00:00 0 
787db0000000-787db0021000 rw-p 00000000 00:00 0 
787db0021000-787db4000000 ---p 00000000 00:00 0 
787db4000000-787db4021000 rw-p 00000000 00:00 0 
787db4021000-787db8000000 ---p 00000000 00:00 0 
787db8000000-787db8021000 rw-p 00000000 00:00 0 
787db8021000-787dbc000000 ---p 00000000 00:00 0 
787dbc000000-787dbc072000 rw-p 00000000 00:00 0 
787dbc072000-787dc0004000 ---p 00000000 00:00 0 
787dc0004000-787dc0100000 rw-p 00000000 00:00 0 
787dc0100000-787dc0104000 ---p 00000000 00:00 0 
787dc0104000-787dc0200000 rw-p 00000000 00:00 0 
787dc0200000-787dc0204000 ---p 00000000 00:00 0 
787dc0204000-787dc0300000 rw-p 00000000 00:00 0 
787dc0300000-787dc0304000 ---p 00000000 00:00 0 
787dc0304000-787dc0400000 rw-p 00000000 00:00 0 
787dc0400000-787dc0749000 r--p 00000000 103:04 12327329                  /nix/store/7n769af7d879jlfn8d3h43bk617fan72-glibc-locales-2.42-84/lib/locale/locale-archive
787dc07a2000-787dc07a6000 ---p 00000000 00:00 0 
787dc07a6000-787dc08a2000 rw-p 00000000 00:00 0 
787dc08a2000-787dc08a6000 ---p 00000000 00:00 0 
787dc08a6000-787dc09a2000 rw-p 00000000 00:00 0 
787dc09a2000-787dc09a6000 ---p 00000000 00:00 0 
787dc09a6000-787dc0ba3000 rw-p 00000000 00:00 0 
787dc0ba3000-787dc0ba8000 r--p 00000000 103:04 12327666                  /nix/store/j5n2kxk19rgrrkb5z1w310sy7dkvlhgj-openjdk-headless-17.0.20.1+1/lib/openjdk/lib/libjsvml.so
787dc0ba8000-787dc0be9000 r-xp 00005000 103:04 12327666                  /nix/store/j5n2kxk19rgrrkb5z1w310sy7dkvlhgj-openjdk-headless-17.0.20.1+1/lib/openjdk/lib/libjsvml.so
787dc0be9000-787dc0c72000 r--p 00046000 103:04 12327666                  /nix/store/j5n2kxk19rgrrkb5z1w310sy7dkvlhgj-openjdk-headless-17.0.20.1+1/lib/openjdk/lib/libjsvml.so
787dc0c72000-787dc0c73000 r--p 000ce000 103:04 12327666                  /nix/store/j5n2kxk19rgrrkb5z1w310sy7dkvlhgj-openjdk-headless-17.0.20.1+1/lib/openjdk/lib/libjsvml.so
787dc0c73000-787dc0c74000 rw-p 000cf000 103:04 12327666                  /nix/store/j5n2kxk19rgrrkb5z1w310sy7dkvlhgj-openjdk-headless-17.0.20.1+1/lib/openjdk/lib/libjsvml.so
787dc0c74000-787dc0cf5000 rw-p 00000000 00:00 0 
787dc0cf5000-787dc0ef7000 rw-p 00000000 00:00 0 
787dc0ef7000-787dc3800000 rw-p 00000000 00:00 0 
787dc3861000-787dc39fe000 rw-p 00000000 00:00 0 
787dc39fe000-787dc3c00000 rw-p 00000000 00:00 0 
787dc3c00000-787dc4700000 rw-p 00000000 00:00 0 
787dc4700000-787dc7bf0000 ---p 00000000 00:00 0 
787dc7bf0000-787dc8700000 rw-p 00000000 00:00 0 
787dc8700000-787dcbbf0000 ---p 00000000 00:00 0 
787dcbbf0000-787dcbd60000 rw-p 00000000 00:00 0 
787dcbd60000-787dcc3fe000 ---p 00000000 00:00 0 
787dcc3fe000-787dcc560000 rw-p 00000000 00:00 0 
787dcc560000-787dccbfe000 ---p 00000000 00:00 0 
787dccbfe000-787dccd60000 rw-p 00000000 00:00 0 
787dccd60000-787dcd3fe000 ---p 00000000 00:00 0 
787dcd3fe000-787dcd400000 rw-p 00000000 00:00 0 
787dcd400000-787dcf4f0000 rwxp 00000000 00:00 0 
787dcf4f0000-787dd4937000 ---p 00000000 00:00 0 
787dd4937000-787dd4bc7000 rwxp 00000000 00:00 0 
787dd4bc7000-787dd4ec9000 ---p 00000000 00:00 0 
787dd4ec9000-787dd5d09000 rwxp 00000000 00:00 0 
787dd5d09000-787ddc400000 ---p 00000000 00:00 0 
787ddc400000-787de3fec000 r--s 00000000 103:04 12327755                  /nix/store/j5n2kxk19rgrrkb5z1w310sy7dkvlhgj-openjdk-headless-17.0.20.1+1/lib/openjdk/lib/modules
787de4000000-787de5543000 rw-p 00000000 00:00 0 
787de5543000-787de8000000 ---p 00000000 00:00 0 
787de800a000-787de810b000 rw-p 00000000 00:00 0 
787de810b000-787de8b32000 rw-p 00000000 00:00 0 
787de8b32000-787de8c00000 ---p 00000000 00:00 0 
787de8c00000-787de8caa000 r--p 00000000 103:04 12977102                  /nix/store/3b7njvjfc2w5lhj1jklrsw4lq7nwypri-gcc-15.2.0-lib/lib/libstdc++.so.6.0.34
787de8caa000-787de8dde000 r-xp 000aa000 103:04 12977102                  /nix/store/3b7njvjfc2w5lhj1jklrsw4lq7nwypri-gcc-15.2.0-lib/lib/libstdc++.so.6.0.34
787de8dde000-787de8e6c000 r--p 001de000 103:04 12977102                  /nix/store/3b7njvjfc2w5lhj1jklrsw4lq7nwypri-gcc-15.2.0-lib/lib/libstdc++.so.6.0.34
787de8e6c000-787de8e7d000 r--p 0026b000 103:04 12977102                  /nix/store/3b7njvjfc2w5lhj1jklrsw4lq7nwypri-gcc-15.2.0-lib/lib/libstdc++.so.6.0.34
787de8e7d000-787de8e7e000 rw-p 0027c000 103:04 12977102                  /nix/store/3b7njvjfc2w5lhj1jklrsw4lq7nwypri-gcc-15.2.0-lib/lib/libstdc++.so.6.0.34
787de8e7e000-787de8e82000 rw-p 00000000 00:00 0 
787de8e8a000-787de8e8b000 r--p 00000000 103:04 12327640                  /nix/store/j5n2kxk19rgrrkb5z1w310sy7dkvlhgj-openjdk-headless-17.0.20.1+1/lib/openjdk/lib/libextnet.so
787de8e8b000-787de8e8c000 r-xp 00001000 103:04 12327640                  /nix/store/j5n2kxk19rgrrkb5z1w310sy7dkvlhgj-openjdk-headless-17.0.20.1+1/lib/openjdk/lib/libextnet.so
787de8e8c000-787de8e8d000 r--p 00002000 103:04 12327640                  /nix/store/j5n2kxk19rgrrkb5z1w310sy7dkvlhgj-openjdk-headless-17.0.20.1+1/lib/openjdk/lib/libextnet.so
787de8e8d000-787de8e8e000 r--p 00002000 103:04 12327640                  /nix/store/j5n2kxk19rgrrkb5z1w310sy7dkvlhgj-openjdk-headless-17.0.20.1+1/lib/openjdk/lib/libextnet.so
787de8e8e000-787de8e8f000 rw-p 00003000 103:04 12327640                  /nix/store/j5n2kxk19rgrrkb5z1w310sy7dkvlhgj-openjdk-headless-17.0.20.1+1/lib/openjdk/lib/libextnet.so
787de8e8f000-787de8e90000 rw-p 00005000 103:04 12327640                  /nix/store/j5n2kxk19rgrrkb5z1w310sy7dkvlhgj-openjdk-headless-17.0.20.1+1/lib/openjdk/lib/libextnet.so
787de8e90000-787de8f57000 rw-p 00000000 00:00 0 
787de8f57000-787de9000000 ---p 00000000 00:00 0 
787de9000000-787de9255000 r--p 00000000 103:04 12327897                  /nix/store/j5n2kxk19rgrrkb5z1w310sy7dkvlhgj-openjdk-headless-17.0.20.1+1/lib/openjdk/lib/server/libjvm.so
787de9255000-787dea04b000 r-xp 00255000 103:04 12327897                  /nix/store/j5n2kxk19rgrrkb5z1w310sy7dkvlhgj-openjdk-headless-17.0.20.1+1/lib/openjdk/lib/server/libjvm.so
787dea04b000-787dea2c7000 r--p 0104b000 103:04 12327897                  /nix/store/j5n2kxk19rgrrkb5z1w310sy7dkvlhgj-openjdk-headless-17.0.20.1+1/lib/openjdk/lib/server/libjvm.so
787dea2c7000-787dea381000 r--p 012c6000 103:04 12327897                  /nix/store/j5n2kxk19rgrrkb5z1w310sy7dkvlhgj-openjdk-headless-17.0.20.1+1/lib/openjdk/lib/server/libjvm.so
787dea381000-787dea3b6000 rw-p 01380000 103:04 12327897                  /nix/store/j5n2kxk19rgrrkb5z1w310sy7dkvlhgj-openjdk-headless-17.0.20.1+1/lib/openjdk/lib/server/libjvm.so
787dea3b6000-787dea411000 rw-p 00000000 00:00 0 
787dea411000-787dea414000 rw-p 01796000 103:04 12327897                  /nix/store/j5n2kxk19rgrrkb5z1w310sy7dkvlhgj-openjdk-headless-17.0.20.1+1/lib/openjdk/lib/server/libjvm.so
787dea417000-787dea419000 r--p 00000000 103:04 12327697                  /nix/store/j5n2kxk19rgrrkb5z1w310sy7dkvlhgj-openjdk-headless-17.0.20.1+1/lib/openjdk/lib/libmanagement_ext.so
787dea419000-787dea41c000 r-xp 00002000 103:04 12327697                  /nix/store/j5n2kxk19rgrrkb5z1w310sy7dkvlhgj-openjdk-headless-17.0.20.1+1/lib/openjdk/lib/libmanagement_ext.so
787dea41c000-787dea41e000 r--p 00005000 103:04 12327697                  /nix/store/j5n2kxk19rgrrkb5z1w310sy7dkvlhgj-openjdk-headless-17.0.20.1+1/lib/openjdk/lib/libmanagement_ext.so
787dea41e000-787dea41f000 r--p 00006000 103:04 12327697                  /nix/store/j5n2kxk19rgrrkb5z1w310sy7dkvlhgj-openjdk-headless-17.0.20.1+1/lib/openjdk/lib/libmanagement_ext.so
787dea41f000-787dea420000 rw-p 00007000 103:04 12327697                  /nix/store/j5n2kxk19rgrrkb5z1w310sy7dkvlhgj-openjdk-headless-17.0.20.1+1/lib/openjdk/lib/libmanagement_ext.so
787dea420000-787dea421000 rw-p 0000a000 103:04 12327697                  /nix/store/j5n2kxk19rgrrkb5z1w310sy7dkvlhgj-openjdk-headless-17.0.20.1+1/lib/openjdk/lib/libmanagement_ext.so
787dea421000-787dea424000 r--p 00000000 103:04 12327670                  /nix/store/j5n2kxk19rgrrkb5z1w310sy7dkvlhgj-openjdk-headless-17.0.20.1+1/lib/openjdk/lib/libmanagement.so
787dea424000-787dea425000 r-xp 00003000 103:04 12327670                  /nix/store/j5n2kxk19rgrrkb5z1w310sy7dkvlhgj-openjdk-headless-17.0.20.1+1/lib/openjdk/lib/libmanagement.so
787dea425000-787dea426000 r--p 00004000 103:04 12327670                  /nix/store/j5n2kxk19rgrrkb5z1w310sy7dkvlhgj-openjdk-headless-17.0.20.1+1/lib/openjdk/lib/libmanagement.so
787dea426000-787dea427000 r--p 00004000 103:04 12327670                  /nix/store/j5n2kxk19rgrrkb5z1w310sy7dkvlhgj-openjdk-headless-17.0.20.1+1/lib/openjdk/lib/libmanagement.so
787dea427000-787dea428000 rw-p 00005000 103:04 12327670                  /nix/store/j5n2kxk19rgrrkb5z1w310sy7dkvlhgj-openjdk-headless-17.0.20.1+1/lib/openjdk/lib/libmanagement.so
787dea428000-787dea42a000 rw-p 00008000 103:04 12327670                  /nix/store/j5n2kxk19rgrrkb5z1w310sy7dkvlhgj-openjdk-headless-17.0.20.1+1/lib/openjdk/lib/libmanagement.so
787dea42a000-787dea42f000 r--p 00000000 103:04 12327737                  /nix/store/j5n2kxk19rgrrkb5z1w310sy7dkvlhgj-openjdk-headless-17.0.20.1+1/lib/openjdk/lib/libverify.so
787dea42f000-787dea437000 r-xp 00005000 103:04 12327737                  /nix/store/j5n2kxk19rgrrkb5z1w310sy7dkvlhgj-openjdk-headless-17.0.20.1+1/lib/openjdk/lib/libverify.so
787dea437000-787dea439000 r--p 0000d000 103:04 12327737                  /nix/store/j5n2kxk19rgrrkb5z1w310sy7dkvlhgj-openjdk-headless-17.0.20.1+1/lib/openjdk/lib/libverify.so
787dea439000-787dea43b000 r--p 0000e000 103:04 12327737                  /nix/store/j5n2kxk19rgrrkb5z1w310sy7dkvlhgj-openjdk-headless-17.0.20.1+1/lib/openjdk/lib/libverify.so
787dea43b000-787dea43c000 rw-p 00010000 103:04 12327737                  /nix/store/j5n2kxk19rgrrkb5z1w310sy7dkvlhgj-openjdk-headless-17.0.20.1+1/lib/openjdk/lib/libverify.so
787dea43c000-787dea43d000 rw-p 00012000 103:04 12327737                  /nix/store/j5n2kxk19rgrrkb5z1w310sy7dkvlhgj-openjdk-headless-17.0.20.1+1/lib/openjdk/lib/libverify.so
787dea43d000-787dea441000 r--p 00000000 103:04 12327702                  /nix/store/j5n2kxk19rgrrkb5z1w310sy7dkvlhgj-openjdk-headless-17.0.20.1+1/lib/openjdk/lib/libnet.so
787dea441000-787dea450000 r-xp 00004000 103:04 12327702                  /nix/store/j5n2kxk19rgrrkb5z1w310sy7dkvlhgj-openjdk-headless-17.0.20.1+1/lib/openjdk/lib/libnet.so
787dea450000-787dea454000 r--p 00013000 103:04 12327702                  /nix/store/j5n2kxk19rgrrkb5z1w310sy7dkvlhgj-openjdk-headless-17.0.20.1+1/lib/openjdk/lib/libnet.so
787dea454000-787dea455000 r--p 00016000 103:04 12327702                  /nix/store/j5n2kxk19rgrrkb5z1w310sy7dkvlhgj-openjdk-headless-17.0.20.1+1/lib/openjdk/lib/libnet.so
787dea455000-787dea456000 rw-p 00017000 103:04 12327702                  /nix/store/j5n2kxk19rgrrkb5z1w310sy7dkvlhgj-openjdk-headless-17.0.20.1+1/lib/openjdk/lib/libnet.so
787dea456000-787dea458000 rw-p 0001c000 103:04 12327702                  /nix/store/j5n2kxk19rgrrkb5z1w310sy7dkvlhgj-openjdk-headless-17.0.20.1+1/lib/openjdk/lib/libnet.so
787dea458000-787dea460000 r--p 00000000 103:04 12327706                  /nix/store/j5n2kxk19rgrrkb5z1w310sy7dkvlhgj-openjdk-headless-17.0.20.1+1/lib/openjdk/lib/libnio.so
787dea460000-787dea469000 r-xp 00008000 103:04 12327706                  /nix/store/j5n2kxk19rgrrkb5z1w310sy7dkvlhgj-openjdk-headless-17.0.20.1+1/lib/openjdk/lib/libnio.so
787dea469000-787dea46d000 r--p 00011000 103:04 12327706                  /nix/store/j5n2kxk19rgrrkb5z1w310sy7dkvlhgj-openjdk-headless-17.0.20.1+1/lib/openjdk/lib/libnio.so
787dea46d000-787dea46e000 r--p 00015000 103:04 12327706                  /nix/store/j5n2kxk19rgrrkb5z1w310sy7dkvlhgj-openjdk-headless-17.0.20.1+1/lib/openjdk/lib/libnio.so
787dea46e000-787dea46f000 rw-p 00016000 103:04 12327706                  /nix/store/j5n2kxk19rgrrkb5z1w310sy7dkvlhgj-openjdk-headless-17.0.20.1+1/lib/openjdk/lib/libnio.so
787dea46f000-787dea473000 rw-p 0001c000 103:04 12327706                  /nix/store/j5n2kxk19rgrrkb5z1w310sy7dkvlhgj-openjdk-headless-17.0.20.1+1/lib/openjdk/lib/libnio.so
787dea473000-787dea476000 r--p 00000000 103:04 12327749                  /nix/store/j5n2kxk19rgrrkb5z1w310sy7dkvlhgj-openjdk-headless-17.0.20.1+1/lib/openjdk/lib/libzip.so
787dea476000-787dea47b000 r-xp 00003000 103:04 12327749                  /nix/store/j5n2kxk19rgrrkb5z1w310sy7dkvlhgj-openjdk-headless-17.0.20.1+1/lib/openjdk/lib/libzip.so
787dea47b000-787dea47d000 r--p 00008000 103:04 12327749                  /nix/store/j5n2kxk19rgrrkb5z1w310sy7dkvlhgj-openjdk-headless-17.0.20.1+1/lib/openjdk/lib/libzip.so
787dea47d000-787dea47e000 r--p 00009000 103:04 12327749                  /nix/store/j5n2kxk19rgrrkb5z1w310sy7dkvlhgj-openjdk-headless-17.0.20.1+1/lib/openjdk/lib/libzip.so
787dea47e000-787dea47f000 rw-p 0000a000 103:04 12327749                  /nix/store/j5n2kxk19rgrrkb5z1w310sy7dkvlhgj-openjdk-headless-17.0.20.1+1/lib/openjdk/lib/libzip.so
787dea47f000-787dea480000 rw-p 0000d000 103:04 12327749                  /nix/store/j5n2kxk19rgrrkb5z1w310sy7dkvlhgj-openjdk-headless-17.0.20.1+1/lib/openjdk/lib/libzip.so
787dea480000-787dea486000 rw-p 00000000 00:00 0 
787dea486000-787dea48c000 ---p 00000000 00:00 0 
787dea48c000-787dea494000 rw-s 00000000 103:04 3155844                   /tmp/hsperfdata_costeer/431514
787dea494000-787dea4a2000 r--p 00000000 103:04 12327654                  /nix/store/j5n2kxk19rgrrkb5z1w310sy7dkvlhgj-openjdk-headless-17.0.20.1+1/lib/openjdk/lib/libjava.so
787dea4a2000-787dea4b5000 r-xp 0000e000 103:04 12327654                  /nix/store/j5n2kxk19rgrrkb5z1w310sy7dkvlhgj-openjdk-headless-17.0.20.1+1/lib/openjdk/lib/libjava.so
787dea4b5000-787dea4bb000 r--p 00021000 103:04 12327654                  /nix/store/j5n2kxk19rgrrkb5z1w310sy7dkvlhgj-openjdk-headless-17.0.20.1+1/lib/openjdk/lib/libjava.so
787dea4bb000-787dea4bc000 r--p 00027000 103:04 12327654                  /nix/store/j5n2kxk19rgrrkb5z1w310sy7dkvlhgj-openjdk-headless-17.0.20.1+1/lib/openjdk/lib/libjava.so
787dea4bc000-787dea4bd000 rw-p 00028000 103:04 12327654                  /nix/store/j5n2kxk19rgrrkb5z1w310sy7dkvlhgj-openjdk-headless-17.0.20.1+1/lib/openjdk/lib/libjava.so
787dea4bd000-787dea4be000 rw-p 00000000 00:00 0 
787dea4be000-787dea4c4000 rw-p 00033000 103:04 12327654                  /nix/store/j5n2kxk19rgrrkb5z1w310sy7dkvlhgj-openjdk-headless-17.0.20.1+1/lib/openjdk/lib/libjava.so
787dea4c4000-787dea4c6000 r--p 00000000 103:04 12327643                  /nix/store/j5n2kxk19rgrrkb5z1w310sy7dkvlhgj-openjdk-headless-17.0.20.1+1/lib/openjdk/lib/libinstrument.so
787dea4c6000-787dea4cd000 r-xp 00002000 103:04 12327643                  /nix/store/j5n2kxk19rgrrkb5z1w310sy7dkvlhgj-openjdk-headless-17.0.20.1+1/lib/openjdk/lib/libinstrument.so
787dea4cd000-787dea4d0000 r--p 00009000 103:04 12327643                  /nix/store/j5n2kxk19rgrrkb5z1w310sy7dkvlhgj-openjdk-headless-17.0.20.1+1/lib/openjdk/lib/libinstrument.so
787dea4d0000-787dea4d1000 r--p 0000b000 103:04 12327643                  /nix/store/j5n2kxk19rgrrkb5z1w310sy7dkvlhgj-openjdk-headless-17.0.20.1+1/lib/openjdk/lib/libinstrument.so
787dea4d1000-787dea4d2000 rw-p 0000c000 103:04 12327643                  /nix/store/j5n2kxk19rgrrkb5z1w310sy7dkvlhgj-openjdk-headless-17.0.20.1+1/lib/openjdk/lib/libinstrument.so
787dea4d2000-787dea4d3000 rw-p 0000f000 103:04 12327643                  /nix/store/j5n2kxk19rgrrkb5z1w310sy7dkvlhgj-openjdk-headless-17.0.20.1+1/lib/openjdk/lib/libinstrument.so
787dea4d3000-787dea4d7000 ---p 00000000 00:00 0 
787dea4d7000-787dea5d3000 rw-p 00000000 00:00 0 
787dea5d3000-787dea5d7000 r--p 00000000 103:04 12846417                  /nix/store/yf2c1gngi2dqvgni1rgvnixxc0d8di02-gcc-15.2.0-libgcc/lib/libgcc_s.so.1
787dea5d7000-787dea5fa000 r-xp 00004000 103:04 12846417                  /nix/store/yf2c1gngi2dqvgni1rgvnixxc0d8di02-gcc-15.2.0-libgcc/lib/libgcc_s.so.1
787dea5fa000-787dea5fe000 r--p 00027000 103:04 12846417                  /nix/store/yf2c1gngi2dqvgni1rgvnixxc0d8di02-gcc-15.2.0-libgcc/lib/libgcc_s.so.1
787dea5fe000-787dea5ff000 r--p 0002b000 103:04 12846417                  /nix/store/yf2c1gngi2dqvgni1rgvnixxc0d8di02-gcc-15.2.0-libgcc/lib/libgcc_s.so.1
787dea5ff000-787dea600000 rw-p 0002c000 103:04 12846417                  /nix/store/yf2c1gngi2dqvgni1rgvnixxc0d8di02-gcc-15.2.0-libgcc/lib/libgcc_s.so.1
787dea600000-787dea628000 r--p 00000000 103:04 11946579                  /nix/store/rkiwrqh8g6gs5rws4bf1s3mrdcs15gm9-glibc-2.42-84/lib/libc.so.6
787dea628000-787dea7a9000 r-xp 00028000 103:04 11946579                  /nix/store/rkiwrqh8g6gs5rws4bf1s3mrdcs15gm9-glibc-2.42-84/lib/libc.so.6
787dea7a9000-787dea7f8000 r--p 001a9000 103:04 11946579                  /nix/store/rkiwrqh8g6gs5rws4bf1s3mrdcs15gm9-glibc-2.42-84/lib/libc.so.6
787dea7f8000-787dea7fc000 r--p 001f7000 103:04 11946579                  /nix/store/rkiwrqh8g6gs5rws4bf1s3mrdcs15gm9-glibc-2.42-84/lib/libc.so.6
787dea7fc000-787dea7fe000 rw-p 001fb000 103:04 11946579                  /nix/store/rkiwrqh8g6gs5rws4bf1s3mrdcs15gm9-glibc-2.42-84/lib/libc.so.6
787dea7fe000-787dea80b000 rw-p 00000000 00:00 0 
787dea80f000-787dea810000 ---p 00000000 00:00 0 
787dea810000-787dea811000 r--p 00000000 00:00 0 
787dea811000-787dea822000 r--p 00000000 103:04 11946591                  /nix/store/rkiwrqh8g6gs5rws4bf1s3mrdcs15gm9-glibc-2.42-84/lib/libm.so.6
787dea822000-787dea8a7000 r-xp 00011000 103:04 11946591                  /nix/store/rkiwrqh8g6gs5rws4bf1s3mrdcs15gm9-glibc-2.42-84/lib/libm.so.6
787dea8a7000-787dea907000 r--p 00096000 103:04 11946591                  /nix/store/rkiwrqh8g6gs5rws4bf1s3mrdcs15gm9-glibc-2.42-84/lib/libm.so.6
787dea907000-787dea908000 r--p 000f5000 103:04 11946591                  /nix/store/rkiwrqh8g6gs5rws4bf1s3mrdcs15gm9-glibc-2.42-84/lib/libm.so.6
787dea908000-787dea909000 rw-p 000f6000 103:04 11946591                  /nix/store/rkiwrqh8g6gs5rws4bf1s3mrdcs15gm9-glibc-2.42-84/lib/libm.so.6
787dea909000-787dea90a000 r--p 00000000 103:04 11946614                  /nix/store/rkiwrqh8g6gs5rws4bf1s3mrdcs15gm9-glibc-2.42-84/lib/librt.so.1
787dea90a000-787dea90b000 r-xp 00001000 103:04 11946614                  /nix/store/rkiwrqh8g6gs5rws4bf1s3mrdcs15gm9-glibc-2.42-84/lib/librt.so.1
787dea90b000-787dea90c000 r--p 00002000 103:04 11946614                  /nix/store/rkiwrqh8g6gs5rws4bf1s3mrdcs15gm9-glibc-2.42-84/lib/librt.so.1
787dea90c000-787dea90d000 r--p 00002000 103:04 11946614                  /nix/store/rkiwrqh8g6gs5rws4bf1s3mrdcs15gm9-glibc-2.42-84/lib/librt.so.1
787dea90d000-787dea90e000 rw-p 00003000 103:04 11946614                  /nix/store/rkiwrqh8g6gs5rws4bf1s3mrdcs15gm9-glibc-2.42-84/lib/librt.so.1
787dea90e000-787dea913000 rw-p 00000000 00:00 0 
787dea913000-787dea914000 r--p 00000000 103:04 11946589                  /nix/store/rkiwrqh8g6gs5rws4bf1s3mrdcs15gm9-glibc-2.42-84/lib/libdl.so.2
787dea914000-787dea915000 r-xp 00001000 103:04 11946589                  /nix/store/rkiwrqh8g6gs5rws4bf1s3mrdcs15gm9-glibc-2.42-84/lib/libdl.so.2
787dea915000-787dea916000 r--p 00002000 103:04 11946589                  /nix/store/rkiwrqh8g6gs5rws4bf1s3mrdcs15gm9-glibc-2.42-84/lib/libdl.so.2
787dea916000-787dea917000 r--p 00002000 103:04 11946589                  /nix/store/rkiwrqh8g6gs5rws4bf1s3mrdcs15gm9-glibc-2.42-84/lib/libdl.so.2
787dea917000-787dea918000 rw-p 00003000 103:04 11946589                  /nix/store/rkiwrqh8g6gs5rws4bf1s3mrdcs15gm9-glibc-2.42-84/lib/libdl.so.2
787dea918000-787dea919000 r--p 00000000 103:04 11946607                  /nix/store/rkiwrqh8g6gs5rws4bf1s3mrdcs15gm9-glibc-2.42-84/lib/libpthread.so.0
787dea919000-787dea91a000 r-xp 00001000 103:04 11946607                  /nix/store/rkiwrqh8g6gs5rws4bf1s3mrdcs15gm9-glibc-2.42-84/lib/libpthread.so.0
787dea91a000-787dea91b000 r--p 00002000 103:04 11946607                  /nix/store/rkiwrqh8g6gs5rws4bf1s3mrdcs15gm9-glibc-2.42-84/lib/libpthread.so.0
787dea91b000-787dea91c000 r--p 00002000 103:04 11946607                  /nix/store/rkiwrqh8g6gs5rws4bf1s3mrdcs15gm9-glibc-2.42-84/lib/libpthread.so.0
787dea91c000-787dea91d000 rw-p 00003000 103:04 11946607                  /nix/store/rkiwrqh8g6gs5rws4bf1s3mrdcs15gm9-glibc-2.42-84/lib/libpthread.so.0
787dea91d000-787dea91e000 ---p 00000000 00:00 0 
787dea91e000-787dea920000 r--p 00000000 103:04 12327661                  /nix/store/j5n2kxk19rgrrkb5z1w310sy7dkvlhgj-openjdk-headless-17.0.20.1+1/lib/openjdk/lib/libjimage.so
787dea920000-787dea923000 r-xp 00002000 103:04 12327661                  /nix/store/j5n2kxk19rgrrkb5z1w310sy7dkvlhgj-openjdk-headless-17.0.20.1+1/lib/openjdk/lib/libjimage.so
787dea923000-787dea924000 r--p 00005000 103:04 12327661                  /nix/store/j5n2kxk19rgrrkb5z1w310sy7dkvlhgj-openjdk-headless-17.0.20.1+1/lib/openjdk/lib/libjimage.so
787dea924000-787dea925000 r--p 00006000 103:04 12327661                  /nix/store/j5n2kxk19rgrrkb5z1w310sy7dkvlhgj-openjdk-headless-17.0.20.1+1/lib/openjdk/lib/libjimage.so
787dea925000-787dea926000 rw-p 00007000 103:04 12327661                  /nix/store/j5n2kxk19rgrrkb5z1w310sy7dkvlhgj-openjdk-headless-17.0.20.1+1/lib/openjdk/lib/libjimage.so
787dea926000-787dea927000 rw-p 0000a000 103:04 12327661                  /nix/store/j5n2kxk19rgrrkb5z1w310sy7dkvlhgj-openjdk-headless-17.0.20.1+1/lib/openjdk/lib/libjimage.so
787dea927000-787dea92a000 r--p 00000000 103:04 12327663                  /nix/store/j5n2kxk19rgrrkb5z1w310sy7dkvlhgj-openjdk-headless-17.0.20.1+1/lib/openjdk/lib/libjli.so
787dea92a000-787dea934000 r-xp 00003000 103:04 12327663                  /nix/store/j5n2kxk19rgrrkb5z1w310sy7dkvlhgj-openjdk-headless-17.0.20.1+1/lib/openjdk/lib/libjli.so
787dea934000-787dea937000 r--p 0000d000 103:04 12327663                  /nix/store/j5n2kxk19rgrrkb5z1w310sy7dkvlhgj-openjdk-headless-17.0.20.1+1/lib/openjdk/lib/libjli.so
787dea937000-787dea938000 r--p 00010000 103:04 12327663                  /nix/store/j5n2kxk19rgrrkb5z1w310sy7dkvlhgj-openjdk-headless-17.0.20.1+1/lib/openjdk/lib/libjli.so
787dea938000-787dea939000 rw-p 00011000 103:04 12327663                  /nix/store/j5n2kxk19rgrrkb5z1w310sy7dkvlhgj-openjdk-headless-17.0.20.1+1/lib/openjdk/lib/libjli.so
787dea939000-787dea93c000 r--p 00000000 103:04 12976823                  /nix/store/yq335q9gkpbpm9z7vzfcfngydldpj6q4-zlib-1.3.2/lib/libz.so.1.3.2
787dea93c000-787dea950000 r-xp 00003000 103:04 12976823                  /nix/store/yq335q9gkpbpm9z7vzfcfngydldpj6q4-zlib-1.3.2/lib/libz.so.1.3.2
787dea950000-787dea956000 r--p 00017000 103:04 12976823                  /nix/store/yq335q9gkpbpm9z7vzfcfngydldpj6q4-zlib-1.3.2/lib/libz.so.1.3.2
787dea956000-787dea957000 r--p 0001c000 103:04 12976823                  /nix/store/yq335q9gkpbpm9z7vzfcfngydldpj6q4-zlib-1.3.2/lib/libz.so.1.3.2
787dea957000-787dea958000 rw-p 0001d000 103:04 12976823                  /nix/store/yq335q9gkpbpm9z7vzfcfngydldpj6q4-zlib-1.3.2/lib/libz.so.1.3.2
787dea958000-787dea95a000 rw-p 00000000 00:00 0 
787dea95a000-787dea95e000 r--p 00000000 00:00 0                          [vvar]
787dea95e000-787dea960000 r--p 00000000 00:00 0                          [vvar_vclock]
787dea960000-787dea962000 r-xp 00000000 00:00 0                          [vdso]
787dea962000-787dea963000 r--p 00000000 103:04 11946571                  /nix/store/rkiwrqh8g6gs5rws4bf1s3mrdcs15gm9-glibc-2.42-84/lib/ld-linux-x86-64.so.2
787dea963000-787dea98e000 r-xp 00001000 103:04 11946571                  /nix/store/rkiwrqh8g6gs5rws4bf1s3mrdcs15gm9-glibc-2.42-84/lib/ld-linux-x86-64.so.2
787dea98e000-787dea999000 r--p 0002c000 103:04 11946571                  /nix/store/rkiwrqh8g6gs5rws4bf1s3mrdcs15gm9-glibc-2.42-84/lib/ld-linux-x86-64.so.2
787dea999000-787dea99b000 r--p 00037000 103:04 11946571                  /nix/store/rkiwrqh8g6gs5rws4bf1s3mrdcs15gm9-glibc-2.42-84/lib/ld-linux-x86-64.so.2
787dea99b000-787dea99c000 rw-p 00039000 103:04 11946571                  /nix/store/rkiwrqh8g6gs5rws4bf1s3mrdcs15gm9-glibc-2.42-84/lib/ld-linux-x86-64.so.2
787dea99c000-787dea99d000 rw-p 00000000 00:00 0 
7ffcef6c7000-7ffcef6eb000 rw-p 00000000 00:00 0                          [stack]
ffffffffff600000-ffffffffff601000 --xp 00000000 00:00 0                  [vsyscall]


VM Arguments:
jvm_args: --add-opens=java.base/java.lang=ALL-UNNAMED --add-opens=java.base/java.lang.invoke=ALL-UNNAMED --add-opens=java.base/java.util=ALL-UNNAMED --add-opens=java.prefs/java.util.prefs=ALL-UNNAMED --add-exports=jdk.compiler/com.sun.tools.javac.api=ALL-UNNAMED --add-exports=jdk.compiler/com.sun.tools.javac.util=ALL-UNNAMED --add-opens=java.base/java.util=ALL-UNNAMED --add-opens=java.prefs/java.util.prefs=ALL-UNNAMED --add-opens=java.base/java.nio.charset=ALL-UNNAMED --add-opens=java.base/java.net=ALL-UNNAMED --add-opens=java.base/java.util.concurrent.atomic=ALL-UNNAMED --add-opens=java.xml/javax.xml.namespace=ALL-UNNAMED -Xmx4g -Dfile.encoding=UTF-8 -Duser.country -Duser.language=en -Duser.variant -javaagent:/home/costeer/.gradle/wrapper/dists/gradle-8.13-bin/5xuhj0ry160q40clulazy9h7d/gradle-8.13/lib/agents/gradle-instrumentation-agent-8.13.jar 
java_command: org.gradle.launcher.daemon.bootstrap.GradleDaemon 8.13
java_class_path (initial): /home/costeer/.gradle/wrapper/dists/gradle-8.13-bin/5xuhj0ry160q40clulazy9h7d/gradle-8.13/lib/gradle-daemon-main-8.13.jar
Launcher Type: SUN_STANDARD

[Global flags]
     intx CICompilerCount                          = 4                                         {product} {ergonomic}
     uint ConcGCThreads                            = 3                                         {product} {ergonomic}
     uint G1ConcRefinementThreads                  = 10                                        {product} {ergonomic}
   size_t G1HeapRegionSize                         = 2097152                                   {product} {ergonomic}
    uintx GCDrainStackTargetSize                   = 64                                        {product} {ergonomic}
   size_t InitialHeapSize                          = 262144000                                 {product} {ergonomic}
   size_t MarkStackSize                            = 4194304                                   {product} {ergonomic}
   size_t MaxHeapSize                              = 4294967296                                {product} {command line}
   size_t MaxNewSize                               = 2575302656                                {product} {ergonomic}
   size_t MinHeapDeltaBytes                        = 2097152                                   {product} {ergonomic}
   size_t MinHeapSize                              = 8388608                                   {product} {ergonomic}
    uintx NonNMethodCodeHeapSize                   = 5839372                                {pd product} {ergonomic}
    uintx NonProfiledCodeHeapSize                  = 122909434                              {pd product} {ergonomic}
    uintx ProfiledCodeHeapSize                     = 122909434                              {pd product} {ergonomic}
    uintx ReservedCodeCacheSize                    = 251658240                              {pd product} {ergonomic}
     bool SegmentedCodeCache                       = true                                      {product} {ergonomic}
   size_t SoftMaxHeapSize                          = 4294967296                             {manageable} {ergonomic}
     bool UseCompressedClassPointers               = true                           {product lp64_product} {ergonomic}
     bool UseCompressedOops                        = true                           {product lp64_product} {ergonomic}
     bool UseG1GC                                  = true                                      {product} {ergonomic}

Logging:
Log output configuration:
 #0: stdout all=warning uptime,level,tags
 #1: stderr all=off uptime,level,tags

Environment Variables:
JAVA_HOME=/nix/store/j5n2kxk19rgrrkb5z1w310sy7dkvlhgj-openjdk-headless-17.0.20.1+1/lib/openjdk
PATH=/nix/store/j5n2kxk19rgrrkb5z1w310sy7dkvlhgj-openjdk-headless-17.0.20.1+1/lib/openjdk/bin:/home/costeer/.cache/quicklauncher-android-sdk/platform-tools:/home/costeer/.local/bin:/home/costeer/bin:/home/costeer/.cargo/bin:/home/costeer/.nix-profile/bin:/home/costeer/.local/state/nix/profile/bin:/etc/profiles/per-user/costeer/bin:/run/wrappers/bin:/run/current-system/sw/bin:/home/costeer/.codex/tmp/arg0/codex-arg0ZLn7Jz:/nix/store/zc6fy62c341aibk36p4ywff7rf9wn4wx-ripgrep-15.2.0/bin:/nix/store/v24sx9l1jmvvia3z8iznrd7jwhvc8kcf-bubblewrap-0.11.2/bin:/home/costeer/.cache/appimage-run/8dc1fccdabc2ed3a59a3944cc772ef11931b9351401c0963ed305d5f96e3cdf4:/home/costeer/.cache/appimage-run/8dc1fccdabc2ed3a59a3944cc772ef11931b9351401c0963ed305d5f96e3cdf4/usr/sbin:/nix/store/yisa2lg79zcvgk4ck4yr6r0lz6j63hs3-bash-interactive-5.3p9/bin:/nix/store/63wdfxcylc7rzym8iwhv84yppg8gj3vv-binutils-2.46/bin:/nix/store/61685rbaxmpigwi3z23i33sv3jyfl70q-coreutils-9.11/bin:/nix/store/l048yqk8sv2lpz14ww39bqc3vzcmlz6m-gawk-5.4.1/bin:/nix/store/dcb4510gbbkd7kg59m97ampjf4dhi43a-libarchive-3.8.9/bin:/nix/store/xdjv3i61fcnbgzk5ml63w3z3m8c4g0p1-pv-1.10.5/bin:/nix/store/24lz9z364d9dymy8izf99av7j2vmw753-squashfs-4.7.5/bin:/usr/bin:/usr/sbin:/nix/store/viadyk3hg56ib6vky4cm3sb2y3n305aw-nodejs-24.19.0/bin:/nix/store/2dzir0i44c70w1n5iazj9mbv2lnzwl03-vicinae-0.23.2/bin:/nix/store/rcdh962vp1xhsv30wp86qi29bbyjiw6k-flatpak-1.16.6/bin:/nix/store/khnfirshq5j299s6sfj0laxj0vr7gaa6-systemd-260.2/bin:/nix/store/6d9hq89y1d3973dnw231x6mvm9k7y6rf-uwsm-0.26.4/bin:/nix/store/kql2l4nafrby8ghb3klj5n8arhd2v61h-util-linux-2.42.2-bin/bin:/nix/store/iqbwcih63p34ma7ymzp9g2sildl650aw-newt-0.52.24/bin:/nix/store/i26gxxjkkgmgbcvd3w40rjm76qhcc9fj-libnotify-0.8.8/bin:/nix/store/qaf88ijkrzm2928y1irgizz88mnd93gc-python3-3.13.15-env/bin:/nix/store/f3h5rjppq3xkr2cwp0ara5q096bndnjm-dmenu-5.4/bin:/home/costeer/usr/bin
LD_LIBRARY_PATH=/home/costeer/.cache/appimage-run/8dc1fccdabc2ed3a59a3944cc772ef11931b9351401c0963ed305d5f96e3cdf4/usr/lib
SHELL=/run/current-system/sw/bin/zsh
DISPLAY=:0
LANG=en_US.UTF-8
LC_ALL=C.UTF-8
LC_CTYPE=C.UTF-8
LC_NUMERIC=de_DE.UTF-8
LC_TIME=de_DE.UTF-8
TERM=linux

Active Locale:
LC_ALL=C.UTF-8
LC_COLLATE=C.UTF-8
LC_CTYPE=C.UTF-8
LC_MESSAGES=C.UTF-8
LC_MONETARY=C.UTF-8
LC_NUMERIC=C.UTF-8
LC_TIME=C.UTF-8

Signal Handlers:
   SIGSEGV: crash_handler in libjvm.so, mask=11100100010111111101111111111110, flags=SA_RESTART|SA_SIGINFO, unblocked
    SIGBUS: crash_handler in libjvm.so, mask=11100100010111111101111111111110, flags=SA_RESTART|SA_SIGINFO, unblocked
    SIGFPE: crash_handler in libjvm.so, mask=11100100010111111101111111111110, flags=SA_RESTART|SA_SIGINFO, unblocked
   SIGPIPE: javaSignalHandler in libjvm.so, mask=11100100010111111101111111111110, flags=SA_RESTART|SA_SIGINFO, blocked
   SIGXFSZ: javaSignalHandler in libjvm.so, mask=11100100010111111101111111111110, flags=SA_RESTART|SA_SIGINFO, blocked
    SIGILL: crash_handler in libjvm.so, mask=11100100010111111101111111111110, flags=SA_RESTART|SA_SIGINFO, unblocked
   SIGUSR2: SR_handler in libjvm.so, mask=00100000000000000000000000000000, flags=SA_RESTART|SA_SIGINFO, blocked
    SIGHUP: UserHandler in libjvm.so, mask=11100100010111111101111111111110, flags=SA_RESTART|SA_SIGINFO, blocked
    SIGINT: UserHandler in libjvm.so, mask=11100100010111111101111111111110, flags=SA_RESTART|SA_SIGINFO, blocked
   SIGTERM: UserHandler in libjvm.so, mask=11100100010111111101111111111110, flags=SA_RESTART|SA_SIGINFO, blocked
   SIGQUIT: UserHandler in libjvm.so, mask=11100100010111111101111111111110, flags=SA_RESTART|SA_SIGINFO, blocked
   SIGTRAP: crash_handler in libjvm.so, mask=11100100010111111101111111111110, flags=SA_RESTART|SA_SIGINFO, unblocked


Periodic native trim disabled


---------------  S Y S T E M  ---------------

OS:
ANSI_COLOR="0;38;2;126;186;228"
BUG_REPORT_URL="https://github.com/NixOS/nixpkgs/issues"
BUILD_ID="26.05.20260905.6713828"
CPE_NAME="cpe:/o:nixos:nixos:26.05"
DEFAULT_HOSTNAME=nixos
DOCUMENTATION_URL="https://nixos.org/learn.html"
HOME_URL="https://nixos.org/"
ID=nixos
ID_LIKE=""
IMAGE_ID=""
IMAGE_VERSION=""
LOGO="nix-snowflake"
NAME=NixOS
PRETTY_NAME="NixOS 26.05 (Yarara)"
SUPPORT_END="2026-12-31"
SUPPORT_URL="https://nixos.org/community.html"
VARIANT=""
VARIANT_ID=""
VENDOR_NAME=NixOS
VENDOR_URL="https://nixos.org/"
VERSION="26.05 (Yarara)"
VERSION_CODENAME=yarara
VERSION_ID="26.05"
uname: Linux 6.18.49 #1-NixOS SMP PREEMPT_DYNAMIC Wed Sep  2 12:31:51 UTC 2026 x86_64
OS uptime: 0 days 4:09 hours
libc: glibc 2.42 NPTL 2.42 
rlimit (soft/hard): STACK 8192k/infinity , CORE infinity/infinity , NPROC 63502/63502 , NOFILE 524288/524288 , AS infinity/infinity , CPU infinity/infinity , DATA infinity/infinity , FSIZE infinity/infinity , MEMLOCK 8192k/8192k
load average: 6.79 5.09 4.07

/proc/meminfo:
MemTotal:       16298320 kB
MemFree:          728168 kB
MemAvailable:    2499144 kB
Buffers:          117868 kB
Cached:          1807508 kB
SwapCached:         3948 kB
Active:          6475016 kB
Inactive:        5075348 kB
Active(anon):    6116812 kB
Inactive(anon):  3733960 kB
Active(file):     358204 kB
Inactive(file):  1341388 kB
Unevictable:       17268 kB
Mlocked:           17260 kB
SwapTotal:       8148988 kB
SwapFree:        1956744 kB
Zswap:                 0 kB
Zswapped:              0 kB
Dirty:              7796 kB
Writeback:             0 kB
AnonPages:       9639956 kB
Mapped:          1542516 kB
Shmem:            214604 kB
KReclaimable:     495104 kB
Slab:             905944 kB
SReclaimable:     495104 kB
SUnreclaim:       410840 kB
KernelStack:       27136 kB
PageTables:       104160 kB
SecPageTables:      6420 kB
NFS_Unstable:          0 kB
Bounce:                0 kB
WritebackTmp:          0 kB
CommitLimit:    16298148 kB
Committed_AS:   36517444 kB
VmallocTotal:   34359738367 kB
VmallocUsed:      299608 kB
VmallocChunk:          0 kB
Percpu:            12192 kB
HardwareCorrupted:     0 kB
AnonHugePages:         0 kB
ShmemHugePages:        0 kB
ShmemPmdMapped:        0 kB
FileHugePages:      4096 kB
FilePmdMapped:      2048 kB
CmaTotal:              0 kB
CmaFree:               0 kB
Unaccepted:            0 kB
Balloon:               0 kB
HugePages_Total:       0
HugePages_Free:        0
HugePages_Rsvd:        0
HugePages_Surp:        0
Hugepagesize:       2048 kB
Hugetlb:               0 kB
DirectMap4k:    12005540 kB
DirectMap2M:     4694016 kB
DirectMap1G:           0 kB

/sys/kernel/mm/transparent_hugepage/enabled: always [madvise] never
/sys/kernel/mm/transparent_hugepage/hpage_pmd_size: 2097152
/sys/kernel/mm/transparent_hugepage/defrag (defrag/compaction efforts parameter): always defer defer+madvise [madvise] never

Process Memory:
Virtual Size: 12453872K (peak: 12453912K)
Resident Set Size: 1157556K (peak: 1157556K) (anon: 1132224K, file: 25332K, shmem: 0K)
Swapped out: 0K
C-Heap outstanding allocations: 159259K, retained: 69296K
glibc malloc tunables: (default)

/proc/sys/kernel/threads-max (system-wide limit on the number of threads): 127005
/proc/sys/vm/max_map_count (maximum number of memory map areas a process may have): 1048576
/proc/sys/vm/swappiness (control to define how aggressively the kernel swaps out anonymous memory): 10
/proc/sys/kernel/pid_max (system-wide limit on number of process identifiers): 4194304

container (cgroup) information:
container_type: cgroupv2
cpu_cpuset_cpus: not supported
cpu_memory_nodes: not supported
active_processor_count: 12
cpu_quota: not supported
cpu_period: not supported
cpu_shares: not supported
memory_limit_in_bytes: unlimited
memory_and_swap_limit_in_bytes: unlimited
memory_soft_limit_in_bytes: 0
memory_usage_in_bytes: 5308188 k
memory_max_usage_in_bytes: not supported
rss_usage_in_bytes: 4574024 k
cache_usage_in_bytes: 545456 k
memory_swap_current_in_bytes: 2478688 k
memory_swap_max_limit_in_bytes: unlimited
maximum number of tasks: 19050
current number of tasks: 468

Steal ticks since vm start: 0
Steal ticks percentage since vm start:  0.000

CPU: total 12 (initial active 12) (12 cores per cpu, 2 threads per core) family 23 model 113 stepping 0 microcode 0x8701034, cx8, cmov, fxsr, ht, mmx, 3dnowpref, sse, sse2, sse3, ssse3, sse4a, sse4.1, sse4.2, popcnt, lzcnt, tsc, tscinvbit, avx, avx2, aes, clmul, bmi1, bmi2, adx, sha, fma, vzeroupper, clflush, clflushopt
CPU Model and flags from /proc/cpuinfo:
model name	: AMD Ryzen 5 3600 6-Core Processor
flags		: fpu vme de pse tsc msr pae mce cx8 apic sep mtrr pge mca cmov pat pse36 clflush mmx fxsr sse sse2 ht syscall nx mmxext fxsr_opt pdpe1gb rdtscp lm constant_tsc rep_good nopl xtopology nonstop_tsc cpuid extd_apicid aperfmperf rapl pni pclmulqdq monitor ssse3 fma cx16 sse4_1 sse4_2 x2apic movbe popcnt aes xsave avx f16c rdrand lahf_lm cmp_legacy svm extapic cr8_legacy abm sse4a misalignsse 3dnowprefetch osvw ibs skinit wdt tce topoext perfctr_core perfctr_nb bpext perfctr_llc mwaitx cpb cat_l3 cdp_l3 hw_pstate ssbd mba ibpb stibp vmmcall fsgsbase bmi1 avx2 smep bmi2 cqm rdt_a rdseed adx smap clflushopt clwb sha_ni xsaveopt xsavec xgetbv1 cqm_llc cqm_occup_llc cqm_mbm_total cqm_mbm_local clzero irperf xsaveerptr rdpru wbnoinvd arat npt lbrv svm_lock nrip_save tsc_scale vmcb_clean flushbyasid decodeassists pausefilter pfthreshold avic v_vmsave_vmload vgif v_spec_ctrl umip rdpid overflow_recov succor smca sev sev_es

Online cpus: 0-11
Offline cpus: 
BIOS frequency limitation: <Not Available>
Frequency switch latency (ns): 0
Available cpu frequencies: <Not Available>
Current governor: performance
Core performance/turbo boost: 1

Memory: 4k page, physical 16298320k(728168k free), swap 8148988k(1956744k free)
Page Sizes: 4k

vm_info: OpenJDK 64-Bit Server VM (17.0.20.1+1-nixos) for linux-amd64 JRE (17.0.20.1+1-nixos), built on Aug 29 2026 06:56:36 by "" with gcc 15.2.0

END.
