#
# A fatal error has been detected by the Java Runtime Environment:
#
#  SIGSEGV (0xb) at pc=0x000074b81c125d13, pid=51270, tid=51720
#
# JRE version: OpenJDK Runtime Environment (17.0.20.1+1) (build 17.0.20.1+1-nixos)
# Java VM: OpenJDK 64-Bit Server VM (17.0.20.1+1-nixos, mixed mode, sharing, tiered, compressed oops, compressed class ptrs, g1 gc, linux-amd64)
# Problematic frame:
# V  [libjvm.so+0x725d13]  void OopOopIterateDispatch<G1CMOopClosure>::Table::oop_oop_iterate<InstanceKlass, narrowOop>(G1CMOopClosure*, oopDesc*, Klass*)+0x1c3
#
# Core dump will be written. Default location: Determined by the following: "/nix/store/426gw1hy7qh6wkmpx4nm6hbisyqadkgb-systemd/lib/systemd/systemd-coredump %P %u %g %s %t %c %h %d %F" (alternatively, falling back to /home/costeer/git/quicklauncher/modules/layout/core/core.51270)
#
# If you would like to submit a bug report, please visit:
#   https://bugreport.java.com/bugreport/crash.jsp
#

---------------  S U M M A R Y ------------

Command Line: -Djava.awt.headless=true -Djava.library.path=/home/costeer/.cache/appimage-run/8dc1fccdabc2ed3a59a3944cc772ef11931b9351401c0963ed305d5f96e3cdf4/usr/lib:/home/costeer/git/quicklauncher/modules/layout/core/src/testDebug/jniLibs:/home/costeer/git/quicklauncher/modules/layout/core/src/test/jniLibs -Dorg.gradle.internal.worker.tmpdir=/home/costeer/git/quicklauncher/modules/layout/core/build/tmp/testDebugUnitTest/work -Dpaparazzi.artifacts.cache.dir=/home/costeer/.gradle -Dpaparazzi.build.dir=/home/costeer/git/quicklauncher/modules/layout/core/build -Dpaparazzi.layoutlib.resources.root=/home/costeer/.gradle/caches/8.13/transforms/8ec8d0cdb52975cdac90d64157769820/transformed/layoutlib-resources-15.2.3 -Dpaparazzi.layoutlib.runtime.root=/home/costeer/.gradle/caches/8.13/transforms/a1abd87eddf4ea4c88c2471864c2e54a/transformed/layoutlib-runtime-15.2.3-linux -Dpaparazzi.project.dir=/home/costeer/git/quicklauncher/modules/layout/core -Dpaparazzi.report.dir=/home/costeer/git/quicklauncher/modules/layout/core/build/reports/paparazzi/debug -Dpaparazzi.snapshot.dir=/home/costeer/git/quicklauncher/modules/layout/core/src/test/snapshots -Dpaparazzi.test.record=false -Dpaparazzi.test.resources=/home/costeer/git/quicklauncher/modules/layout/core/build/intermediates/paparazzi/debug/resources.json -Dpaparazzi.test.verify=false --add-opens=java.base/java.io=ALL-UNNAMED -Xmx512m -Dfile.encoding=UTF-8 -Duser.country -Duser.language=en -Duser.variant -ea worker.org.gradle.process.internal.worker.GradleWorkerMain 'Gradle Test Executor 42'

Host: AMD Ryzen 5 3600 6-Core Processor, 12 cores, 15G, NixOS 26.05 (Yarara)
Time: Thu Sep 17 15:28:47 2026 CEST elapsed time: 9.553084 seconds (0d 0h 0m 9s)

---------------  T H R E A D  ---------------

Current thread (0x000074b7f00018d0):  ConcurrentGCThread "G1 Conc#2" [stack: 0x000074b7edafd000,0x000074b7edbfd000] [id=51720]

Stack: [0x000074b7edafd000,0x000074b7edbfd000],  sp=0x000074b7edbfbb40,  free space=1018k
Native frames: (J=compiled Java code, j=interpreted, Vv=VM code, C=native code)
V  [libjvm.so+0x725d13]  void OopOopIterateDispatch<G1CMOopClosure>::Table::oop_oop_iterate<InstanceKlass, narrowOop>(G1CMOopClosure*, oopDesc*, Klass*)+0x1c3
V  [libjvm.so+0x75142c]  void G1CMTask::process_grey_task_entry<true>(G1TaskQueueEntry)+0xdc
V  [libjvm.so+0x74a74a]  G1CMTask::drain_local_queue(bool) [clone .part.0] [clone .constprop.0]+0x9a
V  [libjvm.so+0x74a8ba]  G1CMBitMapClosure::do_addr(HeapWordImpl**)+0x3a
V  [libjvm.so+0x74d481]  G1CMTask::do_marking_step(double, bool, bool)+0x741
V  [libjvm.so+0x752ad4]  G1CMConcurrentMarkingTask::work(unsigned int)+0xc4
V  [libjvm.so+0xff5c5d]  GangWorker::loop()+0x5d
V  [libjvm.so+0xff5cbe]
V  [libjvm.so+0xf37c1b]  Thread::call_run()+0xab
V  [libjvm.so+0xccc2eb]  thread_native_entry(Thread*)+0xeb
C  [libc.so.6+0x9dd93]  start_thread+0x2e3


siginfo: si_signo: 11 (SIGSEGV), si_code: 1 (SEGV_MAPERR), si_addr: 0x000074b89ee0b4e0

Registers:
RAX=0x000074b81cd85320, RBX=0x000074b7a030b390, RCX=0x0000000000000000, RDX=0x000074b81cdcc5ed
RSP=0x000074b7edbfbb40, RBP=0x000074b7edbfbba0, RSI=0x00000000e0608820, RDI=0x000074b89ee0b4d8
R8 =0x000074b814053680, R9 =0x0000000000000000, R10=0x000074b819818220, R11=0x0000000000000000
R12=0x00000000e3240b28, R13=0x000074b81405a2f0, R14=0x00000000e3240b40, R15=0x000074b7edbfbcc0
RIP=0x000074b81c125d13, EFLAGS=0x0000000000010206, CSGSFS=0x002b000000000033, ERR=0x0000000000000004
  TRAPNO=0x000000000000000e

XMM[0]=0x0000000000000000 0x401b645a1cac0830
XMM[1]=0x0000000000000000 0x0000000000000000
XMM[2]=0x0000000000000000 0x3fe7a3d70a3d70aa
XMM[3]=0x0000000000000000 0x3fe0000000000000
XMM[4]=0x0000000000000000 0x3fd3333333333333
XMM[5]=0x40559ab3311a5443 0x4031a20c49ba5e38
XMM[6]=0x000074b81d467937 0x000074b7edbfbe40
XMM[7]=0x0000000000000000 0x0000000000000000
XMM[8]=0xcafebabecafebabe 0xcafebabecafebabe
XMM[9]=0x0000000000000000 0x0000000000000000
XMM[10]=0x3f3f3f3f3f3f3f3f 0x3f3f3f3f3f3f3f3f
XMM[11]=0x9999999999999999 0x9999999999999999
XMM[12]=0x2020202020202020 0x2020202020202020
XMM[13]=0x000074b81cae6b00 0x000074b81cae6d6c
XMM[14]=0x000074b81cae6b80 0x000074b81cae6d6c
XMM[15]=0xcafebabecafebabe 0xcafebabecafebabe
  MXCSR=0x00001fa0


Register to memory mapping:

RAX=0x000074b81cd85320: <offset 0x0000000001385320> in /nix/store/j5n2kxk19rgrrkb5z1w310sy7dkvlhgj-openjdk-headless-17.0.20.1+1/lib/openjdk/lib/server/libjvm.so at 0x000074b81ba00000
RBX=0x000074b7a030b390 is pointing into metadata
RCX=0x0 is NULL
RDX=0x000074b81cdcc5ed: <offset 0x00000000013cc5ed> in /nix/store/j5n2kxk19rgrrkb5z1w310sy7dkvlhgj-openjdk-headless-17.0.20.1+1/lib/openjdk/lib/server/libjvm.so at 0x000074b81ba00000
RSP=0x000074b7edbfbb40 points into unknown readable memory: 0x0000000000000000 | 00 00 00 00 00 00 00 00
RBP=0x000074b7edbfbba0 points into unknown readable memory: 0x000074b7edbfbbe0 | e0 bb bf ed b7 74 00 00
RSI=0x00000000e0608820 is pointing into object: java.util.concurrent.ConcurrentHashMap$Node 
{0x00000000e0608818} - klass: 'java/util/concurrent/ConcurrentHashMap$Node'
 - ---- fields (total size 4 words):
 - final 'hash' 'I' @12  110717729 (6996b21)
 - final 'key' 'Ljava/lang/Object;' @16  a 'java/lang/Class'{0x00000000ffe0b4d8} = 'java/lang/RuntimePermission' (ffe0b4d8)
 - volatile 'val' 'Ljava/lang/Object;' @20  a 'java/security/BasicPermissionCollection'{0x00000000e0608838} (e0608838)
 - volatile 'next' 'Ljava/util/concurrent/ConcurrentHashMap$Node;' @24  NULL (0)
RDI=0x000074b89ee0b4d8 is an unknown value
R8 =0x000074b814053680 points into unknown readable memory: 0x000074b8140581a0 | a0 81 05 14 b8 74 00 00
R9 =0x0 is NULL
R10=0x000074b819818220 points into unknown readable memory: 0x240120a410040498 | 98 04 04 10 a4 20 01 24
R11=0x0 is NULL
R12=0x00000000e3240b28 is pointing into object: app.cash.paparazzi.internal.resources.base.BasicStyleResourceItem 
{0x00000000e3240b18} - klass: 'app/cash/paparazzi/internal/resources/base/BasicStyleResourceItem'
 - ---- fields (total size 5 words):
 - private final 'typeOrdinal' 'B' @12  20 (14)
 - private final 'visibilityOrdinal' 'B' @13  1
 - private final 'type' 'Lcom/android/resources/ResourceType;' @16  
[error occurred during error reporting (printing register info), id 0xb, SIGSEGV (0xb) at pc=0x000074b81c6b16a5]

Top of Stack: (sp=0x000074b7edbfbb40)
0x000074b7edbfbb40:   0000000000000000 0000000000000000
0x000074b7edbfbb50:   0000000000000000 0000000000000000
0x000074b7edbfbb60:   000074b7a030b398 00000000e3240b18
0x000074b7edbfbb70:   000000000000000a 000074b81405a2f0
0x000074b7edbfbb80:   0000000000000040 000074b7edbfbcb0
0x000074b7edbfbb90:   000074b7edbfbcc0 000074b81405a2f0
0x000074b7edbfbba0:   000074b7edbfbbe0 000074b81c15142c
0x000074b7edbfbbb0:   0000000000000000 000074b7a030aee8
0x000074b7edbfbbc0:   00000000e3240b18 0000000000000005
0x000074b7edbfbbd0:   000074b81405a2f0 00000000005dd6be
0x000074b7edbfbbe0:   000074b7edbfbc30 000074b81c14a74a
0x000074b7edbfbbf0:   000074b7edbfbc30 00000000e3240b18
0x000074b7edbfbc00:   0000000000000000 00000000e3240b18
0x000074b7edbfbc10:   00000000e2eeb5f0 00000000005e0000
0x000074b7edbfbc20:   000074b8140536d0 00000000005dd6be
0x000074b7edbfbc30:   000074b7edbfbc60 000074b81c14a8ba
0x000074b7edbfbc40:   000074b7edbfbc60 00000000005e0000
0x000074b7edbfbc50:   000074b8140536d0 00000000e2eeb5f0
0x000074b7edbfbc60:   000074b7edbfbd20 000074b81c14d481
0x000074b7edbfbc70:   3f8776793ed358cc 00000001e3700000
0x000074b7edbfbc80:   0000000001700000 00000000005e003f
0x000074b7edbfbc90:   000074b81405a428 000074b7edbfbcb0
0x000074b7edbfbca0:   0000000000000000 000000000000070d
0x000074b7edbfbcb0:   000074b814053680 000074b81405a2f0
0x000074b7edbfbcc0:   000074b81ccd4368 000074b81414cd90
0x000074b7edbfbcd0:   000074b800000003 000074b814035a50
0x000074b7edbfbce0:   000074b81405a2f0 000074b81d0ecaed
0x000074b7edbfbcf0:   000074b7edbfbd10 000074b81405a2f0
0x000074b7edbfbd00:   000074b8196fdb40 000074b7f0001b90
0x000074b7edbfbd10:   000074b81cdef370 000074b81cd862c0
0x000074b7edbfbd20:   000074b7edbfbda0 000074b81c152ad4
0x000074b7edbfbd30:   000074b77c0012a0 000074b77c0012b0 

Instructions: (pc=0x000074b81c125d13)
0x000074b81c125c13:   20 48 89 f2 49 8b 40 08 8b 88 c0 01 00 00 48 8b
0x000074b81c125c23:   80 b0 01 00 00 48 d3 ea 48 8b 04 d0 48 3b b0 e8
0x000074b81c125c33:   00 00 00 73 78 49 8b 90 98 00 00 00 48 8d 3d da
0x000074b81c125c43:   e7 ff ff 45 8b 4d 10 48 8b 02 48 8b 00 48 39 f8
0x000074b81c125c53:   0f 85 87 02 00 00 48 89 f1 48 2b 4a 08 48 89 c8
0x000074b81c125c63:   8b 4a 18 48 c1 e8 03 48 d3 e8 48 89 c1 48 89 c7
0x000074b81c125c73:   48 8b 42 20 48 c1 ef 06 4c 8d 14 f8 bf 01 00 00
0x000074b81c125c83:   00 48 d3 e7 49 8b 0a eb 14 0f 1f 40 00 48 89 c8
0x000074b81c125c93:   f0 49 0f b1 12 48 39 c1 74 53 48 89 c1 48 89 fa
0x000074b81c125ca3:   48 09 ca 48 39 d1 75 e5 0f 1f 44 00 00 49 83 c4
0x000074b81c125cb3:   04 4d 39 f4 0f 82 23 ff ff ff 48 83 c3 08 48 3b
0x000074b81c125cc3:   5d c0 0f 82 f5 fe ff ff 48 83 c4 38 5b 41 5c 41
0x000074b81c125cd3:   5d 41 5e 41 5f 5d 31 c0 31 d2 31 c9 31 f6 31 ff
0x000074b81c125ce3:   45 31 c0 45 31 c9 45 31 d2 45 31 db c3 48 8d 15
0x000074b81c125cf3:   f6 68 ca 00 80 3a 00 0f 84 10 02 00 00 48 8d 05
0x000074b81c125d03:   19 f6 c5 00 8b 7e 08 8b 48 08 48 d3 e7 48 03 38
0x000074b81c125d13:   8b 4f 08 85 c9 0f 8e 1c 02 00 00 f6 c1 01 74 1a
0x000074b81c125d23:   48 8b 07 4c 8d 15 e3 85 b6 ff 48 8b 80 00 01 00
0x000074b81c125d33:   00 4c 39 d0 0f 85 84 02 00 00 c1 f9 03 4c 63 d1
0x000074b81c125d43:   49 8b 80 08 03 00 00 49 89 f0 4a 8b 3c c8 48 8b
0x000074b81c125d53:   47 18 8b 88 c0 01 00 00 48 8b 80 b8 01 00 00 48
0x000074b81c125d63:   d3 e0 49 29 c0 48 8d 05 2d 7c ca 00 8b 08 49 d3
0x000074b81c125d73:   e8 44 89 c0 23 47 60 4c 89 c1 48 c1 e0 04 48 03
0x000074b81c125d83:   47 40 44 8b 00 44 39 c1 0f 84 9f 01 00 00 4c 8b
0x000074b81c125d93:   48 08 4d 85 c9 74 0d 4c 8b 5f 38 4f 8d 04 c3 f0
0x000074b81c125da3:   4d 0f c1 08 48 c7 40 08 00 00 00 00 89 08 48 83
0x000074b81c125db3:   47 58 01 4c 01 50 08 49 8b 45 20 48 8b 88 f0 02
0x000074b81c125dc3:   00 00 49 8b 85 90 00 00 00 48 85 c0 74 12 48 39
0x000074b81c125dd3:   c6 72 16 49 3b b5 98 00 00 00 0f 82 cd fe ff ff
0x000074b81c125de3:   48 39 ce 0f 83 c4 fe ff ff 80 3a 00 74 5f 48 8d
0x000074b81c125df3:   15 28 f5 c5 00 8b 46 08 8b 4a 08 48 d3 e0 48 03
0x000074b81c125e03:   02 81 78 08 ff ff ff bf 76 50 49 8b 85 a8 00 00 


Stack slot to memory mapping:
stack at sp + 0 slots: 0x0 is NULL
stack at sp + 1 slots: 0x0 is NULL
stack at sp + 2 slots: 0x0 is NULL
stack at sp + 3 slots: 0x0 is NULL
stack at sp + 4 slots: 0x000074b7a030b398 is a pointer to class: 
app.cash.paparazzi.internal.resources.base.BasicStyleResourceItem$Companion {0x000074b7a030b398}
 - instance size:     2
 - klass size:        65
 - access:            public final synchronized 
 - state:             fully_initialized
 - name:              'app/cash/paparazzi/internal/resources/base/BasicStyleResourceItem$Companion'
 - super:             'java/lang/Object'
 - sub:               
 - arrays:            NULL
 - methods:           Array<T>(0x000074b79c413288)
 - method ordering:   Array<T>(0x000074b79f914dc8)
 - local interfaces:  Array<T>(0x000074b79f5d6830)
 - trans. interfaces: Array<T>(0x000074b79f5d6830)
 - constants:         constant pool [178] {0x000074b79c412c08} for 'app/cash/paparazzi/internal/resources/base/BasicStyleResourceItem$Companion' cache=0x000074b79c4137e8
 - class loader data:  loader data: 0x000074b814168020 for instance a 'jdk/internal/loader/ClassLoaders$AppClassLoader'{0x00000000e1894a10}
 - source file:       'BasicStyleResourceItem.kt'
 - class annotations:       Array<T>(0x000074b79c413720)
 - class type annotations:  Array<T>(0x0000000000000000)
 - field annotations:       Array<T>(0x0000000000000000)
 - field type annotations:  Array<T>(0x0000000000000000)
 - inner classes:     Array<T>(0x000074b79c413798)
 - nest members:     Array<T>(0x000074b79f5d67c0)
 - permitted subclasses:     Array<T>(0x000074b79f5d67c0)
 - java mirror:       a 'java/lang/Class'{0x00000000e2db1ad8} = 'app/cash/paparazzi/internal/resources/base/BasicStyleResourceItem$Companion'
 - vtable length      5  (start addr: 0x000074b7a030b568)
 - itable length      2 (start addr: 0x000074b7a030b590)
 - ---- static fields (0 words):
 - ---- non-static fields (0 words):
 - non-static oop maps: 
stack at sp + 5 slots: 0x00000000e3240b18 is an oop: app.cash.paparazzi.internal.resources.base.BasicStyleResourceItem 
{0x00000000e3240b18} - klass: 'app/cash/paparazzi/internal/resources/base/BasicStyleResourceItem'
 - ---- fields (total size 5 words):
 - private final 'typeOrdinal' 'B' @12  20 (14)
 - private final 'visibilityOrdinal' 'B' @13  1
 - private final 'type' 'Lcom/android/resources/ResourceType;' @16  
[error occurred during error reporting (inspecting top of stack), id 0xb, SIGSEGV (0xb) at pc=0x000074b81c6b16a5]


---------------  P R O C E S S  ---------------

Threads class SMR info:
_java_thread_list=0x000074b815f8b440, length=21, elements={
0x000074b8140244d0, 0x000074b814154340, 0x000074b814155650, 0x000074b81415ac20,
0x000074b81415bfe0, 0x000074b81415d400, 0x000074b81415edc0, 0x000074b814160300,
0x000074b814161780, 0x000074b81419a7a0, 0x000074b81419c5a0, 0x000074b77c13ca70,
0x000074b814b9f4a0, 0x000074b814bc3a20, 0x000074b814bc41c0, 0x000074b81521ed80,
0x000074b790000fb0, 0x000074b814e57810, 0x000074b718000c30, 0x000074b815f858c0,
0x000074b815f8a540
}

Java Threads: ( => current thread )
  0x000074b8140244d0 JavaThread "Test worker" [_thread_in_vm, id=51272, stack(0x000074b81cf00000,0x000074b81d000000)]
  0x000074b814154340 JavaThread "Reference Handler" daemon [_thread_blocked, id=51283, stack(0x000074b81861f000,0x000074b81871f000)]
  0x000074b814155650 JavaThread "Finalizer" daemon [_thread_blocked, id=51284, stack(0x000074b81851f000,0x000074b81861f000)]
  0x000074b81415ac20 JavaThread "Signal Dispatcher" daemon [_thread_blocked, id=51286, stack(0x000074b81841f000,0x000074b81851f000)]
  0x000074b81415bfe0 JavaThread "Service Thread" daemon [_thread_blocked, id=51288, stack(0x000074b81831f000,0x000074b81841f000)]
  0x000074b81415d400 JavaThread "Monitor Deflation Thread" daemon [_thread_blocked, id=51289, stack(0x000074b81821f000,0x000074b81831f000)]
  0x000074b81415edc0 JavaThread "C2 CompilerThread0" daemon [_thread_in_native, id=51290, stack(0x000074b81811f000,0x000074b81821f000)]
  0x000074b814160300 JavaThread "C1 CompilerThread0" daemon [_thread_in_native, id=51291, stack(0x000074b81801f000,0x000074b81811f000)]
  0x000074b814161780 JavaThread "Sweeper thread" daemon [_thread_blocked, id=51292, stack(0x000074b7fcf00000,0x000074b7fd000000)]
  0x000074b81419a7a0 JavaThread "Common-Cleaner" daemon [_thread_blocked, id=51299, stack(0x000074b7fce00000,0x000074b7fcf00000)]
  0x000074b81419c5a0 JavaThread "Notification Thread" daemon [_thread_blocked, id=51301, stack(0x000074b7fcd00000,0x000074b7fce00000)]
  0x000074b77c13ca70 JavaThread "C2 CompilerThread1" daemon [_thread_in_native, id=51336, stack(0x000074b7fcaff000,0x000074b7fcbff000)]
  0x000074b814b9f4a0 JavaThread "/127.0.0.1:37530 to /127.0.0.1:44837 workers" [_thread_blocked, id=51411, stack(0x000074b7fc4fa000,0x000074b7fc5fa000)]
  0x000074b814bc3a20 JavaThread "/127.0.0.1:37530 to /127.0.0.1:44837 workers Thread 2" [_thread_blocked, id=51413, stack(0x000074b7fc3fa000,0x000074b7fc4fa000)]
  0x000074b814bc41c0 JavaThread "/127.0.0.1:37530 to /127.0.0.1:44837 workers Thread 3" [_thread_in_native, id=51414, stack(0x000074b7fc2fa000,0x000074b7fc3fa000)]
  0x000074b81521ed80 JavaThread "process reaper" daemon [_thread_blocked, id=51548, stack(0x000074b7fd3de000,0x000074b7fd400000)]
  0x000074b790000fb0 JavaThread "Attach Listener" daemon [_thread_blocked, id=51608, stack(0x000074b7edf00000,0x000074b7ee000000)]
  0x000074b814e57810 JavaThread "Cleaner-0" daemon [_thread_blocked, id=51860, stack(0x000074b7ed9fc000,0x000074b7edafc000)]
  0x000074b718000c30 JavaThread "RenderThread" daemon [_thread_in_native, id=51911, stack(0x000074b71fe00000,0x000074b720600000)]
  0x000074b815f858c0 JavaThread "DefaultDispatcher-worker-1" daemon [_thread_blocked, id=51919, stack(0x000074b7ec900000,0x000074b7eca00000)]
  0x000074b815f8a540 JavaThread "DefaultDispatcher-worker-2" daemon [_thread_blocked, id=51920, stack(0x000074b7ec800000,0x000074b7ec900000)]

Other Threads:
  0x000074b8141501b0 VMThread "VM Thread" [stack: 0x000074b818720000,0x000074b818820000] [id=51282]
  0x000074b81419def0 WatcherThread [stack: 0x000074b7fcc00000,0x000074b7fcd00000] [id=51302]
  0x000074b814052bf0 GCTaskThread "GC Thread#0" [stack: 0x000074b819700000,0x000074b819800000] [id=51273]
  0x000074b7e4006a60 GCTaskThread "GC Thread#1" [stack: 0x000074b7fc9ff000,0x000074b7fcaff000] [id=51380]
  0x000074b7e40073a0 GCTaskThread "GC Thread#2" [stack: 0x000074b7fc8fe000,0x000074b7fc9fe000] [id=51381]
  0x000074b7e4007ce0 GCTaskThread "GC Thread#3" [stack: 0x000074b7fc7fd000,0x000074b7fc8fd000] [id=51382]
  0x000074b7e4008620 GCTaskThread "GC Thread#4" [stack: 0x000074b7fc6fc000,0x000074b7fc7fc000] [id=51383]
  0x000074b7e4008f60 GCTaskThread "GC Thread#5" [stack: 0x000074b7fc5fb000,0x000074b7fc6fb000] [id=51384]
  0x000074b7e400a930 GCTaskThread "GC Thread#6" [stack: 0x000074b7fc1fa000,0x000074b7fc2fa000] [id=51432]
  0x000074b7e400c040 GCTaskThread "GC Thread#7" [stack: 0x000074b7fc0f9000,0x000074b7fc1f9000] [id=51433]
  0x000074b7e4010e40 GCTaskThread "GC Thread#8" [stack: 0x000074b7ede00000,0x000074b7edf00000] [id=51717]
  0x000074b7e4011560 GCTaskThread "GC Thread#9" [stack: 0x000074b7edcff000,0x000074b7eddff000] [id=51718]
  0x000074b8140581a0 ConcurrentGCThread "G1 Main Marker" [stack: 0x000074b8195ff000,0x000074b8196ff000] [id=51274]
  0x000074b814059120 ConcurrentGCThread "G1 Conc#0" [stack: 0x000074b8194fe000,0x000074b8195fe000] [id=51275]
  0x000074b7f0000e70 ConcurrentGCThread "G1 Conc#1" [stack: 0x000074b7edbfe000,0x000074b7edcfe000] [id=51719]
=>0x000074b7f00018d0 ConcurrentGCThread "G1 Conc#2" [stack: 0x000074b7edafd000,0x000074b7edbfd000] [id=51720]
  0x000074b81412aee0 ConcurrentGCThread "G1 Refine#0" [stack: 0x000074b8189f3000,0x000074b818af3000] [id=51276]
  0x000074b81412bdf0 ConcurrentGCThread "G1 Service" [stack: 0x000074b8188f2000,0x000074b8189f2000] [id=51277]

Threads with active compile tasks:
C2 CompilerThread0  9563 5085       4       sun.net.www.protocol.jar.Handler::parseURL (173 bytes)
C1 CompilerThread0  9563 5099       3       java.lang.invoke.InvokerBytecodeGenerator::emitStaticInvoke (258 bytes)
C2 CompilerThread1  9563 3473       4       org.kxml2.io.KXmlParser::read (49 bytes)

VM state: not at safepoint (normal execution)

VM Mutex/Monitor currently owned by a thread: None

Heap address: 0x00000000e0000000, size: 512 MB, Compressed Oops mode: 32-bit

CDS archive(s) mapped at: [0x000074b79f000000-0x000074b79fbc7000-0x000074b79fbc7000), size 12349440, SharedBaseAddress: 0x000074b79f000000, ArchiveRelocationMode: 1.
Compressed class space mapped at: 0x000074b7a0000000-0x000074b7e0000000, reserved size: 1073741824
Narrow klass base: 0x000074b79f000000, Narrow klass shift: 0, Narrow klass range: 0x100000000

GC Precious Log:
 CPUs: 12 total, 12 available
 Memory: 15916M
 Large Page Support: Disabled
 NUMA Support: Disabled
 Compressed Oops: Enabled (32-bit)
 Heap Region Size: 1M
 Heap Min Capacity: 8M
 Heap Initial Capacity: 250M
 Heap Max Capacity: 512M
 Pre-touch: Disabled
 Parallel Workers: 10
 Concurrent Workers: 3
 Concurrent Refinement Workers: 10
 Periodic GC: Disabled

Heap:
 garbage-first heap   total 140288K, used 69955K [0x00000000e0000000, 0x0000000100000000)
  region size 1024K, 5 young (5120K), 1 survivors (1024K)
 Metaspace       used 53749K, committed 54144K, reserved 1114112K
  class space    used 5962K, committed 6144K, reserved 1048576K

Heap Regions: E=young(eden), S=young(survivor), O=old, HS=humongous(starts), HC=humongous(continues), CS=collection set, F=free, OA=open archive, CA=closed archive, TAMS=top-at-mark-start (previous, next)
|   0|0x00000000e0000000, 0x00000000e0100000, 0x00000000e0100000|100%|HS|  |TAMS 0x00000000e0100000, 0x00000000e0100000| Complete 
|   1|0x00000000e0100000, 0x00000000e0200000, 0x00000000e0200000|100%|HS|  |TAMS 0x00000000e0200000, 0x00000000e0200000| Complete 
|   2|0x00000000e0200000, 0x00000000e0300000, 0x00000000e0300000|100%|HC|  |TAMS 0x00000000e0300000, 0x00000000e0300000| Complete 
|   3|0x00000000e0300000, 0x00000000e0400000, 0x00000000e0400000|100%|HC|  |TAMS 0x00000000e0400000, 0x00000000e0400000| Complete 
|   4|0x00000000e0400000, 0x00000000e0500000, 0x00000000e0500000|100%|HC|  |TAMS 0x00000000e0500000, 0x00000000e0500000| Complete 
|   5|0x00000000e0500000, 0x00000000e0600000, 0x00000000e0600000|100%|HS|  |TAMS 0x00000000e0600000, 0x00000000e0600000| Complete 
|   6|0x00000000e0600000, 0x00000000e0700000, 0x00000000e0700000|100%| O|  |TAMS 0x00000000e0700000, 0x00000000e0700000| Untracked 
|   7|0x00000000e0700000, 0x00000000e0800000, 0x00000000e0800000|100%|HS|  |TAMS 0x00000000e0800000, 0x00000000e0800000| Complete 
|   8|0x00000000e0800000, 0x00000000e0900000, 0x00000000e0900000|100%|HS|  |TAMS 0x00000000e0900000, 0x00000000e0900000| Complete 
|   9|0x00000000e0900000, 0x00000000e0a00000, 0x00000000e0a00000|100%|HS|  |TAMS 0x00000000e0a00000, 0x00000000e0a00000| Complete 
|  10|0x00000000e0a00000, 0x00000000e0b00000, 0x00000000e0b00000|100%|HC|  |TAMS 0x00000000e0b00000, 0x00000000e0b00000| Complete 
|  11|0x00000000e0b00000, 0x00000000e0c00000, 0x00000000e0c00000|100%|HC|  |TAMS 0x00000000e0c00000, 0x00000000e0c00000| Complete 
|  12|0x00000000e0c00000, 0x00000000e0d00000, 0x00000000e0d00000|100%|HS|  |TAMS 0x00000000e0d00000, 0x00000000e0d00000| Complete 
|  13|0x00000000e0d00000, 0x00000000e0e00000, 0x00000000e0e00000|100%| O|  |TAMS 0x00000000e0e00000, 0x00000000e0e00000| Untracked 
|  14|0x00000000e0e00000, 0x00000000e0f00000, 0x00000000e0f00000|100%| O|  |TAMS 0x00000000e0f00000, 0x00000000e0f00000| Untracked 
|  15|0x00000000e0f00000, 0x00000000e1000000, 0x00000000e1000000|100%| O|  |TAMS 0x00000000e1000000, 0x00000000e1000000| Untracked 
|  16|0x00000000e1000000, 0x00000000e1100000, 0x00000000e1100000|100%| O|  |TAMS 0x00000000e1100000, 0x00000000e1100000| Untracked 
|  17|0x00000000e1100000, 0x00000000e1200000, 0x00000000e1200000|100%| O|  |TAMS 0x00000000e1200000, 0x00000000e1200000| Untracked 
|  18|0x00000000e1200000, 0x00000000e1300000, 0x00000000e1300000|100%| O|  |TAMS 0x00000000e1300000, 0x00000000e1300000| Untracked 
|  19|0x00000000e1300000, 0x00000000e1400000, 0x00000000e1400000|100%| O|  |TAMS 0x00000000e1400000, 0x00000000e1400000| Untracked 
|  20|0x00000000e1400000, 0x00000000e1500000, 0x00000000e1500000|100%| O|  |TAMS 0x00000000e1500000, 0x00000000e1500000| Untracked 
|  21|0x00000000e1500000, 0x00000000e1600000, 0x00000000e1600000|100%| O|  |TAMS 0x00000000e1600000, 0x00000000e1600000| Untracked 
|  22|0x00000000e1600000, 0x00000000e1700000, 0x00000000e1700000|100%| O|  |TAMS 0x00000000e1700000, 0x00000000e1700000| Untracked 
|  23|0x00000000e1700000, 0x00000000e1800000, 0x00000000e1800000|100%| O|  |TAMS 0x00000000e1800000, 0x00000000e1800000| Untracked 
|  24|0x00000000e1800000, 0x00000000e1900000, 0x00000000e1900000|100%| O|  |TAMS 0x00000000e1900000, 0x00000000e1900000| Untracked 
|  25|0x00000000e1900000, 0x00000000e1a00000, 0x00000000e1a00000|100%| O|  |TAMS 0x00000000e1a00000, 0x00000000e1a00000| Untracked 
|  26|0x00000000e1a00000, 0x00000000e1aff200, 0x00000000e1b00000| 99%| O|  |TAMS 0x00000000e1aff200, 0x00000000e1aff200| Untracked 
|  27|0x00000000e1b00000, 0x00000000e1c00000, 0x00000000e1c00000|100%| O|  |TAMS 0x00000000e1c00000, 0x00000000e1c00000| Untracked 
|  28|0x00000000e1c00000, 0x00000000e1d00000, 0x00000000e1d00000|100%| O|  |TAMS 0x00000000e1d00000, 0x00000000e1d00000| Untracked 
|  29|0x00000000e1d00000, 0x00000000e1e00000, 0x00000000e1e00000|100%| O|  |TAMS 0x00000000e1e00000, 0x00000000e1e00000| Untracked 
|  30|0x00000000e1e00000, 0x00000000e1f00000, 0x00000000e1f00000|100%| O|  |TAMS 0x00000000e1f00000, 0x00000000e1f00000| Untracked 
|  31|0x00000000e1f00000, 0x00000000e2000000, 0x00000000e2000000|100%| O|  |TAMS 0x00000000e2000000, 0x00000000e2000000| Untracked 
|  32|0x00000000e2000000, 0x00000000e2100000, 0x00000000e2100000|100%| O|  |TAMS 0x00000000e2100000, 0x00000000e2100000| Untracked 
|  33|0x00000000e2100000, 0x00000000e2200000, 0x00000000e2200000|100%| O|  |TAMS 0x00000000e2200000, 0x00000000e2200000| Untracked 
|  34|0x00000000e2200000, 0x00000000e2300000, 0x00000000e2300000|100%| O|  |TAMS 0x00000000e2300000, 0x00000000e2300000| Untracked 
|  35|0x00000000e2300000, 0x00000000e2400000, 0x00000000e2400000|100%| O|  |TAMS 0x00000000e2400000, 0x00000000e2400000| Untracked 
|  36|0x00000000e2400000, 0x00000000e2500000, 0x00000000e2500000|100%| O|  |TAMS 0x00000000e2500000, 0x00000000e2500000| Untracked 
|  37|0x00000000e2500000, 0x00000000e2600000, 0x00000000e2600000|100%| O|  |TAMS 0x00000000e2600000, 0x00000000e2600000| Untracked 
|  38|0x00000000e2600000, 0x00000000e2700000, 0x00000000e2700000|100%| O|  |TAMS 0x00000000e2700000, 0x00000000e2700000| Untracked 
|  39|0x00000000e2700000, 0x00000000e2800000, 0x00000000e2800000|100%| O|  |TAMS 0x00000000e2700000, 0x00000000e2800000| Untracked 
|  40|0x00000000e2800000, 0x00000000e2800000, 0x00000000e2900000|  0%| F|  |TAMS 0x00000000e2800000, 0x00000000e2800000| Untracked 
|  41|0x00000000e2900000, 0x00000000e2a00000, 0x00000000e2a00000|100%| O|  |TAMS 0x00000000e2a00000, 0x00000000e2a00000| Untracked 
|  42|0x00000000e2a00000, 0x00000000e2b00000, 0x00000000e2b00000|100%| O|  |TAMS 0x00000000e2b00000, 0x00000000e2b00000| Untracked 
|  43|0x00000000e2b00000, 0x00000000e2c00000, 0x00000000e2c00000|100%| O|  |TAMS 0x00000000e2c00000, 0x00000000e2c00000| Untracked 
|  44|0x00000000e2c00000, 0x00000000e2d00000, 0x00000000e2d00000|100%| O|  |TAMS 0x00000000e2d00000, 0x00000000e2d00000| Untracked 
|  45|0x00000000e2d00000, 0x00000000e2e00000, 0x00000000e2e00000|100%| O|  |TAMS 0x00000000e2e00000, 0x00000000e2e00000| Untracked 
|  46|0x00000000e2e00000, 0x00000000e2f00000, 0x00000000e2f00000|100%| O|  |TAMS 0x00000000e2f00000, 0x00000000e2f00000| Untracked 
|  47|0x00000000e2f00000, 0x00000000e3000000, 0x00000000e3000000|100%| O|  |TAMS 0x00000000e3000000, 0x00000000e3000000| Untracked 
|  48|0x00000000e3000000, 0x00000000e3100000, 0x00000000e3100000|100%| O|  |TAMS 0x00000000e3100000, 0x00000000e3100000| Untracked 
|  49|0x00000000e3100000, 0x00000000e3200000, 0x00000000e3200000|100%| O|  |TAMS 0x00000000e3200000, 0x00000000e3200000| Untracked 
|  50|0x00000000e3200000, 0x00000000e3300000, 0x00000000e3300000|100%| O|  |TAMS 0x00000000e3300000, 0x00000000e3300000| Untracked 
|  51|0x00000000e3300000, 0x00000000e3400000, 0x00000000e3400000|100%| O|  |TAMS 0x00000000e3400000, 0x00000000e3400000| Untracked 
|  52|0x00000000e3400000, 0x00000000e3500000, 0x00000000e3500000|100%| O|  |TAMS 0x00000000e3500000, 0x00000000e3500000| Untracked 
|  53|0x00000000e3500000, 0x00000000e3600000, 0x00000000e3600000|100%| O|  |TAMS 0x00000000e35a2200, 0x00000000e3600000| Untracked 
|  54|0x00000000e3600000, 0x00000000e3700000, 0x00000000e3700000|100%| O|  |TAMS 0x00000000e3600000, 0x00000000e3700000| Untracked 
|  55|0x00000000e3700000, 0x00000000e3800000, 0x00000000e3800000|100%| O|  |TAMS 0x00000000e3700000, 0x00000000e3800000| Untracked 
|  56|0x00000000e3800000, 0x00000000e3900000, 0x00000000e3900000|100%| O|  |TAMS 0x00000000e3800000, 0x00000000e3900000| Untracked 
|  57|0x00000000e3900000, 0x00000000e3a00000, 0x00000000e3a00000|100%| O|  |TAMS 0x00000000e3900000, 0x00000000e3a00000| Untracked 
|  58|0x00000000e3a00000, 0x00000000e3b00000, 0x00000000e3b00000|100%| O|  |TAMS 0x00000000e3a00000, 0x00000000e3b00000| Untracked 
|  59|0x00000000e3b00000, 0x00000000e3c00000, 0x00000000e3c00000|100%| O|  |TAMS 0x00000000e3b00000, 0x00000000e3c00000| Untracked 
|  60|0x00000000e3c00000, 0x00000000e3d00000, 0x00000000e3d00000|100%| O|  |TAMS 0x00000000e3c00000, 0x00000000e3d00000| Untracked 
|  61|0x00000000e3d00000, 0x00000000e3e00000, 0x00000000e3e00000|100%| O|  |TAMS 0x00000000e3d00000, 0x00000000e3e00000| Untracked 
|  62|0x00000000e3e00000, 0x00000000e3e66c00, 0x00000000e3f00000| 40%| O|  |TAMS 0x00000000e3e00000, 0x00000000e3e66c00| Untracked 
|  63|0x00000000e3f00000, 0x00000000e4000000, 0x00000000e4000000|100%|HS|  |TAMS 0x00000000e3f00000, 0x00000000e3f00000| Complete 
|  64|0x00000000e4000000, 0x00000000e4100000, 0x00000000e4100000|100%|HC|  |TAMS 0x00000000e4000000, 0x00000000e4000000| Complete 
|  65|0x00000000e4100000, 0x00000000e4100000, 0x00000000e4200000|  0%| F|  |TAMS 0x00000000e4100000, 0x00000000e4100000| Untracked 
|  66|0x00000000e4200000, 0x00000000e4200000, 0x00000000e4300000|  0%| F|  |TAMS 0x00000000e4200000, 0x00000000e4200000| Untracked 
|  67|0x00000000e4300000, 0x00000000e4300000, 0x00000000e4400000|  0%| F|  |TAMS 0x00000000e4300000, 0x00000000e4300000| Untracked 
|  68|0x00000000e4400000, 0x00000000e4400000, 0x00000000e4500000|  0%| F|  |TAMS 0x00000000e4400000, 0x00000000e4400000| Untracked 
|  69|0x00000000e4500000, 0x00000000e4500000, 0x00000000e4600000|  0%| F|  |TAMS 0x00000000e4500000, 0x00000000e4500000| Untracked 
|  70|0x00000000e4600000, 0x00000000e4600000, 0x00000000e4700000|  0%| F|  |TAMS 0x00000000e4600000, 0x00000000e4600000| Untracked 
|  71|0x00000000e4700000, 0x00000000e4700000, 0x00000000e4800000|  0%| F|  |TAMS 0x00000000e4700000, 0x00000000e4700000| Untracked 
|  72|0x00000000e4800000, 0x00000000e4800000, 0x00000000e4900000|  0%| F|  |TAMS 0x00000000e4800000, 0x00000000e4800000| Untracked 
|  73|0x00000000e4900000, 0x00000000e4900000, 0x00000000e4a00000|  0%| F|  |TAMS 0x00000000e4900000, 0x00000000e4900000| Untracked 
|  74|0x00000000e4a00000, 0x00000000e4a00000, 0x00000000e4b00000|  0%| F|  |TAMS 0x00000000e4a00000, 0x00000000e4a00000| Untracked 
|  75|0x00000000e4b00000, 0x00000000e4b00000, 0x00000000e4c00000|  0%| F|  |TAMS 0x00000000e4b00000, 0x00000000e4b00000| Untracked 
|  76|0x00000000e4c00000, 0x00000000e4c00000, 0x00000000e4d00000|  0%| F|  |TAMS 0x00000000e4c00000, 0x00000000e4c00000| Untracked 
|  77|0x00000000e4d00000, 0x00000000e4d00000, 0x00000000e4e00000|  0%| F|  |TAMS 0x00000000e4d00000, 0x00000000e4d00000| Untracked 
|  78|0x00000000e4e00000, 0x00000000e4e00000, 0x00000000e4f00000|  0%| F|  |TAMS 0x00000000e4e00000, 0x00000000e4e00000| Untracked 
|  79|0x00000000e4f00000, 0x00000000e4f00000, 0x00000000e5000000|  0%| F|  |TAMS 0x00000000e4f00000, 0x00000000e4f00000| Untracked 
|  80|0x00000000e5000000, 0x00000000e5000000, 0x00000000e5100000|  0%| F|  |TAMS 0x00000000e5000000, 0x00000000e5000000| Untracked 
|  81|0x00000000e5100000, 0x00000000e5100000, 0x00000000e5200000|  0%| F|  |TAMS 0x00000000e5100000, 0x00000000e5100000| Untracked 
|  82|0x00000000e5200000, 0x00000000e5200000, 0x00000000e5300000|  0%| F|  |TAMS 0x00000000e5200000, 0x00000000e5200000| Untracked 
|  83|0x00000000e5300000, 0x00000000e5300000, 0x00000000e5400000|  0%| F|  |TAMS 0x00000000e5300000, 0x00000000e5300000| Untracked 
|  84|0x00000000e5400000, 0x00000000e5400000, 0x00000000e5500000|  0%| F|  |TAMS 0x00000000e5400000, 0x00000000e5400000| Untracked 
|  85|0x00000000e5500000, 0x00000000e5500000, 0x00000000e5600000|  0%| F|  |TAMS 0x00000000e5500000, 0x00000000e5500000| Untracked 
|  86|0x00000000e5600000, 0x00000000e5600000, 0x00000000e5700000|  0%| F|  |TAMS 0x00000000e5600000, 0x00000000e5600000| Untracked 
|  87|0x00000000e5700000, 0x00000000e5700000, 0x00000000e5800000|  0%| F|  |TAMS 0x00000000e5700000, 0x00000000e5700000| Untracked 
|  88|0x00000000e5800000, 0x00000000e5800000, 0x00000000e5900000|  0%| F|  |TAMS 0x00000000e5800000, 0x00000000e5800000| Untracked 
|  89|0x00000000e5900000, 0x00000000e5900000, 0x00000000e5a00000|  0%| F|  |TAMS 0x00000000e5900000, 0x00000000e5900000| Untracked 
|  90|0x00000000e5a00000, 0x00000000e5a00000, 0x00000000e5b00000|  0%| F|  |TAMS 0x00000000e5a00000, 0x00000000e5a00000| Untracked 
|  91|0x00000000e5b00000, 0x00000000e5b00000, 0x00000000e5c00000|  0%| F|  |TAMS 0x00000000e5b00000, 0x00000000e5b00000| Untracked 
|  92|0x00000000e5c00000, 0x00000000e5c00000, 0x00000000e5d00000|  0%| F|  |TAMS 0x00000000e5c00000, 0x00000000e5c00000| Untracked 
|  93|0x00000000e5d00000, 0x00000000e5d00000, 0x00000000e5e00000|  0%| F|  |TAMS 0x00000000e5d00000, 0x00000000e5d00000| Untracked 
|  94|0x00000000e5e00000, 0x00000000e5e00000, 0x00000000e5f00000|  0%| F|  |TAMS 0x00000000e5e00000, 0x00000000e5e00000| Untracked 
|  95|0x00000000e5f00000, 0x00000000e5f00000, 0x00000000e6000000|  0%| F|  |TAMS 0x00000000e5f00000, 0x00000000e5f00000| Untracked 
|  96|0x00000000e6000000, 0x00000000e6000000, 0x00000000e6100000|  0%| F|  |TAMS 0x00000000e6000000, 0x00000000e6000000| Untracked 
|  97|0x00000000e6100000, 0x00000000e6100000, 0x00000000e6200000|  0%| F|  |TAMS 0x00000000e6100000, 0x00000000e6100000| Untracked 
|  98|0x00000000e6200000, 0x00000000e6200000, 0x00000000e6300000|  0%| F|  |TAMS 0x00000000e6200000, 0x00000000e6200000| Untracked 
|  99|0x00000000e6300000, 0x00000000e6300000, 0x00000000e6400000|  0%| F|  |TAMS 0x00000000e6300000, 0x00000000e6300000| Untracked 
| 100|0x00000000e6400000, 0x00000000e6400000, 0x00000000e6500000|  0%| F|  |TAMS 0x00000000e6400000, 0x00000000e6400000| Untracked 
| 101|0x00000000e6500000, 0x00000000e6500000, 0x00000000e6600000|  0%| F|  |TAMS 0x00000000e6500000, 0x00000000e6500000| Untracked 
| 102|0x00000000e6600000, 0x00000000e6600000, 0x00000000e6700000|  0%| F|  |TAMS 0x00000000e6600000, 0x00000000e6600000| Untracked 
| 103|0x00000000e6700000, 0x00000000e6700000, 0x00000000e6800000|  0%| F|  |TAMS 0x00000000e6700000, 0x00000000e6700000| Untracked 
| 104|0x00000000e6800000, 0x00000000e68fde90, 0x00000000e6900000| 99%| S|CS|TAMS 0x00000000e6800000, 0x00000000e6800000| Complete 
| 105|0x00000000e6900000, 0x00000000e6900000, 0x00000000e6a00000|  0%| F|  |TAMS 0x00000000e6900000, 0x00000000e6900000| Untracked 
| 106|0x00000000e6a00000, 0x00000000e6a00000, 0x00000000e6b00000|  0%| F|  |TAMS 0x00000000e6a00000, 0x00000000e6a00000| Untracked 
| 107|0x00000000e6b00000, 0x00000000e6b00000, 0x00000000e6c00000|  0%| F|  |TAMS 0x00000000e6b00000, 0x00000000e6b00000| Untracked 
| 108|0x00000000e6c00000, 0x00000000e6c00000, 0x00000000e6d00000|  0%| F|  |TAMS 0x00000000e6c00000, 0x00000000e6c00000| Untracked 
| 109|0x00000000e6d00000, 0x00000000e6d00000, 0x00000000e6e00000|  0%| F|  |TAMS 0x00000000e6d00000, 0x00000000e6d00000| Untracked 
| 110|0x00000000e6e00000, 0x00000000e6e00000, 0x00000000e6f00000|  0%| F|  |TAMS 0x00000000e6e00000, 0x00000000e6e00000| Untracked 
| 111|0x00000000e6f00000, 0x00000000e6f00000, 0x00000000e7000000|  0%| F|  |TAMS 0x00000000e6f00000, 0x00000000e6f00000| Untracked 
| 112|0x00000000e7000000, 0x00000000e7000000, 0x00000000e7100000|  0%| F|  |TAMS 0x00000000e7000000, 0x00000000e7000000| Untracked 
| 113|0x00000000e7100000, 0x00000000e7100000, 0x00000000e7200000|  0%| F|  |TAMS 0x00000000e7100000, 0x00000000e7100000| Untracked 
| 114|0x00000000e7200000, 0x00000000e7200000, 0x00000000e7300000|  0%| F|  |TAMS 0x00000000e7200000, 0x00000000e7200000| Untracked 
| 115|0x00000000e7300000, 0x00000000e7300000, 0x00000000e7400000|  0%| F|  |TAMS 0x00000000e7300000, 0x00000000e7300000| Untracked 
| 116|0x00000000e7400000, 0x00000000e7400000, 0x00000000e7500000|  0%| F|  |TAMS 0x00000000e7400000, 0x00000000e7400000| Untracked 
| 117|0x00000000e7500000, 0x00000000e7500000, 0x00000000e7600000|  0%| F|  |TAMS 0x00000000e7500000, 0x00000000e7500000| Untracked 
| 118|0x00000000e7600000, 0x00000000e7600000, 0x00000000e7700000|  0%| F|  |TAMS 0x00000000e7600000, 0x00000000e7600000| Untracked 
| 119|0x00000000e7700000, 0x00000000e7700000, 0x00000000e7800000|  0%| F|  |TAMS 0x00000000e7700000, 0x00000000e7700000| Untracked 
| 120|0x00000000e7800000, 0x00000000e7800000, 0x00000000e7900000|  0%| F|  |TAMS 0x00000000e7800000, 0x00000000e7800000| Untracked 
| 121|0x00000000e7900000, 0x00000000e7900000, 0x00000000e7a00000|  0%| F|  |TAMS 0x00000000e7900000, 0x00000000e7900000| Untracked 
| 155|0x00000000e9b00000, 0x00000000e9b00000, 0x00000000e9c00000|  0%| F|  |TAMS 0x00000000e9b00000, 0x00000000e9b00000| Untracked 
| 156|0x00000000e9c00000, 0x00000000e9c00000, 0x00000000e9d00000|  0%| F|  |TAMS 0x00000000e9c00000, 0x00000000e9c00000| Untracked 
| 157|0x00000000e9d00000, 0x00000000e9d00000, 0x00000000e9e00000|  0%| F|  |TAMS 0x00000000e9d00000, 0x00000000e9d00000| Untracked 
| 158|0x00000000e9e00000, 0x00000000e9e00000, 0x00000000e9f00000|  0%| F|  |TAMS 0x00000000e9e00000, 0x00000000e9e00000| Untracked 
| 159|0x00000000e9f00000, 0x00000000e9f00000, 0x00000000ea000000|  0%| F|  |TAMS 0x00000000e9f00000, 0x00000000e9f00000| Untracked 
| 160|0x00000000ea000000, 0x00000000ea000000, 0x00000000ea100000|  0%| F|  |TAMS 0x00000000ea000000, 0x00000000ea000000| Untracked 
| 161|0x00000000ea100000, 0x00000000ea100000, 0x00000000ea200000|  0%| F|  |TAMS 0x00000000ea100000, 0x00000000ea100000| Untracked 
| 162|0x00000000ea200000, 0x00000000ea200000, 0x00000000ea300000|  0%| F|  |TAMS 0x00000000ea200000, 0x00000000ea200000| Untracked 
| 163|0x00000000ea300000, 0x00000000ea39e660, 0x00000000ea400000| 61%| E|  |TAMS 0x00000000ea300000, 0x00000000ea300000| Complete 
| 164|0x00000000ea400000, 0x00000000ea500000, 0x00000000ea500000|100%| E|CS|TAMS 0x00000000ea400000, 0x00000000ea400000| Complete 
| 165|0x00000000ea500000, 0x00000000ea600000, 0x00000000ea600000|100%| E|CS|TAMS 0x00000000ea500000, 0x00000000ea500000| Complete 
| 166|0x00000000ea600000, 0x00000000ea700000, 0x00000000ea700000|100%| E|CS|TAMS 0x00000000ea600000, 0x00000000ea600000| Complete 
| 249|0x00000000ef900000, 0x00000000efa00000, 0x00000000efa00000|100%| E|CS|TAMS 0x00000000ef900000, 0x00000000ef900000| Complete 
| 510|0x00000000ffe00000, 0x00000000ffe75000, 0x00000000fff00000| 45%|OA|  |TAMS 0x00000000ffe75000, 0x00000000ffe75000| Untracked 
| 511|0x00000000fff00000, 0x00000000fff78000, 0x0000000100000000| 46%|CA|  |TAMS 0x00000000fff78000, 0x00000000fff78000| Untracked 

Card table byte_map: [0x000074b81a9f6000,0x000074b81aaf6000] _byte_map_base: 0x000074b81a2f6000

Marking Bits (Prev, Next): (CMBitMap*) 0x000074b814053690, (CMBitMap*) 0x000074b8140536d0
 Prev Bits: [0x000074b81a000000, 0x000074b81a800000)
 Next Bits: [0x000074b819800000, 0x000074b81a000000)

Polling page: 0x000074b81d2d4000

Metaspace:

Usage:
  Non-class:     46.81 MB used.
      Class:      5.83 MB used.
       Both:     52.65 MB used.

Virtual space:
  Non-class space:       64.00 MB reserved,      47.00 MB ( 73%) committed,  1 nodes.
      Class space:        1.00 GB reserved,       6.00 MB ( <1%) committed,  1 nodes.
             Both:        1.06 GB reserved,      53.00 MB (  5%) committed. 

Chunk freelists:
   Non-Class:  160.00 KB
       Class:  9.87 MB
        Both:  10.03 MB

MaxMetaspaceSize: unlimited
CompressedClassSpaceSize: 1.00 GB
Initial GC threshold: 21.00 MB
Current GC threshold: 60.25 MB
CDS: on
MetaspaceReclaimPolicy: balanced
 - commit_granule_bytes: 65536.
 - commit_granule_words: 8192.
 - virtual_space_node_default_size: 8388608.
 - enlarge_chunks_in_place: 1.
 - new_chunks_are_fully_committed: 0.
 - uncommit_free_chunks: 1.
 - use_allocation_guard: 0.
 - handle_deallocations: 1.


Internal statistics:

num_allocs_failed_limit: 12.
num_arena_births: 338.
num_arena_deaths: 2.
num_vsnodes_births: 2.
num_vsnodes_deaths: 0.
num_space_committed: 846.
num_space_uncommitted: 0.
num_chunks_returned_to_freelist: 15.
num_chunks_taken_from_freelist: 2087.
num_chunk_merges: 12.
num_chunk_splits: 1697.
num_chunks_enlarged: 1470.
num_inconsistent_stats: 0.

CodeHeap 'non-profiled nmethods': size=120028Kb used=2151Kb max_used=2385Kb free=117876Kb
 bounds [0x000074b804ec9000, 0x000074b805139000, 0x000074b80c400000]
CodeHeap 'profiled nmethods': size=120028Kb used=7841Kb max_used=9417Kb free=112186Kb
 bounds [0x000074b7fd400000, 0x000074b7fdd40000, 0x000074b804937000]
CodeHeap 'non-nmethods': size=5704Kb used=1854Kb max_used=1876Kb free=3849Kb
 bounds [0x000074b804937000, 0x000074b804ba7000, 0x000074b804ec9000]
 total_blobs=5584 nmethods=4279 adapters=1218
 compilation: enabled
              stopped_count=0, restarted_count=0
 full_count=0

Compilation events (20 events):
Event: 9.508 Thread 0x000074b814160300 nmethod 5078 0x000074b7fdd0c810 code [0x000074b7fdd0c9c0, 0x000074b7fdd0cb00]
Event: 9.508 Thread 0x000074b814160300 5079       1       java.lang.Class::getClassData (5 bytes)
Event: 9.509 Thread 0x000074b814160300 nmethod 5079 0x000074b804f91990 code [0x000074b804f91b20, 0x000074b804f91bf0]
Event: 9.509 Thread 0x000074b814160300 5074       1       java.lang.invoke.InvokerBytecodeGenerator::setClassWriter (6 bytes)
Event: 9.509 Thread 0x000074b814160300 nmethod 5074 0x000074b804f91690 code [0x000074b804f91820, 0x000074b804f91930]
Event: 9.509 Thread 0x000074b81415edc0 5082       4       sun.net.www.protocol.jar.Handler::parseContextSpec (150 bytes)
Event: 9.516 Thread 0x000074b81415edc0 nmethod 5082 0x000074b804f90990 code [0x000074b804f90b40, 0x000074b804f91218]
Event: 9.516 Thread 0x000074b81415edc0 5083       4       sun.net.www.protocol.jar.Handler::indexOfBangSlash (52 bytes)
Event: 9.520 Thread 0x000074b81415edc0 nmethod 5083 0x000074b804f90310 code [0x000074b804f904a0, 0x000074b804f90718]
Event: 9.520 Thread 0x000074b81415edc0 5086       4       java.io.UnixFileSystem::normalize (41 bytes)
Event: 9.522 Thread 0x000074b81415edc0 nmethod 5086 0x000074b804f8fd90 code [0x000074b804f8ff20, 0x000074b804f90128]
Event: 9.522 Thread 0x000074b81415edc0 5084       4       sun.net.www.protocol.jar.Handler::canonicalizeString (72 bytes)
Event: 9.524 Thread 0x000074b81415edc0 nmethod 5084 0x000074b804f8f610 code [0x000074b804f8f7a0, 0x000074b804f8fa78]
Event: 9.524 Thread 0x000074b81415edc0 5085       4       sun.net.www.protocol.jar.Handler::parseURL (173 bytes)
Event: 9.526 Thread 0x000074b814160300 5087       1       androidx.compose.ui.node.NodeCoordinator::getLayoutNode (5 bytes)
Event: 9.526 Thread 0x000074b814160300 nmethod 5087 0x000074b804f8f310 code [0x000074b804f8f4a0, 0x000074b804f8f570]
Event: 9.527 Thread 0x000074b814160300 5088       1       androidx.compose.ui.node.LayoutNodeLayoutDelegate::getLayoutNode$ui (5 bytes)
Event: 9.527 Thread 0x000074b814160300 nmethod 5088 0x000074b804f8f010 code [0x000074b804f8f1a0, 0x000074b804f8f270]
Event: 9.527 Thread 0x000074b814160300 5089       3       androidx.compose.ui.node.NodeKind::constructor-impl (2 bytes)
Event: 9.527 Thread 0x000074b814160300 nmethod 5089 0x000074b7fdd18a10 code [0x000074b7fdd18ba0, 0x000074b7fdd18c90]

GC Heap History (20 events):
Event: 2.195 GC heap before
{Heap before GC invocations=2 (full 0):
 garbage-first heap   total 258048K, used 62917K [0x00000000e0000000, 0x0000000100000000)
  region size 1024K, 35 young (35840K), 2 survivors (2048K)
 Metaspace       used 13747K, committed 14016K, reserved 1114112K
  class space    used 1627K, committed 1792K, reserved 1048576K
}
Event: 2.216 GC heap after
{Heap after GC invocations=3 (full 0):
 garbage-first heap   total 258048K, used 31344K [0x00000000e0000000, 0x0000000100000000)
  region size 1024K, 4 young (4096K), 4 survivors (4096K)
 Metaspace       used 13747K, committed 14016K, reserved 1114112K
  class space    used 1627K, committed 1792K, reserved 1048576K
}
Event: 4.301 GC heap before
{Heap before GC invocations=3 (full 0):
 garbage-first heap   total 258048K, used 111216K [0x00000000e0000000, 0x0000000100000000)
  region size 1024K, 83 young (84992K), 4 survivors (4096K)
 Metaspace       used 21291K, committed 21504K, reserved 1114112K
  class space    used 2735K, committed 2880K, reserved 1048576K
}
Event: 4.322 GC heap after
{Heap after GC invocations=4 (full 0):
 garbage-first heap   total 258048K, used 39763K [0x00000000e0000000, 0x0000000100000000)
  region size 1024K, 12 young (12288K), 12 survivors (12288K)
 Metaspace       used 21291K, committed 21504K, reserved 1114112K
  class space    used 2735K, committed 2880K, reserved 1048576K
}
Event: 5.507 GC heap before
{Heap before GC invocations=5 (full 0):
 garbage-first heap   total 140288K, used 108371K [0x00000000e0000000, 0x0000000100000000)
  region size 1024K, 80 young (81920K), 12 survivors (12288K)
 Metaspace       used 23269K, committed 23488K, reserved 1114112K
  class space    used 2969K, committed 3072K, reserved 1048576K
}
Event: 5.531 GC heap after
{Heap after GC invocations=6 (full 0):
 garbage-first heap   total 140288K, used 46363K [0x00000000e0000000, 0x0000000100000000)
  region size 1024K, 7 young (7168K), 7 survivors (7168K)
 Metaspace       used 23269K, committed 23488K, reserved 1114112K
  class space    used 2969K, committed 3072K, reserved 1048576K
}
Event: 5.970 GC heap before
{Heap before GC invocations=6 (full 0):
 garbage-first heap   total 140288K, used 97563K [0x00000000e0000000, 0x0000000100000000)
  region size 1024K, 57 young (58368K), 7 survivors (7168K)
 Metaspace       used 23809K, committed 24064K, reserved 1114112K
  class space    used 3019K, committed 3136K, reserved 1048576K
}
Event: 5.983 GC heap after
{Heap after GC invocations=7 (full 0):
 garbage-first heap   total 140288K, used 48393K [0x00000000e0000000, 0x0000000100000000)
  region size 1024K, 3 young (3072K), 3 survivors (3072K)
 Metaspace       used 23809K, committed 24064K, reserved 1114112K
  class space    used 3019K, committed 3136K, reserved 1048576K
}
Event: 6.880 GC heap before
{Heap before GC invocations=7 (full 0):
 garbage-first heap   total 140288K, used 101641K [0x00000000e0000000, 0x0000000100000000)
  region size 1024K, 55 young (56320K), 3 survivors (3072K)
 Metaspace       used 24644K, committed 24896K, reserved 1114112K
  class space    used 3117K, committed 3200K, reserved 1048576K
}
Event: 6.904 GC heap after
{Heap after GC invocations=8 (full 0):
 garbage-first heap   total 140288K, used 54848K [0x00000000e0000000, 0x0000000100000000)
  region size 1024K, 7 young (7168K), 7 survivors (7168K)
 Metaspace       used 24644K, committed 24896K, reserved 1114112K
  class space    used 3117K, committed 3200K, reserved 1048576K
}
Event: 7.974 GC heap before
{Heap before GC invocations=8 (full 0):
 garbage-first heap   total 140288K, used 104000K [0x00000000e0000000, 0x0000000100000000)
  region size 1024K, 55 young (56320K), 7 survivors (7168K)
 Metaspace       used 34179K, committed 34432K, reserved 1114112K
  class space    used 3937K, committed 4032K, reserved 1048576K
}
Event: 7.990 GC heap after
{Heap after GC invocations=9 (full 0):
 garbage-first heap   total 140288K, used 63033K [0x00000000e0000000, 0x0000000100000000)
  region size 1024K, 7 young (7168K), 7 survivors (7168K)
 Metaspace       used 34179K, committed 34432K, reserved 1114112K
  class space    used 3937K, committed 4032K, reserved 1048576K
}
Event: 8.089 GC heap before
{Heap before GC invocations=9 (full 0):
 garbage-first heap   total 140288K, used 69177K [0x00000000e0000000, 0x0000000100000000)
  region size 1024K, 14 young (14336K), 7 survivors (7168K)
 Metaspace       used 35896K, committed 36160K, reserved 1114112K
  class space    used 4214K, committed 4352K, reserved 1048576K
}
Event: 8.096 GC heap after
{Heap after GC invocations=10 (full 0):
 garbage-first heap   total 140288K, used 64014K [0x00000000e0000000, 0x0000000100000000)
  region size 1024K, 1 young (1024K), 1 survivors (1024K)
 Metaspace       used 35896K, committed 36160K, reserved 1114112K
  class space    used 4214K, committed 4352K, reserved 1048576K
}
Event: 8.995 GC heap before
{Heap before GC invocations=11 (full 0):
 garbage-first heap   total 140288K, used 107022K [0x00000000e0000000, 0x0000000100000000)
  region size 1024K, 44 young (45056K), 1 survivors (1024K)
 Metaspace       used 45188K, committed 45504K, reserved 1114112K
  class space    used 5141K, committed 5312K, reserved 1048576K
}
Event: 9.002 GC heap after
{Heap after GC invocations=12 (full 0):
 garbage-first heap   total 140288K, used 64741K [0x00000000e0000000, 0x0000000100000000)
  region size 1024K, 3 young (3072K), 3 survivors (3072K)
 Metaspace       used 45188K, committed 45504K, reserved 1114112K
  class space    used 5141K, committed 5312K, reserved 1048576K
}
Event: 9.073 GC heap before
{Heap before GC invocations=12 (full 0):
 garbage-first heap   total 140288K, used 66789K [0x00000000e0000000, 0x0000000100000000)
  region size 1024K, 6 young (6144K), 3 survivors (3072K)
 Metaspace       used 45952K, committed 46272K, reserved 1114112K
  class space    used 5204K, committed 5376K, reserved 1048576K
}
Event: 9.082 GC heap after
{Heap after GC invocations=13 (full 0):
 garbage-first heap   total 140288K, used 64040K [0x00000000e0000000, 0x0000000100000000)
  region size 1024K, 1 young (1024K), 1 survivors (1024K)
 Metaspace       used 45952K, committed 46272K, reserved 1114112K
  class space    used 5204K, committed 5376K, reserved 1048576K
}
Event: 9.472 GC heap before
{Heap before GC invocations=13 (full 0):
 garbage-first heap   total 140288K, used 92712K [0x00000000e0000000, 0x0000000100000000)
  region size 1024K, 30 young (30720K), 1 survivors (1024K)
 Metaspace       used 52883K, committed 53184K, reserved 1114112K
  class space    used 5870K, committed 6016K, reserved 1048576K
}
Event: 9.486 GC heap after
{Heap after GC invocations=14 (full 0):
 garbage-first heap   total 140288K, used 64835K [0x00000000e0000000, 0x0000000100000000)
  region size 1024K, 1 young (1024K), 1 survivors (1024K)
 Metaspace       used 52883K, committed 53184K, reserved 1114112K
  class space    used 5870K, committed 6016K, reserved 1048576K
}

Dll operation events (14 events):
Event: 0.006 Loaded shared library /nix/store/j5n2kxk19rgrrkb5z1w310sy7dkvlhgj-openjdk-headless-17.0.20.1+1/lib/openjdk/lib/libjava.so
Event: 0.040 Loaded shared library /nix/store/j5n2kxk19rgrrkb5z1w310sy7dkvlhgj-openjdk-headless-17.0.20.1+1/lib/openjdk/lib/libjsvml.so
Event: 0.164 Loaded shared library /nix/store/j5n2kxk19rgrrkb5z1w310sy7dkvlhgj-openjdk-headless-17.0.20.1+1/lib/openjdk/lib/libnio.so
Event: 0.168 Loaded shared library /nix/store/j5n2kxk19rgrrkb5z1w310sy7dkvlhgj-openjdk-headless-17.0.20.1+1/lib/openjdk/lib/libzip.so
Event: 0.258 Loaded shared library /nix/store/j5n2kxk19rgrrkb5z1w310sy7dkvlhgj-openjdk-headless-17.0.20.1+1/lib/openjdk/lib/libverify.so
Event: 0.264 Loaded shared library /nix/store/j5n2kxk19rgrrkb5z1w310sy7dkvlhgj-openjdk-headless-17.0.20.1+1/lib/openjdk/lib/libjimage.so
Event: 0.362 Loaded shared library /nix/store/j5n2kxk19rgrrkb5z1w310sy7dkvlhgj-openjdk-headless-17.0.20.1+1/lib/openjdk/lib/libnet.so
Event: 0.952 Loaded shared library /nix/store/j5n2kxk19rgrrkb5z1w310sy7dkvlhgj-openjdk-headless-17.0.20.1+1/lib/openjdk/lib/libextnet.so
Event: 2.974 Loaded shared library /nix/store/j5n2kxk19rgrrkb5z1w310sy7dkvlhgj-openjdk-headless-17.0.20.1+1/lib/openjdk/lib/libinstrument.so
Event: 2.974 Loaded shared library /nix/store/j5n2kxk19rgrrkb5z1w310sy7dkvlhgj-openjdk-headless-17.0.20.1+1/lib/openjdk/lib/libzip.so
Event: 2.975 Loaded shared library /nix/store/j5n2kxk19rgrrkb5z1w310sy7dkvlhgj-openjdk-headless-17.0.20.1+1/lib/openjdk/lib/libinstrument.so
Event: 6.974 Loaded shared library /home/costeer/.gradle/caches/8.13/transforms/a1abd87eddf4ea4c88c2471864c2e54a/transformed/layoutlib-runtime-15.2.3-linux/data/linux/lib64/layoutlib_jni.so
Event: 8.844 Loaded shared library /nix/store/j5n2kxk19rgrrkb5z1w310sy7dkvlhgj-openjdk-headless-17.0.20.1+1/lib/openjdk/lib/libawt.so
Event: 8.845 Loaded shared library /nix/store/j5n2kxk19rgrrkb5z1w310sy7dkvlhgj-openjdk-headless-17.0.20.1+1/lib/openjdk/lib/libawt_headless.so

Deoptimization events (20 events):
Event: 8.068 Thread 0x000074b8140244d0 DEOPT PACKING pc=0x000074b80503c224 sp=0x000074b81cffd030
Event: 8.068 Thread 0x000074b8140244d0 DEOPT UNPACKING pc=0x000074b80498d699 sp=0x000074b81cffcf68 mode 2
Event: 8.082 Thread 0x000074b8140244d0 Uncommon trap: trap_request=0xffffff45 fr.pc=0x000074b80503c6dc relative=0x00000000000000bc
Event: 8.082 Thread 0x000074b8140244d0 Uncommon trap: reason=unstable_if action=reinterpret pc=0x000074b80503c6dc method=java.lang.ThreadLocal$ThreadLocalMap.getEntry(Ljava/lang/ThreadLocal;)Ljava/lang/ThreadLocal$ThreadLocalMap$Entry; @ 29 c2
Event: 8.082 Thread 0x000074b8140244d0 DEOPT PACKING pc=0x000074b80503c6dc sp=0x000074b81cffc520
Event: 8.082 Thread 0x000074b8140244d0 DEOPT UNPACKING pc=0x000074b80498d699 sp=0x000074b81cffc4e0 mode 2
Event: 9.283 Thread 0x000074b8140244d0 DEOPT PACKING pc=0x000074b7fd43613b sp=0x000074b81cffa850
Event: 9.283 Thread 0x000074b8140244d0 DEOPT UNPACKING pc=0x000074b80498de2f sp=0x000074b81cff9d00 mode 0
Event: 9.442 Thread 0x000074b8140244d0 Uncommon trap: trap_request=0xffffff45 fr.pc=0x000074b804f81904 relative=0x0000000000001d04
Event: 9.442 Thread 0x000074b8140244d0 Uncommon trap: reason=unstable_if action=reinterpret pc=0x000074b804f81904 method=jdk.internal.loader.URLClassPath$FileLoader.getResource(Ljava/lang/String;Z)Ljdk/internal/loader/Resource; @ 139 c2
Event: 9.442 Thread 0x000074b8140244d0 DEOPT PACKING pc=0x000074b804f81904 sp=0x000074b81cff95a0
Event: 9.442 Thread 0x000074b8140244d0 DEOPT UNPACKING pc=0x000074b80498d699 sp=0x000074b81cff9508 mode 2
Event: 9.467 Thread 0x000074b8140244d0 Uncommon trap: trap_request=0xffffffde fr.pc=0x000074b80503bafc relative=0x000000000000005c
Event: 9.467 Thread 0x000074b8140244d0 Uncommon trap: reason=class_check action=maybe_recompile pc=0x000074b80503bafc method=kotlin.collections.AbstractMutableList.size()I @ 1 c2
Event: 9.467 Thread 0x000074b8140244d0 DEOPT PACKING pc=0x000074b80503bafc sp=0x000074b81cffc230
Event: 9.467 Thread 0x000074b8140244d0 DEOPT UNPACKING pc=0x000074b80498d699 sp=0x000074b81cffc1e0 mode 2
Event: 9.498 Thread 0x000074b8140244d0 Uncommon trap: trap_request=0xffffff76 fr.pc=0x000074b8050e0b18 relative=0x0000000000000898
Event: 9.498 Thread 0x000074b8140244d0 Uncommon trap: reason=predicate action=maybe_recompile pc=0x000074b8050e0b18 method=java.util.TreeMap.put(Ljava/lang/Object;Ljava/lang/Object;Z)Ljava/lang/Object; @ 27 c2
Event: 9.498 Thread 0x000074b8140244d0 DEOPT PACKING pc=0x000074b8050e0b18 sp=0x000074b81cffaf00
Event: 9.498 Thread 0x000074b8140244d0 DEOPT UNPACKING pc=0x000074b80498d699 sp=0x000074b81cffadd8 mode 2

Classes loaded (20 events):
Event: 9.472 Loading class sun/java2d/StateTrackable done
Event: 9.472 Loading class sun/java2d/StateTrackableDelegate done
Event: 9.472 Loading class sun/java2d/StateTrackableDelegate$2
Event: 9.472 Loading class sun/java2d/StateTrackableDelegate$2 done
Event: 9.487 Loading class java/awt/Point
Event: 9.487 Loading class java/awt/geom/Point2D
Event: 9.487 Loading class java/awt/geom/Point2D done
Event: 9.487 Loading class java/awt/Point done
Event: 9.488 Loading class java/awt/image/SinglePixelPackedSampleModel
Event: 9.488 Loading class java/awt/image/SampleModel
Event: 9.488 Loading class java/awt/image/SampleModel done
Event: 9.488 Loading class java/awt/image/SinglePixelPackedSampleModel done
Event: 9.488 Loading class sun/awt/image/IntegerInterleavedRaster
Event: 9.488 Loading class sun/awt/image/IntegerComponentRaster
Event: 9.489 Loading class sun/awt/image/IntegerComponentRaster done
Event: 9.489 Loading class sun/awt/image/IntegerInterleavedRaster done
Event: 9.495 Loading class sun/awt/image/NativeLibLoader
Event: 9.496 Loading class sun/awt/image/NativeLibLoader done
Event: 9.496 Loading class sun/awt/image/NativeLibLoader$1
Event: 9.496 Loading class sun/awt/image/NativeLibLoader$1 done

Classes unloaded (1 events):
Event: 8.150 Thread 0x000074b8141501b0 Unloading class 0x000074b7a02b8000 'net/bytebuddy/mirror/AccessibleObject'

Classes redefined (0 events):
No events

Internal exceptions (20 events):
Event: 8.633 Thread 0x000074b8140244d0 Exception <a 'java/lang/NoSuchMethodError'{0x00000000e6a18f68}: 'void java.lang.invoke.DirectMethodHandle$Holder.invokeVirtual(java.lang.Object, java.lang.Object)'> (0x00000000e6a18f68) 
thrown [src/hotspot/share/interpreter/linkResolver.cpp, line 758]
Event: 8.831 Thread 0x000074b8140244d0 Exception <a 'java/lang/NoSuchMethodError'{0x00000000e6484fd0}: 'java.lang.Object java.lang.invoke.DirectMethodHandle$Holder.invokeStatic(java.lang.Object, java.lang.Object, java.lang.Object, java.lang.Object, java.lang.Object, int)'> (0x00000000e6484fd0) 
thrown [src/hotspot/share/interpreter/linkResolver.cpp, line 758]
Event: 8.839 Thread 0x000074b8140244d0 Exception <a 'java/lang/ClassNotFoundException'{0x00000000e64ef138}: sun/awt/resources/spi/awtProvider> (0x00000000e64ef138) 
thrown [src/hotspot/share/classfile/systemDictionary.cpp, line 257]
Event: 8.845 Thread 0x000074b8140244d0 Exception <a 'java/io/FileNotFoundException'{0x00000000e64f45d0}> (0x00000000e64f45d0) 
thrown [src/hotspot/share/prims/jni.cpp, line 516]
Event: 8.845 Thread 0x000074b8140244d0 Exception <a 'java/io/FileNotFoundException'{0x00000000e64f5d28}> (0x00000000e64f5d28) 
thrown [src/hotspot/share/prims/jni.cpp, line 516]
Event: 8.903 Thread 0x000074b8140244d0 Exception <a 'java/lang/NoSuchMethodError'{0x00000000e612f090}: 'java.lang.Object java.lang.invoke.DirectMethodHandle$Holder.newInvokeSpecial(java.lang.Object, java.lang.Object, long, java.lang.Object)'> (0x00000000e612f090) 
thrown [src/hotspot/share/interpreter/linkResolver.cpp, line 758]
Event: 8.903 Thread 0x000074b8140244d0 Exception <a 'java/lang/NoSuchMethodError'{0x00000000e6133450}: 'java.lang.Object java.lang.invoke.DirectMethodHandle$Holder.invokeSpecial(java.lang.Object, java.lang.Object, java.lang.Object, long, java.lang.Object)'> (0x00000000e6133450) 
thrown [src/hotspot/share/interpreter/linkResolver.cpp, line 758]
Event: 8.903 Thread 0x000074b8140244d0 Exception <a 'java/lang/NoSuchMethodError'{0x00000000e61372c8}: 'java.lang.Object java.lang.invoke.Invokers$Holder.linkToTargetMethod(java.lang.Object, long, java.lang.Object, java.lang.Object)'> (0x00000000e61372c8) 
thrown [src/hotspot/share/interpreter/linkResolver.cpp, line 758]
Event: 8.920 Thread 0x000074b8140244d0 Exception <a 'java/lang/NoSuchMethodError'{0x00000000e61c8610}: 'java.lang.Object java.lang.invoke.DirectMethodHandle$Holder.newInvokeSpecial(java.lang.Object, long, java.lang.Object)'> (0x00000000e61c8610) 
thrown [src/hotspot/share/interpreter/linkResolver.cpp, line 758]
Event: 8.923 Thread 0x000074b8140244d0 Exception <a 'java/lang/NoSuchMethodError'{0x00000000e61cc770}: 'java.lang.Object java.lang.invoke.DirectMethodHandle$Holder.invokeSpecial(java.lang.Object, java.lang.Object, long, java.lang.Object)'> (0x00000000e61cc770) 
thrown [src/hotspot/share/interpreter/linkResolver.cpp, line 758]
Event: 9.149 Thread 0x000074b8140244d0 Exception <a 'java/lang/NoSuchMethodError'{0x00000000ea387180}: 'int java.lang.invoke.DirectMethodHandle$Holder.invokeStaticInit(java.lang.Object, java.lang.Object, java.lang.Object)'> (0x00000000ea387180) 
thrown [src/hotspot/share/interpreter/linkResolver.cpp, line 758]
Event: 9.282 Thread 0x000074b8140244d0 Exception <a 'java/lang/NoSuchMethodError'{0x00000000e75e78d0}: 'java.lang.Object java.lang.invoke.DirectMethodHandle$Holder.invokeStaticInit(java.lang.Object, java.lang.Object, int)'> (0x00000000e75e78d0) 
thrown [src/hotspot/share/interpreter/linkResolver.cpp, line 758]
Event: 9.289 Thread 0x000074b8140244d0 Exception <a 'java/lang/NoSuchMethodError'{0x00000000e740a018}: 'java.lang.Object java.lang.invoke.DirectMethodHandle$Holder.newInvokeSpecial(java.lang.Object, java.lang.Object, java.lang.Object, java.lang.Object, int)'> (0x00000000e740a018) 
thrown [src/hotspot/share/interpreter/linkResolver.cpp, line 758]
Event: 9.290 Thread 0x000074b8140244d0 Exception <a 'java/lang/NoSuchMethodError'{0x00000000e740e500}: 'java.lang.Object java.lang.invoke.DirectMethodHandle$Holder.invokeSpecial(java.lang.Object, java.lang.Object, java.lang.Object, java.lang.Object, java.lang.Object, int)'> (0x00000000e740e500) 
thrown [src/hotspot/share/interpreter/linkResolver.cpp, line 758]
Event: 9.290 Thread 0x000074b8140244d0 Exception <a 'java/lang/NoSuchMethodError'{0x00000000e7411fa8}: 'java.lang.Object java.lang.invoke.Invokers$Holder.linkToTargetMethod(java.lang.Object, java.lang.Object, java.lang.Object, int, java.lang.Object)'> (0x00000000e7411fa8) 
thrown [src/hotspot/share/interpreter/linkResolver.cpp, line 758]
Event: 9.401 Thread 0x000074b8140244d0 Exception <a 'java/lang/NoSuchMethodError'{0x00000000e6fdc220}: 'int java.lang.invoke.DirectMethodHandle$Holder.invokeStatic(java.lang.Object)'> (0x00000000e6fdc220) 
thrown [src/hotspot/share/interpreter/linkResolver.cpp, line 758]
Event: 9.402 Thread 0x000074b8140244d0 Exception <a 'java/lang/NoSuchMethodError'{0x00000000e6fdfe18}: 'int java.lang.invoke.DirectMethodHandle$Holder.invokeStaticInit(java.lang.Object)'> (0x00000000e6fdfe18) 
thrown [src/hotspot/share/interpreter/linkResolver.cpp, line 758]
Event: 9.464 Thread 0x000074b8140244d0 Exception <a 'java/lang/NoSuchMethodError'{0x00000000e693adb8}: 'java.lang.Object java.lang.invoke.DirectMethodHandle$Holder.newInvokeSpecial(java.lang.Object, java.lang.Object, java.lang.Object, int, java.lang.Object)'> (0x00000000e693adb8) 
thrown [src/hotspot/share/interpreter/linkResolver.cpp, line 758]
Event: 9.465 Thread 0x000074b8140244d0 Exception <a 'java/lang/NoSuchMethodError'{0x00000000e693f210}: 'java.lang.Object java.lang.invoke.DirectMethodHandle$Holder.invokeSpecial(java.lang.Object, java.lang.Object, java.lang.Object, java.lang.Object, int, java.lang.Object)'> (0x00000000e693f210) 
thrown [src/hotspot/share/interpreter/linkResolver.cpp, line 758]
Event: 9.465 Thread 0x000074b8140244d0 Exception <a 'java/lang/NoSuchMethodError'{0x00000000e6942cb8}: 'java.lang.Object java.lang.invoke.Invokers$Holder.linkToTargetMethod(java.lang.Object, java.lang.Object, int, java.lang.Object, java.lang.Object)'> (0x00000000e6942cb8) 
thrown [src/hotspot/share/interpreter/linkResolver.cpp, line 758]

VM Operations (20 events):
Event: 7.811 Executing VM operation: HandshakeAllThreads
Event: 7.811 Executing VM operation: HandshakeAllThreads done
Event: 7.974 Executing VM operation: G1CollectForAllocation
Event: 7.990 Executing VM operation: G1CollectForAllocation done
Event: 8.089 Executing VM operation: CollectForMetadataAllocation
Event: 8.097 Executing VM operation: CollectForMetadataAllocation done
Event: 8.112 Executing VM operation: CollectForMetadataAllocation
Event: 8.115 Executing VM operation: CollectForMetadataAllocation done
Event: 8.133 Executing VM operation: CollectForMetadataAllocation
Event: 8.133 Executing VM operation: CollectForMetadataAllocation done
Event: 8.149 Executing VM operation: G1PauseRemark
Event: 8.172 Executing VM operation: G1PauseRemark done
Event: 8.204 Executing VM operation: G1PauseCleanup
Event: 8.205 Executing VM operation: G1PauseCleanup done
Event: 8.994 Executing VM operation: G1CollectForAllocation
Event: 9.003 Executing VM operation: G1CollectForAllocation done
Event: 9.073 Executing VM operation: G1CollectForAllocation
Event: 9.082 Executing VM operation: G1CollectForAllocation done
Event: 9.472 Executing VM operation: G1TryInitiateConcMark
Event: 9.486 Executing VM operation: G1TryInitiateConcMark done

Memory protections (20 events):
Event: 0.048 Protecting memory [0x000074b81861f000,0x000074b818623000] with protection modes 0
Event: 0.050 Protecting memory [0x000074b81851f000,0x000074b818523000] with protection modes 0
Event: 0.056 Protecting memory [0x000074b81841f000,0x000074b818423000] with protection modes 0
Event: 0.057 Protecting memory [0x000074b81831f000,0x000074b818323000] with protection modes 0
Event: 0.060 Protecting memory [0x000074b81811f000,0x000074b818123000] with protection modes 0
Event: 0.062 Protecting memory [0x000074b81821f000,0x000074b818223000] with protection modes 0
Event: 0.062 Protecting memory [0x000074b81801f000,0x000074b818023000] with protection modes 0
Event: 0.067 Protecting memory [0x000074b7fcf00000,0x000074b7fcf04000] with protection modes 0
Event: 0.150 Protecting memory [0x000074b7fce00000,0x000074b7fce04000] with protection modes 0
Event: 0.156 Protecting memory [0x000074b7fcd00000,0x000074b7fcd04000] with protection modes 0
Event: 0.542 Protecting memory [0x000074b7fcaff000,0x000074b7fcb03000] with protection modes 0
Event: 1.032 Protecting memory [0x000074b7fc4fa000,0x000074b7fc4fe000] with protection modes 0
Event: 1.057 Protecting memory [0x000074b7fc3fa000,0x000074b7fc3fe000] with protection modes 0
Event: 1.060 Protecting memory [0x000074b7fc2fa000,0x000074b7fc2fe000] with protection modes 0
Event: 2.517 Protecting memory [0x000074b7fd3de000,0x000074b7fd3e2000] with protection modes 0
Event: 2.869 Protecting memory [0x000074b7edf00000,0x000074b7edf04000] with protection modes 0
Event: 7.070 Protecting memory [0x000074b7ed9fc000,0x000074b7eda00000] with protection modes 0
Event: 8.578 Protecting memory [0x000074b71fe00000,0x000074b71fe04000] with protection modes 0
Event: 8.830 Protecting memory [0x000074b7ec900000,0x000074b7ec904000] with protection modes 0
Event: 8.834 Protecting memory [0x000074b7ec800000,0x000074b7ec804000] with protection modes 0

Nmethod flushes (20 events):
Event: 7.789 Thread 0x000074b814161780 flushing  nmethod 0x000074b7fdcf2190
Event: 7.789 Thread 0x000074b814161780 flushing  nmethod 0x000074b7fdcf2910
Event: 7.789 Thread 0x000074b814161780 flushing  nmethod 0x000074b7fdcf3d10
Event: 7.789 Thread 0x000074b814161780 flushing  nmethod 0x000074b7fdcf7d10
Event: 7.789 Thread 0x000074b814161780 flushing  nmethod 0x000074b7fdcf8290
Event: 7.789 Thread 0x000074b814161780 flushing  nmethod 0x000074b7fdcf8a10
Event: 7.789 Thread 0x000074b814161780 flushing  nmethod 0x000074b7fdcf9110
Event: 7.789 Thread 0x000074b814161780 flushing  nmethod 0x000074b7fdcfa590
Event: 7.789 Thread 0x000074b814161780 flushing  nmethod 0x000074b7fdcfaa10
Event: 7.789 Thread 0x000074b814161780 flushing  nmethod 0x000074b7fdcfb110
Event: 7.789 Thread 0x000074b814161780 flushing  nmethod 0x000074b7fdcfb490
Event: 7.789 Thread 0x000074b814161780 flushing  nmethod 0x000074b7fdd0b910
Event: 7.789 Thread 0x000074b814161780 flushing  nmethod 0x000074b7fdd0c810
Event: 7.789 Thread 0x000074b814161780 flushing  nmethod 0x000074b7fdd0d710
Event: 7.789 Thread 0x000074b814161780 flushing  nmethod 0x000074b7fdd12290
Event: 7.789 Thread 0x000074b814161780 flushing  nmethod 0x000074b7fdd15610
Event: 7.789 Thread 0x000074b814161780 flushing  nmethod 0x000074b7fdd16490
Event: 7.789 Thread 0x000074b814161780 flushing  nmethod 0x000074b7fdd16a10
Event: 7.789 Thread 0x000074b814161780 flushing  nmethod 0x000074b7fdd17690
Event: 7.789 Thread 0x000074b814161780 flushing  nmethod 0x000074b7fdd18a10

Events (20 events):
Event: 0.048 Thread 0x000074b8140244d0 Thread added: 0x000074b814154340
Event: 0.049 Thread 0x000074b8140244d0 Thread added: 0x000074b814155650
Event: 0.056 Thread 0x000074b8140244d0 Thread added: 0x000074b81415ac20
Event: 0.057 Thread 0x000074b8140244d0 Thread added: 0x000074b81415bfe0
Event: 0.059 Thread 0x000074b8140244d0 Thread added: 0x000074b81415d400
Event: 0.060 Thread 0x000074b8140244d0 Thread added: 0x000074b81415edc0
Event: 0.062 Thread 0x000074b8140244d0 Thread added: 0x000074b814160300
Event: 0.067 Thread 0x000074b8140244d0 Thread added: 0x000074b814161780
Event: 0.150 Thread 0x000074b8140244d0 Thread added: 0x000074b81419a7a0
Event: 0.156 Thread 0x000074b8140244d0 Thread added: 0x000074b81419c5a0
Event: 0.542 Thread 0x000074b81415edc0 Thread added: 0x000074b77c13ca70
Event: 1.031 Thread 0x000074b8140244d0 Thread added: 0x000074b814b9f4a0
Event: 1.057 Thread 0x000074b8140244d0 Thread added: 0x000074b814bc3a20
Event: 1.060 Thread 0x000074b8140244d0 Thread added: 0x000074b814bc41c0
Event: 2.516 Thread 0x000074b8140244d0 Thread added: 0x000074b81521ed80
Event: 2.869 Thread 0x000074b81415ac20 Thread added: 0x000074b790000fb0
Event: 7.069 Thread 0x000074b8140244d0 Thread added: 0x000074b814e57810
Event: 8.578 Thread 0x000074b718000c30 Thread added: 0x000074b718000c30
Event: 8.829 Thread 0x000074b8140244d0 Thread added: 0x000074b815f858c0
Event: 8.830 Thread 0x000074b8140244d0 Thread added: 0x000074b815f8a540


Dynamic libraries:
e0000000-e7a00000 rw-p 00000000 00:00 0 
e7a00000-e9b00000 ---p 00000000 00:00 0 
e9b00000-ea700000 rw-p 00000000 00:00 0 
ea700000-ef900000 ---p 00000000 00:00 0 
ef900000-efa00000 rw-p 00000000 00:00 0 
efa00000-ffe00000 ---p 00000000 00:00 0 
ffe00000-ffe75000 rw-p 00c77000 103:04 12327881                          /nix/store/j5n2kxk19rgrrkb5z1w310sy7dkvlhgj-openjdk-headless-17.0.20.1+1/lib/openjdk/lib/server/classes.jsa
ffe75000-fff00000 rw-p 00000000 00:00 0 
fff00000-fff78000 rw-p 00bff000 103:04 12327881                          /nix/store/j5n2kxk19rgrrkb5z1w310sy7dkvlhgj-openjdk-headless-17.0.20.1+1/lib/openjdk/lib/server/classes.jsa
fff78000-100000000 rw-p 00000000 00:00 0 
5ef353129000-5ef35312a000 r--p 00000000 103:04 11945825                  /nix/store/j5n2kxk19rgrrkb5z1w310sy7dkvlhgj-openjdk-headless-17.0.20.1+1/lib/openjdk/bin/java
5ef35312a000-5ef35312b000 r-xp 00001000 103:04 11945825                  /nix/store/j5n2kxk19rgrrkb5z1w310sy7dkvlhgj-openjdk-headless-17.0.20.1+1/lib/openjdk/bin/java
5ef35312b000-5ef35312c000 r--p 00002000 103:04 11945825                  /nix/store/j5n2kxk19rgrrkb5z1w310sy7dkvlhgj-openjdk-headless-17.0.20.1+1/lib/openjdk/bin/java
5ef35312c000-5ef35312d000 r--p 00002000 103:04 11945825                  /nix/store/j5n2kxk19rgrrkb5z1w310sy7dkvlhgj-openjdk-headless-17.0.20.1+1/lib/openjdk/bin/java
5ef35312d000-5ef353130000 rw-p 00003000 103:04 11945825                  /nix/store/j5n2kxk19rgrrkb5z1w310sy7dkvlhgj-openjdk-headless-17.0.20.1+1/lib/openjdk/bin/java
5ef3603f9000-5ef360442000 rw-p 00000000 00:00 0                          [heap]
74b710000000-74b710021000 rw-p 00000000 00:00 0 
74b710021000-74b714000000 ---p 00000000 00:00 0 
74b714000000-74b714021000 rw-p 00000000 00:00 0 
74b714021000-74b718000000 ---p 00000000 00:00 0 
74b718000000-74b718021000 rw-p 00000000 00:00 0 
74b718021000-74b71c000000 ---p 00000000 00:00 0 
74b71fdff000-74b71fe00000 rw-p 00000000 00:00 0 
74b71fe00000-74b71fe04000 ---p 00000000 00:00 0 
74b71fe04000-74b720600000 rw-p 00000000 00:00 0 
74b720600000-74b721f0f000 r--s 00000000 103:04 3424556                   /home/costeer/.gradle/caches/8.13/transforms/a1abd87eddf4ea4c88c2471864c2e54a/transformed/layoutlib-runtime-15.2.3-linux/data/fonts/NotoSerifCJK-Regular.ttc
74b722000000-74b723edc000 r--s 00000000 103:04 3424605                   /home/costeer/.gradle/caches/8.13/transforms/a1abd87eddf4ea4c88c2471864c2e54a/transformed/layoutlib-runtime-15.2.3-linux/data/fonts/NotoSansCJK-Regular.ttc
74b724000000-74b724488000 rw-p 00000000 00:00 0 
74b724488000-74b728000000 ---p 00000000 00:00 0 
74b728000000-74b728021000 rw-p 00000000 00:00 0 
74b728021000-74b72c000000 ---p 00000000 00:00 0 
74b72c000000-74b72c021000 rw-p 00000000 00:00 0 
74b72c021000-74b730000000 ---p 00000000 00:00 0 
74b730000000-74b730021000 rw-p 00000000 00:00 0 
74b730021000-74b734000000 ---p 00000000 00:00 0 
74b734000000-74b734033000 rw-p 00000000 00:00 0 
74b734033000-74b738000000 ---p 00000000 00:00 0 
74b738000000-74b738021000 rw-p 00000000 00:00 0 
74b738021000-74b73c000000 ---p 00000000 00:00 0 
74b73c000000-74b73c021000 rw-p 00000000 00:00 0 
74b73c021000-74b740000000 ---p 00000000 00:00 0 
74b740000000-74b740021000 rw-p 00000000 00:00 0 
74b740021000-74b744000000 ---p 00000000 00:00 0 
74b744000000-74b74406a000 rw-p 00000000 00:00 0 
74b74406a000-74b748000000 ---p 00000000 00:00 0 
74b748000000-74b748021000 rw-p 00000000 00:00 0 
74b748021000-74b74c000000 ---p 00000000 00:00 0 
74b74c000000-74b74c021000 rw-p 00000000 00:00 0 
74b74c021000-74b750000000 ---p 00000000 00:00 0 
74b750000000-74b750021000 rw-p 00000000 00:00 0 
74b750021000-74b754000000 ---p 00000000 00:00 0 
74b754000000-74b754040000 rw-p 00000000 00:00 0 
74b754040000-74b758000000 ---p 00000000 00:00 0 
74b758000000-74b758021000 rw-p 00000000 00:00 0 
74b758021000-74b75c000000 ---p 00000000 00:00 0 
74b75c000000-74b75c021000 rw-p 00000000 00:00 0 
74b75c021000-74b760000000 ---p 00000000 00:00 0 
74b760000000-74b760021000 rw-p 00000000 00:00 0 
74b760021000-74b764000000 ---p 00000000 00:00 0 
74b764000000-74b7675ab000 rw-p 00000000 00:00 0 
74b7675ab000-74b768000000 ---p 00000000 00:00 0 
74b768000000-74b768021000 rw-p 00000000 00:00 0 
74b768021000-74b76c000000 ---p 00000000 00:00 0 
74b76c000000-74b76c021000 rw-p 00000000 00:00 0 
74b76c021000-74b770000000 ---p 00000000 00:00 0 
74b770000000-74b770021000 rw-p 00000000 00:00 0 
74b770021000-74b774000000 ---p 00000000 00:00 0 
74b774000000-74b774021000 rw-p 00000000 00:00 0 
74b774021000-74b778000000 ---p 00000000 00:00 0 
74b778000000-74b778021000 rw-p 00000000 00:00 0 
74b778021000-74b77c000000 ---p 00000000 00:00 0 
74b77c000000-74b77e01e000 rw-p 00000000 00:00 0 
74b77e01e000-74b780000000 ---p 00000000 00:00 0 
74b780000000-74b781025000 rw-p 00000000 00:00 0 
74b781025000-74b784000000 ---p 00000000 00:00 0 
74b784000000-74b784021000 rw-p 00000000 00:00 0 
74b784021000-74b788000000 ---p 00000000 00:00 0 
74b788000000-74b788021000 rw-p 00000000 00:00 0 
74b788021000-74b78c000000 ---p 00000000 00:00 0 
74b78c000000-74b78c021000 rw-p 00000000 00:00 0 
74b78c021000-74b790000000 ---p 00000000 00:00 0 
74b790000000-74b790021000 rw-p 00000000 00:00 0 
74b790021000-74b794000000 ---p 00000000 00:00 0 
74b794000000-74b794021000 rw-p 00000000 00:00 0 
74b794021000-74b798000000 ---p 00000000 00:00 0 
74b7982c4000-74b7982c5000 r--s 00000000 103:04 3424452                   /home/costeer/.gradle/caches/8.13/transforms/a1abd87eddf4ea4c88c2471864c2e54a/transformed/layoutlib-runtime-15.2.3-linux/data/hyphen-data/hyph-und-ethi.hyb
74b7982c5000-74b7982ca000 r--s 00000000 103:04 3424432                   /home/costeer/.gradle/caches/8.13/transforms/a1abd87eddf4ea4c88c2471864c2e54a/transformed/layoutlib-runtime-15.2.3-linux/data/hyphen-data/hyph-uk.hyb
74b7982ca000-74b7982cb000 r--s 00000000 103:04 3424444                   /home/costeer/.gradle/caches/8.13/transforms/a1abd87eddf4ea4c88c2471864c2e54a/transformed/layoutlib-runtime-15.2.3-linux/data/hyphen-data/hyph-tk.hyb
74b7982cb000-74b7982cc000 r--s 00000000 103:04 3424436                   /home/costeer/.gradle/caches/8.13/transforms/a1abd87eddf4ea4c88c2471864c2e54a/transformed/layoutlib-runtime-15.2.3-linux/data/hyphen-data/hyph-te.hyb
74b7982cc000-74b7982cd000 r--s 00000000 103:04 3424434                   /home/costeer/.gradle/caches/8.13/transforms/a1abd87eddf4ea4c88c2471864c2e54a/transformed/layoutlib-runtime-15.2.3-linux/data/hyphen-data/hyph-ta.hyb
74b7982cd000-74b7982df000 r--s 00000000 103:04 3424438                   /home/costeer/.gradle/caches/8.13/transforms/a1abd87eddf4ea4c88c2471864c2e54a/transformed/layoutlib-runtime-15.2.3-linux/data/hyphen-data/hyph-sv.hyb
74b7982df000-74b7982e0000 r--s 00000000 103:04 3424450                   /home/costeer/.gradle/caches/8.13/transforms/a1abd87eddf4ea4c88c2471864c2e54a/transformed/layoutlib-runtime-15.2.3-linux/data/hyphen-data/hyph-sq.hyb
74b7982e0000-74b7982e2000 r--s 00000000 103:04 3424480                   /home/costeer/.gradle/caches/8.13/transforms/a1abd87eddf4ea4c88c2471864c2e54a/transformed/layoutlib-runtime-15.2.3-linux/data/hyphen-data/hyph-sl.hyb
74b7982e2000-74b7982f2000 r--s 00000000 103:04 3424463                   /home/costeer/.gradle/caches/8.13/transforms/a1abd87eddf4ea4c88c2471864c2e54a/transformed/layoutlib-runtime-15.2.3-linux/data/hyphen-data/hyph-sk.hyb
74b7982f2000-74b7982f7000 r--s 00000000 103:04 3424435                   /home/costeer/.gradle/caches/8.13/transforms/a1abd87eddf4ea4c88c2471864c2e54a/transformed/layoutlib-runtime-15.2.3-linux/data/hyphen-data/hyph-ru.hyb
74b7982f7000-74b7982f8000 r--s 00000000 103:04 3424440                   /home/costeer/.gradle/caches/8.13/transforms/a1abd87eddf4ea4c88c2471864c2e54a/transformed/layoutlib-runtime-15.2.3-linux/data/hyphen-data/hyph-pt.hyb
74b7982f8000-74b7982fd000 r--s 00000000 103:04 3424476                   /home/costeer/.gradle/caches/8.13/transforms/a1abd87eddf4ea4c88c2471864c2e54a/transformed/layoutlib-runtime-15.2.3-linux/data/hyphen-data/hyph-pl.hyb
74b7982fd000-74b7982fe000 r--s 00000000 103:04 3424467                   /home/costeer/.gradle/caches/8.13/transforms/a1abd87eddf4ea4c88c2471864c2e54a/transformed/layoutlib-runtime-15.2.3-linux/data/hyphen-data/hyph-pa.hyb
74b7982fe000-74b7982ff000 r--s 00000000 103:04 3424466                   /home/costeer/.gradle/caches/8.13/transforms/a1abd87eddf4ea4c88c2471864c2e54a/transformed/layoutlib-runtime-15.2.3-linux/data/hyphen-data/hyph-or.hyb
74b7982ff000-74b798323000 r--s 00000000 103:04 3424472                   /home/costeer/.gradle/caches/8.13/transforms/a1abd87eddf4ea4c88c2471864c2e54a/transformed/layoutlib-runtime-15.2.3-linux/data/hyphen-data/hyph-nn.hyb
74b798323000-74b798336000 r--s 00000000 103:04 3424474                   /home/costeer/.gradle/caches/8.13/transforms/a1abd87eddf4ea4c88c2471864c2e54a/transformed/layoutlib-runtime-15.2.3-linux/data/hyphen-data/hyph-nl.hyb
74b798336000-74b79835a000 r--s 00000000 103:04 3424475                   /home/costeer/.gradle/caches/8.13/transforms/a1abd87eddf4ea4c88c2471864c2e54a/transformed/layoutlib-runtime-15.2.3-linux/data/hyphen-data/hyph-nb.hyb
74b79835a000-74b79835b000 r--s 00000000 103:04 3424482                   /home/costeer/.gradle/caches/8.13/transforms/a1abd87eddf4ea4c88c2471864c2e54a/transformed/layoutlib-runtime-15.2.3-linux/data/hyphen-data/hyph-mr.hyb
74b79835b000-74b79835d000 r--s 00000000 103:04 3424471                   /home/costeer/.gradle/caches/8.13/transforms/a1abd87eddf4ea4c88c2471864c2e54a/transformed/layoutlib-runtime-15.2.3-linux/data/hyphen-data/hyph-mn-cyrl.hyb
74b79835d000-74b79835e000 r--s 00000000 103:04 3424453                   /home/costeer/.gradle/caches/8.13/transforms/a1abd87eddf4ea4c88c2471864c2e54a/transformed/layoutlib-runtime-15.2.3-linux/data/hyphen-data/hyph-ml.hyb
74b79835e000-74b798368000 r--s 00000000 103:04 3424448                   /home/costeer/.gradle/caches/8.13/transforms/a1abd87eddf4ea4c88c2471864c2e54a/transformed/layoutlib-runtime-15.2.3-linux/data/hyphen-data/hyph-lv.hyb
74b798368000-74b79836a000 r--s 00000000 103:04 3424446                   /home/costeer/.gradle/caches/8.13/transforms/a1abd87eddf4ea4c88c2471864c2e54a/transformed/layoutlib-runtime-15.2.3-linux/data/hyphen-data/hyph-lt.hyb
74b79836a000-74b79836b000 r--s 00000000 103:04 3424447                   /home/costeer/.gradle/caches/8.13/transforms/a1abd87eddf4ea4c88c2471864c2e54a/transformed/layoutlib-runtime-15.2.3-linux/data/hyphen-data/hyph-la.hyb
74b79836b000-74b79836c000 r--s 00000000 103:04 3424442                   /home/costeer/.gradle/caches/8.13/transforms/a1abd87eddf4ea4c88c2471864c2e54a/transformed/layoutlib-runtime-15.2.3-linux/data/hyphen-data/hyph-kn.hyb
74b79836c000-74b79836f000 r--s 00000000 103:04 3424456                   /home/costeer/.gradle/caches/8.13/transforms/a1abd87eddf4ea4c88c2471864c2e54a/transformed/layoutlib-runtime-15.2.3-linux/data/hyphen-data/hyph-ka.hyb
74b79836f000-74b798370000 r--s 00000000 103:04 3424449                   /home/costeer/.gradle/caches/8.13/transforms/a1abd87eddf4ea4c88c2471864c2e54a/transformed/layoutlib-runtime-15.2.3-linux/data/hyphen-data/hyph-it.hyb
74b798370000-74b798371000 r--s 00000000 103:04 3424477                   /home/costeer/.gradle/caches/8.13/transforms/a1abd87eddf4ea4c88c2471864c2e54a/transformed/layoutlib-runtime-15.2.3-linux/data/hyphen-data/hyph-hy.hyb
74b798371000-74b7983bf000 r--s 00000000 103:04 3424465                   /home/costeer/.gradle/caches/8.13/transforms/a1abd87eddf4ea4c88c2471864c2e54a/transformed/layoutlib-runtime-15.2.3-linux/data/hyphen-data/hyph-hu.hyb
74b7983bf000-74b7983c0000 r--s 00000000 103:04 3424462                   /home/costeer/.gradle/caches/8.13/transforms/a1abd87eddf4ea4c88c2471864c2e54a/transformed/layoutlib-runtime-15.2.3-linux/data/hyphen-data/hyph-hr.hyb
74b7983c0000-74b7983c1000 r--s 00000000 103:04 3424469                   /home/costeer/.gradle/caches/8.13/transforms/a1abd87eddf4ea4c88c2471864c2e54a/transformed/layoutlib-runtime-15.2.3-linux/data/hyphen-data/hyph-hi.hyb
74b7983c1000-74b7983c4000 r--s 00000000 103:04 3424457                   /home/costeer/.gradle/caches/8.13/transforms/a1abd87eddf4ea4c88c2471864c2e54a/transformed/layoutlib-runtime-15.2.3-linux/data/hyphen-data/hyph-gl.hyb
74b7983c4000-74b7983cd000 r--s 00000000 103:04 3424470                   /home/costeer/.gradle/caches/8.13/transforms/a1abd87eddf4ea4c88c2471864c2e54a/transformed/layoutlib-runtime-15.2.3-linux/data/hyphen-data/hyph-ga.hyb
74b7983cd000-74b7983cf000 r--s 00000000 103:04 3424437                   /home/costeer/.gradle/caches/8.13/transforms/a1abd87eddf4ea4c88c2471864c2e54a/transformed/layoutlib-runtime-15.2.3-linux/data/hyphen-data/hyph-fr.hyb
74b7983cf000-74b7983d5000 r--s 00000000 103:04 3424473                   /home/costeer/.gradle/caches/8.13/transforms/a1abd87eddf4ea4c88c2471864c2e54a/transformed/layoutlib-runtime-15.2.3-linux/data/hyphen-data/hyph-et.hyb
74b7983d5000-74b7983d9000 r--s 00000000 103:04 3424431                   /home/costeer/.gradle/caches/8.13/transforms/a1abd87eddf4ea4c88c2471864c2e54a/transformed/layoutlib-runtime-15.2.3-linux/data/hyphen-data/hyph-es.hyb
74b7983d9000-74b7983e8000 r--s 00000000 103:04 3424455                   /home/costeer/.gradle/caches/8.13/transforms/a1abd87eddf4ea4c88c2471864c2e54a/transformed/layoutlib-runtime-15.2.3-linux/data/hyphen-data/hyph-en-us.hyb
74b7983e8000-74b7983f4000 r--s 00000000 103:04 3424464                   /home/costeer/.gradle/caches/8.13/transforms/a1abd87eddf4ea4c88c2471864c2e54a/transformed/layoutlib-runtime-15.2.3-linux/data/hyphen-data/hyph-en-gb.hyb
74b7983f4000-74b7983f6000 r--s 00000000 103:04 3424468                   /home/costeer/.gradle/caches/8.13/transforms/a1abd87eddf4ea4c88c2471864c2e54a/transformed/layoutlib-runtime-15.2.3-linux/data/hyphen-data/hyph-el.hyb
74b7983f6000-74b798414000 r--s 00000000 103:04 3424483                   /home/costeer/.gradle/caches/8.13/transforms/a1abd87eddf4ea4c88c2471864c2e54a/transformed/layoutlib-runtime-15.2.3-linux/data/hyphen-data/hyph-de-ch-1901.hyb
74b798414000-74b798432000 r--s 00000000 103:04 3424433                   /home/costeer/.gradle/caches/8.13/transforms/a1abd87eddf4ea4c88c2471864c2e54a/transformed/layoutlib-runtime-15.2.3-linux/data/hyphen-data/hyph-de-1996.hyb
74b798432000-74b798450000 r--s 00000000 103:04 3424459                   /home/costeer/.gradle/caches/8.13/transforms/a1abd87eddf4ea4c88c2471864c2e54a/transformed/layoutlib-runtime-15.2.3-linux/data/hyphen-data/hyph-de-1901.hyb
74b798450000-74b798452000 r--s 00000000 103:04 3424481                   /home/costeer/.gradle/caches/8.13/transforms/a1abd87eddf4ea4c88c2471864c2e54a/transformed/layoutlib-runtime-15.2.3-linux/data/hyphen-data/hyph-da.hyb
74b798452000-74b79845b000 r--s 00000000 103:04 3424443                   /home/costeer/.gradle/caches/8.13/transforms/a1abd87eddf4ea4c88c2471864c2e54a/transformed/layoutlib-runtime-15.2.3-linux/data/hyphen-data/hyph-cy.hyb
74b79845b000-74b798468000 r--s 00000000 103:04 3424454                   /home/costeer/.gradle/caches/8.13/transforms/a1abd87eddf4ea4c88c2471864c2e54a/transformed/layoutlib-runtime-15.2.3-linux/data/hyphen-data/hyph-cu.hyb
74b798468000-74b798478000 r--s 00000000 103:04 3424461                   /home/costeer/.gradle/caches/8.13/transforms/a1abd87eddf4ea4c88c2471864c2e54a/transformed/layoutlib-runtime-15.2.3-linux/data/hyphen-data/hyph-cs.hyb
74b798478000-74b79847a000 r--s 00000000 103:04 3424479                   /home/costeer/.gradle/caches/8.13/transforms/a1abd87eddf4ea4c88c2471864c2e54a/transformed/layoutlib-runtime-15.2.3-linux/data/hyphen-data/hyph-be.hyb
74b79847a000-74b79848c000 r--s 00000000 103:04 3424451                   /home/costeer/.gradle/caches/8.13/transforms/a1abd87eddf4ea4c88c2471864c2e54a/transformed/layoutlib-runtime-15.2.3-linux/data/hyphen-data/hyph-af.hyb
74b79848c000-74b798492000 r--s 00000000 103:04 3424539                   /home/costeer/.gradle/caches/8.13/transforms/a1abd87eddf4ea4c88c2471864c2e54a/transformed/layoutlib-runtime-15.2.3-linux/data/fonts/NotoSerifYezidi-VF.ttf
74b798492000-74b79849d000 r--s 00000000 103:04 3424712                   /home/costeer/.gradle/caches/8.13/transforms/a1abd87eddf4ea4c88c2471864c2e54a/transformed/layoutlib-runtime-15.2.3-linux/data/fonts/NotoSerifNyiakengPuachueHmong-VF.ttf
74b79849d000-74b7984a3000 r--s 00000000 103:04 3424728                   /home/costeer/.gradle/caches/8.13/transforms/a1abd87eddf4ea4c88c2471864c2e54a/transformed/layoutlib-runtime-15.2.3-linux/data/fonts/NotoSansTakri-VF.ttf
74b7984a3000-74b7984b5000 r--s 00000000 103:04 3424673                   /home/costeer/.gradle/caches/8.13/transforms/a1abd87eddf4ea4c88c2471864c2e54a/transformed/layoutlib-runtime-15.2.3-linux/data/fonts/NotoSansSoyombo-VF.ttf
74b7984b5000-74b7984c3000 r--s 00000000 103:04 3424504                   /home/costeer/.gradle/caches/8.13/transforms/a1abd87eddf4ea4c88c2471864c2e54a/transformed/layoutlib-runtime-15.2.3-linux/data/fonts/NotoSansMedefaidrin-VF.ttf
74b7984c3000-74b7984ca000 r--s 00000000 103:04 3424658                   /home/costeer/.gradle/caches/8.13/transforms/a1abd87eddf4ea4c88c2471864c2e54a/transformed/layoutlib-runtime-15.2.3-linux/data/fonts/NotoSerifDogra-Regular.ttf
74b7984ca000-74b7984d5000 r--s 00000000 103:04 3424654                   /home/costeer/.gradle/caches/8.13/transforms/a1abd87eddf4ea4c88c2471864c2e54a/transformed/layoutlib-runtime-15.2.3-linux/data/fonts/NotoSansModi-Regular.ttf
74b7984d5000-74b798537000 r--s 00000000 103:04 3424698                   /home/costeer/.gradle/caches/8.13/transforms/a1abd87eddf4ea4c88c2471864c2e54a/transformed/layoutlib-runtime-15.2.3-linux/data/fonts/NotoSansGrantha-Regular.ttf
74b798537000-74b79853d000 r--s 00000000 103:04 3424639                   /home/costeer/.gradle/caches/8.13/transforms/a1abd87eddf4ea4c88c2471864c2e54a/transformed/layoutlib-runtime-15.2.3-linux/data/fonts/NotoSansWarangCiti-Regular.otf
74b79853d000-74b798541000 r--s 00000000 103:04 3424708                   /home/costeer/.gradle/caches/8.13/transforms/a1abd87eddf4ea4c88c2471864c2e54a/transformed/layoutlib-runtime-15.2.3-linux/data/fonts/NotoSansWancho-Regular.otf
74b798541000-74b798547000 r--s 00000000 103:04 3424543                   /home/costeer/.gradle/caches/8.13/transforms/a1abd87eddf4ea4c88c2471864c2e54a/transformed/layoutlib-runtime-15.2.3-linux/data/fonts/NotoSansMasaramGondi-Regular.otf
74b798547000-74b79854e000 r--s 00000000 103:04 3424651                   /home/costeer/.gradle/caches/8.13/transforms/a1abd87eddf4ea4c88c2471864c2e54a/transformed/layoutlib-runtime-15.2.3-linux/data/fonts/NotoSansKhojki-Regular.otf
74b79854e000-74b798552000 r--s 00000000 103:04 3424695                   /home/costeer/.gradle/caches/8.13/transforms/a1abd87eddf4ea4c88c2471864c2e54a/transformed/layoutlib-runtime-15.2.3-linux/data/fonts/NotoSansHanifiRohingya-Regular.otf
74b798552000-74b79855a000 r--s 00000000 103:04 3424727                   /home/costeer/.gradle/caches/8.13/transforms/a1abd87eddf4ea4c88c2471864c2e54a/transformed/layoutlib-runtime-15.2.3-linux/data/fonts/NotoSansGunjalaGondi-Regular.otf
74b79855a000-74b79855c000 r--s 00000000 103:04 3424680                   /home/costeer/.gradle/caches/8.13/transforms/a1abd87eddf4ea4c88c2471864c2e54a/transformed/layoutlib-runtime-15.2.3-linux/data/fonts/NotoSansSoraSompeng-Regular.otf
74b79855c000-74b798563000 r--s 00000000 103:04 3424670                   /home/costeer/.gradle/caches/8.13/transforms/a1abd87eddf4ea4c88c2471864c2e54a/transformed/layoutlib-runtime-15.2.3-linux/data/fonts/NotoSansSharada-Regular.otf
74b798563000-74b798566000 r--s 00000000 103:04 3424540                   /home/costeer/.gradle/caches/8.13/transforms/a1abd87eddf4ea4c88c2471864c2e54a/transformed/layoutlib-runtime-15.2.3-linux/data/fonts/NotoSansPauCinHau-Regular.otf
74b798566000-74b798569000 r--s 00000000 103:04 3424584                   /home/costeer/.gradle/caches/8.13/transforms/a1abd87eddf4ea4c88c2471864c2e54a/transformed/layoutlib-runtime-15.2.3-linux/data/fonts/NotoSansPalmyrene-Regular.otf
74b798569000-74b79856d000 r--s 00000000 103:04 3424725                   /home/costeer/.gradle/caches/8.13/transforms/a1abd87eddf4ea4c88c2471864c2e54a/transformed/layoutlib-runtime-15.2.3-linux/data/fonts/NotoSansPahawhHmong-Regular.otf
74b79856d000-74b798570000 r--s 00000000 103:04 3424505                   /home/costeer/.gradle/caches/8.13/transforms/a1abd87eddf4ea4c88c2471864c2e54a/transformed/layoutlib-runtime-15.2.3-linux/data/fonts/NotoSansOldPermic-Regular.otf
74b798570000-74b798572000 r--s 00000000 103:04 3424701                   /home/costeer/.gradle/caches/8.13/transforms/a1abd87eddf4ea4c88c2471864c2e54a/transformed/layoutlib-runtime-15.2.3-linux/data/fonts/NotoSansOldNorthArabian-Regular.otf
74b798572000-74b798583000 r--s 00000000 103:04 3424591                   /home/costeer/.gradle/caches/8.13/transforms/a1abd87eddf4ea4c88c2471864c2e54a/transformed/layoutlib-runtime-15.2.3-linux/data/fonts/NotoSansNewa-Regular.otf
74b798583000-74b798585000 r--s 00000000 103:04 3424648                   /home/costeer/.gradle/caches/8.13/transforms/a1abd87eddf4ea4c88c2471864c2e54a/transformed/layoutlib-runtime-15.2.3-linux/data/fonts/NotoSansNabataean-Regular.otf
74b798585000-74b798587000 r--s 00000000 103:04 3424657                   /home/costeer/.gradle/caches/8.13/transforms/a1abd87eddf4ea4c88c2471864c2e54a/transformed/layoutlib-runtime-15.2.3-linux/data/fonts/NotoSansMultani-Regular.otf
74b798587000-74b798589000 r--s 00000000 103:04 3424588                   /home/costeer/.gradle/caches/8.13/transforms/a1abd87eddf4ea4c88c2471864c2e54a/transformed/layoutlib-runtime-15.2.3-linux/data/fonts/NotoSansMro-Regular.otf
74b798589000-74b798590000 r--s 00000000 103:04 3424625                   /home/costeer/.gradle/caches/8.13/transforms/a1abd87eddf4ea4c88c2471864c2e54a/transformed/layoutlib-runtime-15.2.3-linux/data/fonts/NotoSansMiao-Regular.otf
74b798590000-74b798595000 r--s 00000000 103:04 3424541                   /home/costeer/.gradle/caches/8.13/transforms/a1abd87eddf4ea4c88c2471864c2e54a/transformed/layoutlib-runtime-15.2.3-linux/data/fonts/NotoSansMeroitic-Regular.otf
74b798595000-74b7985a5000 r--s 00000000 103:04 3424699                   /home/costeer/.gradle/caches/8.13/transforms/a1abd87eddf4ea4c88c2471864c2e54a/transformed/layoutlib-runtime-15.2.3-linux/data/fonts/NotoSansMarchen-Regular.otf
74b7985a5000-74b7985aa000 r--s 00000000 103:04 3424535                   /home/costeer/.gradle/caches/8.13/transforms/a1abd87eddf4ea4c88c2471864c2e54a/transformed/layoutlib-runtime-15.2.3-linux/data/fonts/NotoSansManichaean-Regular.otf
74b7985aa000-74b7985c3000 r--s 00000000 103:04 3424516                   /home/costeer/.gradle/caches/8.13/transforms/a1abd87eddf4ea4c88c2471864c2e54a/transformed/layoutlib-runtime-15.2.3-linux/data/fonts/NotoSansBhaiksuki-Regular.otf
74b7985c3000-74b7985e4000 r--s 00000000 103:04 3424726                   /home/costeer/.gradle/caches/8.13/transforms/a1abd87eddf4ea4c88c2471864c2e54a/transformed/layoutlib-runtime-15.2.3-linux/data/fonts/NotoSansAnatolianHieroglyphs-Regular.otf
74b7985e4000-74b798600000 r--s 00000000 103:04 3424621                   /home/costeer/.gradle/caches/8.13/transforms/a1abd87eddf4ea4c88c2471864c2e54a/transformed/layoutlib-runtime-15.2.3-linux/data/fonts/NotoSansMongolian-Regular.ttf
74b798600000-74b7988af000 r--s 00000000 103:04 3424530                   /home/costeer/.gradle/caches/8.13/transforms/a1abd87eddf4ea4c88c2471864c2e54a/transformed/layoutlib-runtime-15.2.3-linux/data/fonts/NotoColorEmoji.ttf
74b7988af000-74b7988b8000 r--s 00000000 103:04 3424685                   /home/costeer/.gradle/caches/8.13/transforms/a1abd87eddf4ea4c88c2471864c2e54a/transformed/layoutlib-runtime-15.2.3-linux/data/fonts/NotoSansLinearA-Regular.otf
74b7988b8000-74b7988ba000 r--s 00000000 103:04 3424592                   /home/costeer/.gradle/caches/8.13/transforms/a1abd87eddf4ea4c88c2471864c2e54a/transformed/layoutlib-runtime-15.2.3-linux/data/fonts/NotoSansHatran-Regular.otf
74b7988ba000-74b7988bc000 r--s 00000000 103:04 3424683                   /home/costeer/.gradle/caches/8.13/transforms/a1abd87eddf4ea4c88c2471864c2e54a/transformed/layoutlib-runtime-15.2.3-linux/data/fonts/NotoSansBassaVah-Regular.otf
74b7988bc000-74b7988c3000 r--s 00000000 103:04 3424587                   /home/costeer/.gradle/caches/8.13/transforms/a1abd87eddf4ea4c88c2471864c2e54a/transformed/layoutlib-runtime-15.2.3-linux/data/fonts/NotoSansPhagsPa-Regular.ttf
74b7988c3000-74b7988e2000 r--s 00000000 103:04 3424512                   /home/costeer/.gradle/caches/8.13/transforms/a1abd87eddf4ea4c88c2471864c2e54a/transformed/layoutlib-runtime-15.2.3-linux/data/fonts/NotoSansYi-Regular.ttf
74b7988e2000-74b7988e5000 r--s 00000000 103:04 3424672                   /home/costeer/.gradle/caches/8.13/transforms/a1abd87eddf4ea4c88c2471864c2e54a/transformed/layoutlib-runtime-15.2.3-linux/data/fonts/NotoSansTaiLe-Regular.ttf
74b7988e5000-74b7988ee000 r--s 00000000 103:04 3424696                   /home/costeer/.gradle/caches/8.13/transforms/a1abd87eddf4ea4c88c2471864c2e54a/transformed/layoutlib-runtime-15.2.3-linux/data/fonts/NotoSansSymbols-Regular-Subsetted2.ttf
74b7988ee000-74b7989ce000 r--s 00000000 103:04 3424663                   /home/costeer/.gradle/caches/8.13/transforms/a1abd87eddf4ea4c88c2471864c2e54a/transformed/layoutlib-runtime-15.2.3-linux/data/fonts/NotoColorEmojiFlags.ttf
74b7989ce000-74b798a3d000 r--s 00000000 103:04 3424668                   /home/costeer/.gradle/caches/8.13/transforms/a1abd87eddf4ea4c88c2471864c2e54a/transformed/layoutlib-runtime-15.2.3-linux/data/fonts/NotoSerifHentaigana.ttf
74b798a3d000-74b798aeb000 r--s 00000000 103:04 3424650                   /home/costeer/.gradle/caches/8.13/transforms/a1abd87eddf4ea4c88c2471864c2e54a/transformed/layoutlib-runtime-15.2.3-linux/data/fonts/NotoSansSymbols-Regular-Subsetted.ttf
74b798aeb000-74b798afb000 r--s 00000000 103:04 3424737                   /home/costeer/.gradle/caches/8.13/transforms/a1abd87eddf4ea4c88c2471864c2e54a/transformed/layoutlib-runtime-15.2.3-linux/data/fonts/NotoSansVai-Regular.ttf
74b798afb000-74b798afd000 r--s 00000000 103:04 3424706                   /home/costeer/.gradle/caches/8.13/transforms/a1abd87eddf4ea4c88c2471864c2e54a/transformed/layoutlib-runtime-15.2.3-linux/data/fonts/NotoSansUgaritic-Regular.ttf
74b798afd000-74b798b04000 r--s 00000000 103:04 3424634                   /home/costeer/.gradle/caches/8.13/transforms/a1abd87eddf4ea4c88c2471864c2e54a/transformed/layoutlib-runtime-15.2.3-linux/data/fonts/NotoSansTifinagh-Regular.otf
74b798b04000-74b798c11000 r--s 00000000 103:04 3424519                   /home/costeer/.gradle/caches/8.13/transforms/a1abd87eddf4ea4c88c2471864c2e54a/transformed/layoutlib-runtime-15.2.3-linux/data/fonts/NotoSerifTibetan-VF.ttf
74b798c11000-74b798c15000 r--s 00000000 103:04 3424736                   /home/costeer/.gradle/caches/8.13/transforms/a1abd87eddf4ea4c88c2471864c2e54a/transformed/layoutlib-runtime-15.2.3-linux/data/fonts/NotoSansTaiViet-Regular.ttf
74b798c15000-74b798c21000 r--s 00000000 103:04 3424571                   /home/costeer/.gradle/caches/8.13/transforms/a1abd87eddf4ea4c88c2471864c2e54a/transformed/layoutlib-runtime-15.2.3-linux/data/fonts/NotoSansTaiTham-Regular.ttf
74b798c21000-74b798c23000 r--s 00000000 103:04 3424677                   /home/costeer/.gradle/caches/8.13/transforms/a1abd87eddf4ea4c88c2471864c2e54a/transformed/layoutlib-runtime-15.2.3-linux/data/fonts/NotoSansTagbanwa-Regular.ttf
74b798c23000-74b798c25000 r--s 00000000 103:04 3424568                   /home/costeer/.gradle/caches/8.13/transforms/a1abd87eddf4ea4c88c2471864c2e54a/transformed/layoutlib-runtime-15.2.3-linux/data/fonts/NotoSansTagalog-Regular.ttf
74b798c25000-74b798c32000 r--s 00000000 103:04 3424555                   /home/costeer/.gradle/caches/8.13/transforms/a1abd87eddf4ea4c88c2471864c2e54a/transformed/layoutlib-runtime-15.2.3-linux/data/fonts/NotoSansSyriacWestern-Regular.ttf
74b798c32000-74b798c3f000 r--s 00000000 103:04 3424526                   /home/costeer/.gradle/caches/8.13/transforms/a1abd87eddf4ea4c88c2471864c2e54a/transformed/layoutlib-runtime-15.2.3-linux/data/fonts/NotoSansSyriacEastern-Regular.ttf
74b798c3f000-74b798c4b000 r--s 00000000 103:04 3424697                   /home/costeer/.gradle/caches/8.13/transforms/a1abd87eddf4ea4c88c2471864c2e54a/transformed/layoutlib-runtime-15.2.3-linux/data/fonts/NotoSansSyriacEstrangela-Regular.ttf
74b798c4b000-74b798c4f000 r--s 00000000 103:04 3424506                   /home/costeer/.gradle/caches/8.13/transforms/a1abd87eddf4ea4c88c2471864c2e54a/transformed/layoutlib-runtime-15.2.3-linux/data/fonts/NotoSansSylotiNagri-Regular.ttf
74b798c4f000-74b798c52000 r--s 00000000 103:04 3424589                   /home/costeer/.gradle/caches/8.13/transforms/a1abd87eddf4ea4c88c2471864c2e54a/transformed/layoutlib-runtime-15.2.3-linux/data/fonts/NotoSansSundanese-Regular.ttf
74b798c52000-74b798c54000 r--s 00000000 103:04 3424602                   /home/costeer/.gradle/caches/8.13/transforms/a1abd87eddf4ea4c88c2471864c2e54a/transformed/layoutlib-runtime-15.2.3-linux/data/fonts/NotoSansShavian-Regular.ttf
74b798c54000-74b798c59000 r--s 00000000 103:04 3424659                   /home/costeer/.gradle/caches/8.13/transforms/a1abd87eddf4ea4c88c2471864c2e54a/transformed/layoutlib-runtime-15.2.3-linux/data/fonts/NotoSansSaurashtra-Regular.ttf
74b798c59000-74b798c5c000 r--s 00000000 103:04 3424601                   /home/costeer/.gradle/caches/8.13/transforms/a1abd87eddf4ea4c88c2471864c2e54a/transformed/layoutlib-runtime-15.2.3-linux/data/fonts/NotoSansSamaritan-Regular.ttf
74b798c5c000-74b798c5f000 r--s 00000000 103:04 3424713                   /home/costeer/.gradle/caches/8.13/transforms/a1abd87eddf4ea4c88c2471864c2e54a/transformed/layoutlib-runtime-15.2.3-linux/data/fonts/NotoSansRunic-Regular.ttf
74b798c5f000-74b798c61000 r--s 00000000 103:04 3424656                   /home/costeer/.gradle/caches/8.13/transforms/a1abd87eddf4ea4c88c2471864c2e54a/transformed/layoutlib-runtime-15.2.3-linux/data/fonts/NotoSansRejang-Regular.ttf
74b798c61000-74b798c63000 r--s 00000000 103:04 3424573                   /home/costeer/.gradle/caches/8.13/transforms/a1abd87eddf4ea4c88c2471864c2e54a/transformed/layoutlib-runtime-15.2.3-linux/data/fonts/NotoSansPhoenician-Regular.ttf
74b798c63000-74b798c65000 r--s 00000000 103:04 3424702                   /home/costeer/.gradle/caches/8.13/transforms/a1abd87eddf4ea4c88c2471864c2e54a/transformed/layoutlib-runtime-15.2.3-linux/data/fonts/NotoSansOsmanya-Regular.ttf
74b798c65000-74b798c68000 r--s 00000000 103:04 3424518                   /home/costeer/.gradle/caches/8.13/transforms/a1abd87eddf4ea4c88c2471864c2e54a/transformed/layoutlib-runtime-15.2.3-linux/data/fonts/NotoSansOsage-Regular.ttf
74b798c68000-74b798c6a000 r--s 00000000 103:04 3424704                   /home/costeer/.gradle/caches/8.13/transforms/a1abd87eddf4ea4c88c2471864c2e54a/transformed/layoutlib-runtime-15.2.3-linux/data/fonts/NotoSansOldTurkic-Regular.ttf
74b798c6a000-74b798c6c000 r--s 00000000 103:04 3424620                   /home/costeer/.gradle/caches/8.13/transforms/a1abd87eddf4ea4c88c2471864c2e54a/transformed/layoutlib-runtime-15.2.3-linux/data/fonts/NotoSansOldSouthArabian-Regular.ttf
74b798c6c000-74b798c70000 r--s 00000000 103:04 3424574                   /home/costeer/.gradle/caches/8.13/transforms/a1abd87eddf4ea4c88c2471864c2e54a/transformed/layoutlib-runtime-15.2.3-linux/data/fonts/NotoSansOldPersian-Regular.ttf
74b798c70000-74b798c72000 r--s 00000000 103:04 3424716                   /home/costeer/.gradle/caches/8.13/transforms/a1abd87eddf4ea4c88c2471864c2e54a/transformed/layoutlib-runtime-15.2.3-linux/data/fonts/NotoSansOldItalic-Regular.ttf
74b798c72000-74b798c74000 r--s 00000000 103:04 3424710                   /home/costeer/.gradle/caches/8.13/transforms/a1abd87eddf4ea4c88c2471864c2e54a/transformed/layoutlib-runtime-15.2.3-linux/data/fonts/NotoSansOlChiki-Regular.ttf
74b798c74000-74b798c76000 r--s 00000000 103:04 3424721                   /home/costeer/.gradle/caches/8.13/transforms/a1abd87eddf4ea4c88c2471864c2e54a/transformed/layoutlib-runtime-15.2.3-linux/data/fonts/NotoSansOgham-Regular.ttf
74b798c76000-74b798c7b000 r--s 00000000 103:04 3424660                   /home/costeer/.gradle/caches/8.13/transforms/a1abd87eddf4ea4c88c2471864c2e54a/transformed/layoutlib-runtime-15.2.3-linux/data/fonts/NotoSansNKo-Regular.ttf
74b798c7b000-74b798c7f000 r--s 00000000 103:04 3424527                   /home/costeer/.gradle/caches/8.13/transforms/a1abd87eddf4ea4c88c2471864c2e54a/transformed/layoutlib-runtime-15.2.3-linux/data/fonts/NotoSansNewTaiLue-Regular.ttf
74b798c7f000-74b798c83000 r--s 00000000 103:04 3424583                   /home/costeer/.gradle/caches/8.13/transforms/a1abd87eddf4ea4c88c2471864c2e54a/transformed/layoutlib-runtime-15.2.3-linux/data/fonts/NotoSansMeeteiMayek-Regular.ttf
74b798c83000-74b798c87000 r--s 00000000 103:04 3424689                   /home/costeer/.gradle/caches/8.13/transforms/a1abd87eddf4ea4c88c2471864c2e54a/transformed/layoutlib-runtime-15.2.3-linux/data/fonts/NotoSansMandaic-Regular.ttf
74b798c87000-74b798c89000 r--s 00000000 103:04 3424508                   /home/costeer/.gradle/caches/8.13/transforms/a1abd87eddf4ea4c88c2471864c2e54a/transformed/layoutlib-runtime-15.2.3-linux/data/fonts/NotoSansLydian-Regular.ttf
74b798c89000-74b798c8b000 r--s 00000000 103:04 3424637                   /home/costeer/.gradle/caches/8.13/transforms/a1abd87eddf4ea4c88c2471864c2e54a/transformed/layoutlib-runtime-15.2.3-linux/data/fonts/NotoSansLycian-Regular.ttf
74b798c8b000-74b798c8d000 r--s 00000000 103:04 3424669                   /home/costeer/.gradle/caches/8.13/transforms/a1abd87eddf4ea4c88c2471864c2e54a/transformed/layoutlib-runtime-15.2.3-linux/data/fonts/NotoSansLisu-Regular.ttf
74b798c8d000-74b798c9c000 r--s 00000000 103:04 3424649                   /home/costeer/.gradle/caches/8.13/transforms/a1abd87eddf4ea4c88c2471864c2e54a/transformed/layoutlib-runtime-15.2.3-linux/data/fonts/NotoSansLinearB-Regular.ttf
74b798c9c000-74b798c9f000 r--s 00000000 103:04 3424682                   /home/costeer/.gradle/caches/8.13/transforms/a1abd87eddf4ea4c88c2471864c2e54a/transformed/layoutlib-runtime-15.2.3-linux/data/fonts/NotoSansLimbu-Regular.ttf
74b798c9f000-74b798cb8000 r--s 00000000 103:04 3424686                   /home/costeer/.gradle/caches/8.13/transforms/a1abd87eddf4ea4c88c2471864c2e54a/transformed/layoutlib-runtime-15.2.3-linux/data/fonts/NotoSansLepcha-Regular.ttf
74b798cb8000-74b798cbe000 r--s 00000000 103:04 3424593                   /home/costeer/.gradle/caches/8.13/transforms/a1abd87eddf4ea4c88c2471864c2e54a/transformed/layoutlib-runtime-15.2.3-linux/data/fonts/NotoSansKharoshthi-Regular.ttf
74b798cbe000-74b798cc0000 r--s 00000000 103:04 3424537                   /home/costeer/.gradle/caches/8.13/transforms/a1abd87eddf4ea4c88c2471864c2e54a/transformed/layoutlib-runtime-15.2.3-linux/data/fonts/NotoSansKayahLi-Regular.ttf
74b798cc0000-74b798ccf000 r--s 00000000 103:04 3424514                   /home/costeer/.gradle/caches/8.13/transforms/a1abd87eddf4ea4c88c2471864c2e54a/transformed/layoutlib-runtime-15.2.3-linux/data/fonts/NotoSansKaithi-Regular.ttf
74b798ccf000-74b798ce5000 r--s 00000000 103:04 3424645                   /home/costeer/.gradle/caches/8.13/transforms/a1abd87eddf4ea4c88c2471864c2e54a/transformed/layoutlib-runtime-15.2.3-linux/data/fonts/NotoSansJavanese-Regular.otf
74b798ce5000-74b798ce7000 r--s 00000000 103:04 3424638                   /home/costeer/.gradle/caches/8.13/transforms/a1abd87eddf4ea4c88c2471864c2e54a/transformed/layoutlib-runtime-15.2.3-linux/data/fonts/NotoSansInscriptionalParthian-Regular.ttf
74b798ce7000-74b798ce9000 r--s 00000000 103:04 3424720                   /home/costeer/.gradle/caches/8.13/transforms/a1abd87eddf4ea4c88c2471864c2e54a/transformed/layoutlib-runtime-15.2.3-linux/data/fonts/NotoSansInscriptionalPahlavi-Regular.ttf
74b798ce9000-74b798ceb000 r--s 00000000 103:04 3424730                   /home/costeer/.gradle/caches/8.13/transforms/a1abd87eddf4ea4c88c2471864c2e54a/transformed/layoutlib-runtime-15.2.3-linux/data/fonts/NotoSansImperialAramaic-Regular.ttf
74b798ceb000-74b798ced000 r--s 00000000 103:04 3424632                   /home/costeer/.gradle/caches/8.13/transforms/a1abd87eddf4ea4c88c2471864c2e54a/transformed/layoutlib-runtime-15.2.3-linux/data/fonts/NotoSansHanunoo-Regular.ttf
74b798ced000-74b798cef000 r--s 00000000 103:04 3424675                   /home/costeer/.gradle/caches/8.13/transforms/a1abd87eddf4ea4c88c2471864c2e54a/transformed/layoutlib-runtime-15.2.3-linux/data/fonts/NotoSansGothic-Regular.ttf
74b798cef000-74b798cf3000 r--s 00000000 103:04 3424691                   /home/costeer/.gradle/caches/8.13/transforms/a1abd87eddf4ea4c88c2471864c2e54a/transformed/layoutlib-runtime-15.2.3-linux/data/fonts/NotoSansGlagolitic-Regular.ttf
74b798cf3000-74b798cf6000 r--s 00000000 103:04 3424735                   /home/costeer/.gradle/caches/8.13/transforms/a1abd87eddf4ea4c88c2471864c2e54a/transformed/layoutlib-runtime-15.2.3-linux/data/fonts/NotoSansElbasan-Regular.otf
74b798cf6000-74b798d72000 r--s 00000000 103:04 3424723                   /home/costeer/.gradle/caches/8.13/transforms/a1abd87eddf4ea4c88c2471864c2e54a/transformed/layoutlib-runtime-15.2.3-linux/data/fonts/NotoSansEgyptianHieroglyphs-Regular.ttf
74b798d72000-74b798d75000 r--s 00000000 103:04 3424572                   /home/costeer/.gradle/caches/8.13/transforms/a1abd87eddf4ea4c88c2471864c2e54a/transformed/layoutlib-runtime-15.2.3-linux/data/fonts/NotoSansDeseret-Regular.ttf
74b798d75000-74b798df0000 r--s 00000000 103:04 3424717                   /home/costeer/.gradle/caches/8.13/transforms/a1abd87eddf4ea4c88c2471864c2e54a/transformed/layoutlib-runtime-15.2.3-linux/data/fonts/NotoSansCuneiform-Regular.ttf
74b798df0000-74b798df6000 r--s 00000000 103:04 3424703                   /home/costeer/.gradle/caches/8.13/transforms/a1abd87eddf4ea4c88c2471864c2e54a/transformed/layoutlib-runtime-15.2.3-linux/data/fonts/NotoSansCoptic-Regular.ttf
74b798df6000-74b798e06000 r--s 00000000 103:04 3424617                   /home/costeer/.gradle/caches/8.13/transforms/a1abd87eddf4ea4c88c2471864c2e54a/transformed/layoutlib-runtime-15.2.3-linux/data/fonts/NotoSansCherokee-Regular.ttf
74b798e06000-74b798e0e000 r--s 00000000 103:04 3424580                   /home/costeer/.gradle/caches/8.13/transforms/a1abd87eddf4ea4c88c2471864c2e54a/transformed/layoutlib-runtime-15.2.3-linux/data/fonts/NotoSansChakma-Regular.otf
74b798e0e000-74b798e1e000 r--s 00000000 103:04 3424532                   /home/costeer/.gradle/caches/8.13/transforms/a1abd87eddf4ea4c88c2471864c2e54a/transformed/layoutlib-runtime-15.2.3-linux/data/fonts/NotoSansCanadianAboriginal-Regular.ttf
74b798e1e000-74b798e24000 r--s 00000000 103:04 3424567                   /home/costeer/.gradle/caches/8.13/transforms/a1abd87eddf4ea4c88c2471864c2e54a/transformed/layoutlib-runtime-15.2.3-linux/data/fonts/NotoSansBrahmi-Regular.ttf
74b798e24000-74b798e28000 r--s 00000000 103:04 3424585                   /home/costeer/.gradle/caches/8.13/transforms/a1abd87eddf4ea4c88c2471864c2e54a/transformed/layoutlib-runtime-15.2.3-linux/data/fonts/NotoSansBatak-Regular.ttf
74b798e28000-74b798e49000 r--s 00000000 103:04 3424595                   /home/costeer/.gradle/caches/8.13/transforms/a1abd87eddf4ea4c88c2471864c2e54a/transformed/layoutlib-runtime-15.2.3-linux/data/fonts/NotoSansBamum-Regular.ttf
74b798e49000-74b798e51000 r--s 00000000 103:04 3424714                   /home/costeer/.gradle/caches/8.13/transforms/a1abd87eddf4ea4c88c2471864c2e54a/transformed/layoutlib-runtime-15.2.3-linux/data/fonts/NotoSansBalinese-Regular.ttf
74b798e51000-74b798e6a000 r--s 00000000 103:04 3424597                   /home/costeer/.gradle/caches/8.13/transforms/a1abd87eddf4ea4c88c2471864c2e54a/transformed/layoutlib-runtime-15.2.3-linux/data/fonts/NotoSansAdlam-VF.ttf
74b798e6a000-74b798e6e000 r--s 00000000 103:04 3424544                   /home/costeer/.gradle/caches/8.13/transforms/a1abd87eddf4ea4c88c2471864c2e54a/transformed/layoutlib-runtime-15.2.3-linux/data/fonts/NotoSansAhom-Regular.otf
74b798e6e000-74b798e74000 r--s 00000000 103:04 3424684                   /home/costeer/.gradle/caches/8.13/transforms/a1abd87eddf4ea4c88c2471864c2e54a/transformed/layoutlib-runtime-15.2.3-linux/data/fonts/NotoSansCham-Bold.ttf
74b798e74000-74b798e7a000 r--s 00000000 103:04 3424603                   /home/costeer/.gradle/caches/8.13/transforms/a1abd87eddf4ea4c88c2471864c2e54a/transformed/layoutlib-runtime-15.2.3-linux/data/fonts/NotoSansCham-Regular.ttf
74b798e7a000-74b798e7e000 r--s 00000000 103:04 3424624                   /home/costeer/.gradle/caches/8.13/transforms/a1abd87eddf4ea4c88c2471864c2e54a/transformed/layoutlib-runtime-15.2.3-linux/data/fonts/NotoSansThaana-Bold.ttf
74b798e7e000-74b798e9a000 r--s 00000000 103:04 3424598                   /home/costeer/.gradle/caches/8.13/transforms/a1abd87eddf4ea4c88c2471864c2e54a/transformed/layoutlib-runtime-15.2.3-linux/data/fonts/NotoSansMyanmarUI-Bold.otf
74b798e9a000-74b798eb7000 r--s 00000000 103:04 3424647                   /home/costeer/.gradle/caches/8.13/transforms/a1abd87eddf4ea4c88c2471864c2e54a/transformed/layoutlib-runtime-15.2.3-linux/data/fonts/NotoSansMyanmarUI-Medium.otf
74b798eb7000-74b798ed3000 r--s 00000000 103:04 3424552                   /home/costeer/.gradle/caches/8.13/transforms/a1abd87eddf4ea4c88c2471864c2e54a/transformed/layoutlib-runtime-15.2.3-linux/data/fonts/NotoSansMyanmarUI-Regular.otf
74b798ed3000-74b798ef5000 r--s 00000000 103:04 3424554                   /home/costeer/.gradle/caches/8.13/transforms/a1abd87eddf4ea4c88c2471864c2e54a/transformed/layoutlib-runtime-15.2.3-linux/data/fonts/NotoSerifMyanmar-Bold.otf
74b798ef5000-74b798f17000 r--s 00000000 103:04 3424646                   /home/costeer/.gradle/caches/8.13/transforms/a1abd87eddf4ea4c88c2471864c2e54a/transformed/layoutlib-runtime-15.2.3-linux/data/fonts/NotoSerifMyanmar-Regular.otf
74b798f17000-74b798f32000 r--s 00000000 103:04 3424734                   /home/costeer/.gradle/caches/8.13/transforms/a1abd87eddf4ea4c88c2471864c2e54a/transformed/layoutlib-runtime-15.2.3-linux/data/fonts/NotoSansMyanmar-Bold.otf
74b798f32000-74b798f4f000 r--s 00000000 103:04 3424679                   /home/costeer/.gradle/caches/8.13/transforms/a1abd87eddf4ea4c88c2471864c2e54a/transformed/layoutlib-runtime-15.2.3-linux/data/fonts/NotoSansMyanmar-Medium.otf
74b798f4f000-74b798f6a000 r--s 00000000 103:04 3424619                   /home/costeer/.gradle/caches/8.13/transforms/a1abd87eddf4ea4c88c2471864c2e54a/transformed/layoutlib-runtime-15.2.3-linux/data/fonts/NotoSansMyanmar-Regular.otf
74b798f6a000-74b798f72000 r--s 00000000 103:04 3424674                   /home/costeer/.gradle/caches/8.13/transforms/a1abd87eddf4ea4c88c2471864c2e54a/transformed/layoutlib-runtime-15.2.3-linux/data/fonts/NotoSansLaoUI-Bold.ttf
74b798f72000-74b798f7a000 r--s 00000000 103:04 3424733                   /home/costeer/.gradle/caches/8.13/transforms/a1abd87eddf4ea4c88c2471864c2e54a/transformed/layoutlib-runtime-15.2.3-linux/data/fonts/NotoSansLaoUI-Regular.ttf
74b798f7a000-74b798f80000 r--s 00000000 103:04 3424604                   /home/costeer/.gradle/caches/8.13/transforms/a1abd87eddf4ea4c88c2471864c2e54a/transformed/layoutlib-runtime-15.2.3-linux/data/fonts/NotoSerifLao-Bold.ttf
74b798f80000-74b798f86000 r--s 00000000 103:04 3424642                   /home/costeer/.gradle/caches/8.13/transforms/a1abd87eddf4ea4c88c2471864c2e54a/transformed/layoutlib-runtime-15.2.3-linux/data/fonts/NotoSerifLao-Regular.ttf
74b798f86000-74b798f8b000 r--s 00000000 103:04 3424652                   /home/costeer/.gradle/caches/8.13/transforms/a1abd87eddf4ea4c88c2471864c2e54a/transformed/layoutlib-runtime-15.2.3-linux/data/fonts/NotoSansLao-Bold.ttf
74b798f8b000-74b798f94000 r--s 00000000 103:04 3424551                   /home/costeer/.gradle/caches/8.13/transforms/a1abd87eddf4ea4c88c2471864c2e54a/transformed/layoutlib-runtime-15.2.3-linux/data/fonts/NotoSansKhmerUI-Bold.ttf
74b798f94000-74b798f9e000 r--s 00000000 103:04 3424599                   /home/costeer/.gradle/caches/8.13/transforms/a1abd87eddf4ea4c88c2471864c2e54a/transformed/layoutlib-runtime-15.2.3-linux/data/fonts/NotoSansKhmerUI-Regular.ttf
74b798f9e000-74b798faa000 r--s 00000000 103:04 3424662                   /home/costeer/.gradle/caches/8.13/transforms/a1abd87eddf4ea4c88c2471864c2e54a/transformed/layoutlib-runtime-15.2.3-linux/data/fonts/NotoSerifKhmer-Bold.otf
74b798faa000-74b798fce000 r--s 00000000 103:04 3424523                   /home/costeer/.gradle/caches/8.13/transforms/a1abd87eddf4ea4c88c2471864c2e54a/transformed/layoutlib-runtime-15.2.3-linux/data/fonts/NotoSansKhmer-VF.ttf
74b798fce000-74b799026000 r--s 00000000 103:04 3424550                   /home/costeer/.gradle/caches/8.13/transforms/a1abd87eddf4ea4c88c2471864c2e54a/transformed/layoutlib-runtime-15.2.3-linux/data/fonts/NotoSansSinhalaUI-VF.ttf
74b799026000-74b79907c000 r--s 00000000 103:04 3424524                   /home/costeer/.gradle/caches/8.13/transforms/a1abd87eddf4ea4c88c2471864c2e54a/transformed/layoutlib-runtime-15.2.3-linux/data/fonts/NotoSerifSinhala-VF.ttf
74b79907c000-74b7990d4000 r--s 00000000 103:04 3424501                   /home/costeer/.gradle/caches/8.13/transforms/a1abd87eddf4ea4c88c2471864c2e54a/transformed/layoutlib-runtime-15.2.3-linux/data/fonts/NotoSansSinhala-VF.ttf
74b7990d4000-74b7990e8000 r--s 00000000 103:04 3424664                   /home/costeer/.gradle/caches/8.13/transforms/a1abd87eddf4ea4c88c2471864c2e54a/transformed/layoutlib-runtime-15.2.3-linux/data/fonts/NotoSansOriyaUI-Bold.ttf
74b7990e8000-74b7990fc000 r--s 00000000 103:04 3424594                   /home/costeer/.gradle/caches/8.13/transforms/a1abd87eddf4ea4c88c2471864c2e54a/transformed/layoutlib-runtime-15.2.3-linux/data/fonts/NotoSansOriyaUI-Regular.ttf
74b7990fc000-74b799111000 r--s 00000000 103:04 3424655                   /home/costeer/.gradle/caches/8.13/transforms/a1abd87eddf4ea4c88c2471864c2e54a/transformed/layoutlib-runtime-15.2.3-linux/data/fonts/NotoSansOriya-Bold.ttf
74b799111000-74b799126000 r--s 00000000 103:04 3424667                   /home/costeer/.gradle/caches/8.13/transforms/a1abd87eddf4ea4c88c2471864c2e54a/transformed/layoutlib-runtime-15.2.3-linux/data/fonts/NotoSansOriya-Regular.ttf
74b799126000-74b79915a000 r--s 00000000 103:04 3424729                   /home/costeer/.gradle/caches/8.13/transforms/a1abd87eddf4ea4c88c2471864c2e54a/transformed/layoutlib-runtime-15.2.3-linux/data/fonts/NotoSansKannadaUI-VF.ttf
74b79915a000-74b799197000 r--s 00000000 103:04 3424578                   /home/costeer/.gradle/caches/8.13/transforms/a1abd87eddf4ea4c88c2471864c2e54a/transformed/layoutlib-runtime-15.2.3-linux/data/fonts/NotoSerifKannada-VF.ttf
74b799197000-74b7991cb000 r--s 00000000 103:04 3424711                   /home/costeer/.gradle/caches/8.13/transforms/a1abd87eddf4ea4c88c2471864c2e54a/transformed/layoutlib-runtime-15.2.3-linux/data/fonts/NotoSansKannada-VF.ttf
74b7991cb000-74b799201000 r--s 00000000 103:04 3424722                   /home/costeer/.gradle/caches/8.13/transforms/a1abd87eddf4ea4c88c2471864c2e54a/transformed/layoutlib-runtime-15.2.3-linux/data/fonts/NotoSansTeluguUI-VF.ttf
74b799201000-74b799255000 r--s 00000000 103:04 3424511                   /home/costeer/.gradle/caches/8.13/transforms/a1abd87eddf4ea4c88c2471864c2e54a/transformed/layoutlib-runtime-15.2.3-linux/data/fonts/NotoSerifTelugu-VF.ttf
74b799255000-74b79928f000 r--s 00000000 103:04 3424517                   /home/costeer/.gradle/caches/8.13/transforms/a1abd87eddf4ea4c88c2471864c2e54a/transformed/layoutlib-runtime-15.2.3-linux/data/fonts/NotoSansTelugu-VF.ttf
74b79928f000-74b7992cc000 r--s 00000000 103:04 3424529                   /home/costeer/.gradle/caches/8.13/transforms/a1abd87eddf4ea4c88c2471864c2e54a/transformed/layoutlib-runtime-15.2.3-linux/data/fonts/NotoSansBengaliUI-VF.ttf
74b7992cc000-74b799314000 r--s 00000000 103:04 3424732                   /home/costeer/.gradle/caches/8.13/transforms/a1abd87eddf4ea4c88c2471864c2e54a/transformed/layoutlib-runtime-15.2.3-linux/data/fonts/NotoSerifBengali-VF.ttf
74b799314000-74b799351000 r--s 00000000 103:04 3424641                   /home/costeer/.gradle/caches/8.13/transforms/a1abd87eddf4ea4c88c2471864c2e54a/transformed/layoutlib-runtime-15.2.3-linux/data/fonts/NotoSansBengali-VF.ttf
74b799351000-74b799373000 r--s 00000000 103:04 3424553                   /home/costeer/.gradle/caches/8.13/transforms/a1abd87eddf4ea4c88c2471864c2e54a/transformed/layoutlib-runtime-15.2.3-linux/data/fonts/NotoSansMalayalamUI-VF.ttf
74b799373000-74b799392000 r--s 00000000 103:04 3424534                   /home/costeer/.gradle/caches/8.13/transforms/a1abd87eddf4ea4c88c2471864c2e54a/transformed/layoutlib-runtime-15.2.3-linux/data/fonts/NotoSerifMalayalam-VF.ttf
74b799392000-74b7993b4000 r--s 00000000 103:04 3424622                   /home/costeer/.gradle/caches/8.13/transforms/a1abd87eddf4ea4c88c2471864c2e54a/transformed/layoutlib-runtime-15.2.3-linux/data/fonts/NotoSansMalayalam-VF.ttf
74b7993b4000-74b7993d5000 r--s 00000000 103:04 3424616                   /home/costeer/.gradle/caches/8.13/transforms/a1abd87eddf4ea4c88c2471864c2e54a/transformed/layoutlib-runtime-15.2.3-linux/data/fonts/NotoSansTamilUI-VF.ttf
74b7993d5000-74b7993ec000 r--s 00000000 103:04 3424692                   /home/costeer/.gradle/caches/8.13/transforms/a1abd87eddf4ea4c88c2471864c2e54a/transformed/layoutlib-runtime-15.2.3-linux/data/fonts/NotoSerifTamil-VF.ttf
74b7993ec000-74b799400000 r--s 00000000 103:04 3424633                   /home/costeer/.gradle/caches/8.13/transforms/a1abd87eddf4ea4c88c2471864c2e54a/transformed/layoutlib-runtime-15.2.3-linux/data/fonts/NotoSansTamil-VF.ttf
74b799400000-74b79aeaa000 r--p 00000000 103:04 3424429                   /home/costeer/.gradle/caches/8.13/transforms/a1abd87eddf4ea4c88c2471864c2e54a/transformed/layoutlib-runtime-15.2.3-linux/data/icu/icudt75l.dat
74b79aeaa000-74b79aeba000 r--s 00000000 103:04 3424510                   /home/costeer/.gradle/caches/8.13/transforms/a1abd87eddf4ea4c88c2471864c2e54a/transformed/layoutlib-runtime-15.2.3-linux/data/fonts/NotoSansGurmukhiUI-VF.ttf
74b79aeba000-74b79aec8000 r--s 00000000 103:04 3424690                   /home/costeer/.gradle/caches/8.13/transforms/a1abd87eddf4ea4c88c2471864c2e54a/transformed/layoutlib-runtime-15.2.3-linux/data/fonts/NotoSerifGurmukhi-VF.ttf
74b79aec8000-74b79aed8000 r--s 00000000 103:04 3424707                   /home/costeer/.gradle/caches/8.13/transforms/a1abd87eddf4ea4c88c2471864c2e54a/transformed/layoutlib-runtime-15.2.3-linux/data/fonts/NotoSansGurmukhi-VF.ttf
74b79aed8000-74b79aef4000 r--s 00000000 103:04 3424600                   /home/costeer/.gradle/caches/8.13/transforms/a1abd87eddf4ea4c88c2471864c2e54a/transformed/layoutlib-runtime-15.2.3-linux/data/fonts/NotoSansGujaratiUI-Bold.ttf
74b79aef4000-74b79af11000 r--s 00000000 103:04 3424636                   /home/costeer/.gradle/caches/8.13/transforms/a1abd87eddf4ea4c88c2471864c2e54a/transformed/layoutlib-runtime-15.2.3-linux/data/fonts/NotoSansGujaratiUI-Regular.ttf
74b79af11000-74b79af3d000 r--s 00000000 103:04 3424565                   /home/costeer/.gradle/caches/8.13/transforms/a1abd87eddf4ea4c88c2471864c2e54a/transformed/layoutlib-runtime-15.2.3-linux/data/fonts/NotoSerifGujarati-VF.ttf
74b79af3d000-74b79af5a000 r--s 00000000 103:04 3424618                   /home/costeer/.gradle/caches/8.13/transforms/a1abd87eddf4ea4c88c2471864c2e54a/transformed/layoutlib-runtime-15.2.3-linux/data/fonts/NotoSansGujarati-Bold.ttf
74b79af5a000-74b79af78000 r--s 00000000 103:04 3424623                   /home/costeer/.gradle/caches/8.13/transforms/a1abd87eddf4ea4c88c2471864c2e54a/transformed/layoutlib-runtime-15.2.3-linux/data/fonts/NotoSansGujarati-Regular.ttf
74b79af78000-74b79afb5000 r--s 00000000 103:04 3424653                   /home/costeer/.gradle/caches/8.13/transforms/a1abd87eddf4ea4c88c2471864c2e54a/transformed/layoutlib-runtime-15.2.3-linux/data/fonts/NotoSansDevanagariUI-VF.ttf
74b79afb5000-74b79b000000 r--s 00000000 103:04 3424693                   /home/costeer/.gradle/caches/8.13/transforms/a1abd87eddf4ea4c88c2471864c2e54a/transformed/layoutlib-runtime-15.2.3-linux/data/fonts/NotoSerifDevanagari-VF.ttf
74b79b000000-74b79b400000 rw-p 00000000 00:00 0 
74b79b400000-74b79c180000 rw-p 00000000 00:00 0 
74b79c180000-74b79c200000 rw-p 00000000 00:00 0 
74b79c200000-74b79c400000 rw-p 00000000 00:00 0 
74b79c400000-74b79c500000 rw-p 00000000 00:00 0 
74b79c500000-74b79c600000 rw-p 00000000 00:00 0 
74b79c600000-74b79de20000 rw-p 00000000 00:00 0 
74b79de20000-74b79df00000 ---p 00000000 00:00 0 
74b79df00000-74b79dff0000 rw-p 00000000 00:00 0 
74b79dff0000-74b79f000000 ---p 00000000 00:00 0 
74b79f000000-74b79fbc7000 rw-p 00001000 103:04 12327881                  /nix/store/j5n2kxk19rgrrkb5z1w310sy7dkvlhgj-openjdk-headless-17.0.20.1+1/lib/openjdk/lib/server/classes.jsa
74b79fbc7000-74b7a0000000 ---p 00000000 00:00 0 
74b7a0000000-74b7a0040000 rw-p 00000000 00:00 0 
74b7a0040000-74b7a00c0000 rw-p 00000000 00:00 0 
74b7a00c0000-74b7a0100000 rw-p 00000000 00:00 0 
74b7a0100000-74b7a04c0000 rw-p 00000000 00:00 0 
74b7a04c0000-74b7a04d0000 rw-p 00000000 00:00 0 
74b7a04d0000-74b7a0500000 ---p 00000000 00:00 0 
74b7a0500000-74b7a0630000 rw-p 00000000 00:00 0 
74b7a0630000-74b7e0000000 ---p 00000000 00:00 0 
74b7e0000000-74b7e0021000 rw-p 00000000 00:00 0 
74b7e0021000-74b7e4000000 ---p 00000000 00:00 0 
74b7e4000000-74b7e4021000 rw-p 00000000 00:00 0 
74b7e4021000-74b7e8000000 ---p 00000000 00:00 0 
74b7e8000000-74b7e8021000 rw-p 00000000 00:00 0 
74b7e8021000-74b7ec000000 ---p 00000000 00:00 0 
74b7ec000000-74b7ec004000 r--s 00000000 103:04 3424528                   /home/costeer/.gradle/caches/8.13/transforms/a1abd87eddf4ea4c88c2471864c2e54a/transformed/layoutlib-runtime-15.2.3-linux/data/fonts/NotoSansThaana-Regular.ttf
74b7ec004000-74b7ec042000 r--s 00000000 103:04 3424628                   /home/costeer/.gradle/caches/8.13/transforms/a1abd87eddf4ea4c88c2471864c2e54a/transformed/layoutlib-runtime-15.2.3-linux/data/fonts/NotoSansDevanagari-VF.ttf
74b7ec042000-74b7ec055000 r--s 00000000 103:04 3424626                   /home/costeer/.gradle/caches/8.13/transforms/a1abd87eddf4ea4c88c2471864c2e54a/transformed/layoutlib-runtime-15.2.3-linux/data/fonts/NotoSerifGeorgian-VF.ttf
74b7ec055000-74b7ec065000 r--s 00000000 103:04 3424569                   /home/costeer/.gradle/caches/8.13/transforms/a1abd87eddf4ea4c88c2471864c2e54a/transformed/layoutlib-runtime-15.2.3-linux/data/fonts/NotoSansGeorgian-VF.ttf
74b7ec065000-74b7ec0ca000 r--s 00000000 103:04 3424533                   /home/costeer/.gradle/caches/8.13/transforms/a1abd87eddf4ea4c88c2471864c2e54a/transformed/layoutlib-runtime-15.2.3-linux/data/fonts/NotoSerifEthiopic-VF.ttf
74b7ec0ca000-74b7ec138000 r--s 00000000 103:04 3424538                   /home/costeer/.gradle/caches/8.13/transforms/a1abd87eddf4ea4c88c2471864c2e54a/transformed/layoutlib-runtime-15.2.3-linux/data/fonts/NotoSansEthiopic-VF.ttf
74b7ec138000-74b7ec156000 r--s 00000000 103:04 3424687                   /home/costeer/.gradle/caches/8.13/transforms/a1abd87eddf4ea4c88c2471864c2e54a/transformed/layoutlib-runtime-15.2.3-linux/data/fonts/NotoNaskhArabicUI-Bold.ttf
74b7ec156000-74b7ec197000 r--s 00000000 103:04 3424643                   /home/costeer/.gradle/caches/8.13/transforms/a1abd87eddf4ea4c88c2471864c2e54a/transformed/layoutlib-runtime-15.2.3-linux/data/fonts/NotoSerif-BoldItalic.ttf
74b7ec197000-74b7ec1d4000 r--s 00000000 103:04 3424575                   /home/costeer/.gradle/caches/8.13/transforms/a1abd87eddf4ea4c88c2471864c2e54a/transformed/layoutlib-runtime-15.2.3-linux/data/fonts/NotoSerif-Italic.ttf
74b7ec1d4000-74b7ec211000 r--s 00000000 103:04 3424536                   /home/costeer/.gradle/caches/8.13/transforms/a1abd87eddf4ea4c88c2471864c2e54a/transformed/layoutlib-runtime-15.2.3-linux/data/fonts/NotoSerif-Bold.ttf
74b7ec211000-74b7ec24e000 r--s 00000000 103:04 3424586                   /home/costeer/.gradle/caches/8.13/transforms/a1abd87eddf4ea4c88c2471864c2e54a/transformed/layoutlib-runtime-15.2.3-linux/data/fonts/NotoSerif-Regular.ttf
74b7ec24e000-74b7ec400000 r--s 00000000 103:04 3424644                   /home/costeer/.gradle/caches/8.13/transforms/a1abd87eddf4ea4c88c2471864c2e54a/transformed/layoutlib-runtime-15.2.3-linux/data/fonts/RobotoFlex-Regular.ttf
74b7ec400000-74b7ec644000 r--s 00000000 103:04 3424705                   /home/costeer/.gradle/caches/8.13/transforms/a1abd87eddf4ea4c88c2471864c2e54a/transformed/layoutlib-runtime-15.2.3-linux/data/fonts/Roboto-Regular.ttf
74b7ec644000-74b7ec645000 r--s 00000000 103:04 3424458                   /home/costeer/.gradle/caches/8.13/transforms/a1abd87eddf4ea4c88c2471864c2e54a/transformed/layoutlib-runtime-15.2.3-linux/data/hyphen-data/hyph-gu.hyb
74b7ec645000-74b7ec647000 r--s 00000000 103:04 3424718                   /home/costeer/.gradle/caches/8.13/transforms/a1abd87eddf4ea4c88c2471864c2e54a/transformed/layoutlib-runtime-15.2.3-linux/data/fonts/NotoSansCypriot-Regular.ttf
74b7ec647000-74b7ec651000 r--s 00000000 103:04 3424581                   /home/costeer/.gradle/caches/8.13/transforms/a1abd87eddf4ea4c88c2471864c2e54a/transformed/layoutlib-runtime-15.2.3-linux/data/fonts/NotoSerifKhmer-Regular.otf
74b7ec651000-74b7ec65a000 r--s 00000000 103:04 3424521                   /home/costeer/.gradle/caches/8.13/transforms/a1abd87eddf4ea4c88c2471864c2e54a/transformed/layoutlib-runtime-15.2.3-linux/data/fonts/NotoSerifArmenian-VF.ttf
74b7ec65a000-74b7ec678000 r--s 00000000 103:04 3424509                   /home/costeer/.gradle/caches/8.13/transforms/a1abd87eddf4ea4c88c2471864c2e54a/transformed/layoutlib-runtime-15.2.3-linux/data/fonts/NotoNaskhArabicUI-Regular.ttf
74b7ec6db000-74b7ec6de000 r--p 00000000 103:04 12327635                  /nix/store/j5n2kxk19rgrrkb5z1w310sy7dkvlhgj-openjdk-headless-17.0.20.1+1/lib/openjdk/lib/libawt_headless.so
74b7ec6de000-74b7ec6e2000 r-xp 00003000 103:04 12327635                  /nix/store/j5n2kxk19rgrrkb5z1w310sy7dkvlhgj-openjdk-headless-17.0.20.1+1/lib/openjdk/lib/libawt_headless.so
74b7ec6e2000-74b7ec6e4000 r--p 00007000 103:04 12327635                  /nix/store/j5n2kxk19rgrrkb5z1w310sy7dkvlhgj-openjdk-headless-17.0.20.1+1/lib/openjdk/lib/libawt_headless.so
74b7ec6e4000-74b7ec6e5000 r--p 00008000 103:04 12327635                  /nix/store/j5n2kxk19rgrrkb5z1w310sy7dkvlhgj-openjdk-headless-17.0.20.1+1/lib/openjdk/lib/libawt_headless.so
74b7ec6e5000-74b7ec6e6000 rw-p 00009000 103:04 12327635                  /nix/store/j5n2kxk19rgrrkb5z1w310sy7dkvlhgj-openjdk-headless-17.0.20.1+1/lib/openjdk/lib/libawt_headless.so
74b7ec6e6000-74b7ec6e8000 rw-p 0000c000 103:04 12327635                  /nix/store/j5n2kxk19rgrrkb5z1w310sy7dkvlhgj-openjdk-headless-17.0.20.1+1/lib/openjdk/lib/libawt_headless.so
74b7ec6e8000-74b7ec715000 r--p 00000000 103:04 12327632                  /nix/store/j5n2kxk19rgrrkb5z1w310sy7dkvlhgj-openjdk-headless-17.0.20.1+1/lib/openjdk/lib/libawt.so
74b7ec715000-74b7ec7b9000 r-xp 0002d000 103:04 12327632                  /nix/store/j5n2kxk19rgrrkb5z1w310sy7dkvlhgj-openjdk-headless-17.0.20.1+1/lib/openjdk/lib/libawt.so
74b7ec7b9000-74b7ec7c6000 r--p 000d1000 103:04 12327632                  /nix/store/j5n2kxk19rgrrkb5z1w310sy7dkvlhgj-openjdk-headless-17.0.20.1+1/lib/openjdk/lib/libawt.so
74b7ec7c6000-74b7ec7c7000 r--p 000dd000 103:04 12327632                  /nix/store/j5n2kxk19rgrrkb5z1w310sy7dkvlhgj-openjdk-headless-17.0.20.1+1/lib/openjdk/lib/libawt.so
74b7ec7c7000-74b7ec7d2000 rw-p 000de000 103:04 12327632                  /nix/store/j5n2kxk19rgrrkb5z1w310sy7dkvlhgj-openjdk-headless-17.0.20.1+1/lib/openjdk/lib/libawt.so
74b7ec7d2000-74b7ec7f7000 rw-p 00000000 00:00 0 
74b7ec7f7000-74b7ec800000 rw-p 000f7000 103:04 12327632                  /nix/store/j5n2kxk19rgrrkb5z1w310sy7dkvlhgj-openjdk-headless-17.0.20.1+1/lib/openjdk/lib/libawt.so
74b7ec800000-74b7ec804000 ---p 00000000 00:00 0 
74b7ec804000-74b7ec900000 rw-p 00000000 00:00 0 
74b7ec900000-74b7ec904000 ---p 00000000 00:00 0 
74b7ec904000-74b7eca00000 rw-p 00000000 00:00 0 
74b7eca00000-74b7ecdd9000 r--p 00000000 103:04 3424489                   /home/costeer/.gradle/caches/8.13/transforms/a1abd87eddf4ea4c88c2471864c2e54a/transformed/layoutlib-runtime-15.2.3-linux/data/linux/lib64/libandroid_runtime.so
74b7ecdd9000-74b7ed8bb000 r-xp 003d8000 103:04 3424489                   /home/costeer/.gradle/caches/8.13/transforms/a1abd87eddf4ea4c88c2471864c2e54a/transformed/layoutlib-runtime-15.2.3-linux/data/linux/lib64/libandroid_runtime.so
74b7ed8bb000-74b7ed904000 r--p 00eb9000 103:04 3424489                   /home/costeer/.gradle/caches/8.13/transforms/a1abd87eddf4ea4c88c2471864c2e54a/transformed/layoutlib-runtime-15.2.3-linux/data/linux/lib64/libandroid_runtime.so
74b7ed904000-74b7ed90a000 rw-p 00f01000 103:04 3424489                   /home/costeer/.gradle/caches/8.13/transforms/a1abd87eddf4ea4c88c2471864c2e54a/transformed/layoutlib-runtime-15.2.3-linux/data/linux/lib64/libandroid_runtime.so
74b7ed90a000-74b7ed917000 rw-p 00000000 00:00 0 
74b7ed917000-74b7ed918000 r--s 00000000 103:04 3424439                   /home/costeer/.gradle/caches/8.13/transforms/a1abd87eddf4ea4c88c2471864c2e54a/transformed/layoutlib-runtime-15.2.3-linux/data/hyphen-data/hyph-eu.hyb
74b7ed918000-74b7ed935000 r--s 00000000 103:04 3424681                   /home/costeer/.gradle/caches/8.13/transforms/a1abd87eddf4ea4c88c2471864c2e54a/transformed/layoutlib-runtime-15.2.3-linux/data/fonts/NotoNaskhArabic-Bold.ttf
74b7ed935000-74b7ed952000 r--s 00000000 103:04 3424542                   /home/costeer/.gradle/caches/8.13/transforms/a1abd87eddf4ea4c88c2471864c2e54a/transformed/layoutlib-runtime-15.2.3-linux/data/fonts/NotoNaskhArabic-Regular.ttf
74b7ed952000-74b7ed96c000 r--s 00000000 103:04 3424694                   /home/costeer/.gradle/caches/8.13/transforms/a1abd87eddf4ea4c88c2471864c2e54a/transformed/layoutlib-runtime-15.2.3-linux/data/fonts/SourceSansPro-BoldItalic.ttf
74b7ed96c000-74b7ed9b4000 r--s 00000000 103:04 3424731                   /home/costeer/.gradle/caches/8.13/transforms/a1abd87eddf4ea4c88c2471864c2e54a/transformed/layoutlib-runtime-15.2.3-linux/data/fonts/SourceSansPro-Bold.ttf
74b7ed9b4000-74b7ed9fc000 r--s 00000000 103:04 3424627                   /home/costeer/.gradle/caches/8.13/transforms/a1abd87eddf4ea4c88c2471864c2e54a/transformed/layoutlib-runtime-15.2.3-linux/data/fonts/SourceSansPro-SemiBold.ttf
74b7ed9fc000-74b7eda00000 ---p 00000000 00:00 0 
74b7eda00000-74b7edf00000 rw-p 00000000 00:00 0 
74b7edf00000-74b7edf04000 ---p 00000000 00:00 0 
74b7edf04000-74b7ee000000 rw-p 00000000 00:00 0 
74b7ee000000-74b7f0021000 rw-p 00000000 00:00 0 
74b7f0021000-74b7f4000000 ---p 00000000 00:00 0 
74b7f4000000-74b7f4021000 rw-p 00000000 00:00 0 
74b7f4021000-74b7f8000000 ---p 00000000 00:00 0 
74b7f8000000-74b7f8021000 rw-p 00000000 00:00 0 
74b7f8021000-74b7fc000000 ---p 00000000 00:00 0 
74b7fc000000-74b7fc001000 r--s 00000000 103:04 3424460                   /home/costeer/.gradle/caches/8.13/transforms/a1abd87eddf4ea4c88c2471864c2e54a/transformed/layoutlib-runtime-15.2.3-linux/data/hyphen-data/hyph-bn.hyb
74b7fc001000-74b7fc006000 r--s 00000000 103:04 3424676                   /home/costeer/.gradle/caches/8.13/transforms/a1abd87eddf4ea4c88c2471864c2e54a/transformed/layoutlib-runtime-15.2.3-linux/data/fonts/NotoSansLao-Regular.ttf
74b7fc006000-74b7fc020000 r--s 00000000 103:04 3424665                   /home/costeer/.gradle/caches/8.13/transforms/a1abd87eddf4ea4c88c2471864c2e54a/transformed/layoutlib-runtime-15.2.3-linux/data/fonts/SourceSansPro-SemiBoldItalic.ttf
74b7fc020000-74b7fc03a000 r--s 00000000 103:04 3424513                   /home/costeer/.gradle/caches/8.13/transforms/a1abd87eddf4ea4c88c2471864c2e54a/transformed/layoutlib-runtime-15.2.3-linux/data/fonts/SourceSansPro-Italic.ttf
74b7fc03a000-74b7fc075000 r--p 00000000 103:04 3424488                   /home/costeer/.gradle/caches/8.13/transforms/a1abd87eddf4ea4c88c2471864c2e54a/transformed/layoutlib-runtime-15.2.3-linux/data/linux/lib64/layoutlib_jni.so
74b7fc075000-74b7fc0ec000 r-xp 0003a000 103:04 3424488                   /home/costeer/.gradle/caches/8.13/transforms/a1abd87eddf4ea4c88c2471864c2e54a/transformed/layoutlib-runtime-15.2.3-linux/data/linux/lib64/layoutlib_jni.so
74b7fc0ec000-74b7fc0f4000 r--p 000b0000 103:04 3424488                   /home/costeer/.gradle/caches/8.13/transforms/a1abd87eddf4ea4c88c2471864c2e54a/transformed/layoutlib-runtime-15.2.3-linux/data/linux/lib64/layoutlib_jni.so
74b7fc0f4000-74b7fc0f6000 rw-p 000b7000 103:04 3424488                   /home/costeer/.gradle/caches/8.13/transforms/a1abd87eddf4ea4c88c2471864c2e54a/transformed/layoutlib-runtime-15.2.3-linux/data/linux/lib64/layoutlib_jni.so
74b7fc0f6000-74b7fc0f8000 rw-p 00000000 00:00 0 
74b7fc0f8000-74b7fc2fa000 rw-p 00000000 00:00 0 
74b7fc2fa000-74b7fc2fe000 ---p 00000000 00:00 0 
74b7fc2fe000-74b7fc3fa000 rw-p 00000000 00:00 0 
74b7fc3fa000-74b7fc3fe000 ---p 00000000 00:00 0 
74b7fc3fe000-74b7fc4fa000 rw-p 00000000 00:00 0 
74b7fc4fa000-74b7fc4fe000 ---p 00000000 00:00 0 
74b7fc4fe000-74b7fcaff000 rw-p 00000000 00:00 0 
74b7fcaff000-74b7fcb03000 ---p 00000000 00:00 0 
74b7fcb03000-74b7fcd00000 rw-p 00000000 00:00 0 
74b7fcd00000-74b7fcd04000 ---p 00000000 00:00 0 
74b7fcd04000-74b7fce00000 rw-p 00000000 00:00 0 
74b7fce00000-74b7fce04000 ---p 00000000 00:00 0 
74b7fce04000-74b7fcf00000 rw-p 00000000 00:00 0 
74b7fcf00000-74b7fcf04000 ---p 00000000 00:00 0 
74b7fcf04000-74b7fd000000 rw-p 00000000 00:00 0 
74b7fd000000-74b7fd349000 r--p 00000000 103:04 12327329                  /nix/store/7n769af7d879jlfn8d3h43bk617fan72-glibc-locales-2.42-84/lib/locale/locale-archive
74b7fd349000-74b7fd34a000 r--s 00000000 103:04 3424445                   /home/costeer/.gradle/caches/8.13/transforms/a1abd87eddf4ea4c88c2471864c2e54a/transformed/layoutlib-runtime-15.2.3-linux/data/hyphen-data/hyph-bg.hyb
74b7fd34a000-74b7fd34c000 r--s 00000000 103:04 3424590                   /home/costeer/.gradle/caches/8.13/transforms/a1abd87eddf4ea4c88c2471864c2e54a/transformed/layoutlib-runtime-15.2.3-linux/data/fonts/NotoSansCarian-Regular.ttf
74b7fd34c000-74b7fd355000 r--s 00000000 103:04 3424678                   /home/costeer/.gradle/caches/8.13/transforms/a1abd87eddf4ea4c88c2471864c2e54a/transformed/layoutlib-runtime-15.2.3-linux/data/fonts/NotoSansArmenian-VF.ttf
74b7fd355000-74b7fd35a000 r--s 00000000 103:04 3424661                   /home/costeer/.gradle/caches/8.13/transforms/a1abd87eddf4ea4c88c2471864c2e54a/transformed/layoutlib-runtime-15.2.3-linux/data/fonts/NotoSansThaiUI-Bold.ttf
74b7fd35a000-74b7fd3a2000 r--s 00000000 103:04 3424566                   /home/costeer/.gradle/caches/8.13/transforms/a1abd87eddf4ea4c88c2471864c2e54a/transformed/layoutlib-runtime-15.2.3-linux/data/fonts/SourceSansPro-Regular.ttf
74b7fd3a2000-74b7fd3bd000 r--s 00000000 103:04 3424709                   /home/costeer/.gradle/caches/8.13/transforms/a1abd87eddf4ea4c88c2471864c2e54a/transformed/layoutlib-runtime-15.2.3-linux/data/fonts/DroidSansMono.ttf
74b7fd3bd000-74b7fd3de000 r--s 00000000 103:04 3424671                   /home/costeer/.gradle/caches/8.13/transforms/a1abd87eddf4ea4c88c2471864c2e54a/transformed/layoutlib-runtime-15.2.3-linux/data/fonts/DancingScript-Regular.ttf
74b7fd3de000-74b7fd3e2000 ---p 00000000 00:00 0 
74b7fd3e2000-74b7fd400000 rw-p 00000000 00:00 0 
74b7fd400000-74b7fdd40000 rwxp 00000000 00:00 0 
74b7fdd40000-74b804937000 ---p 00000000 00:00 0 
74b804937000-74b804ba7000 rwxp 00000000 00:00 0 
74b804ba7000-74b804ec9000 ---p 00000000 00:00 0 
74b804ec9000-74b805139000 rwxp 00000000 00:00 0 
74b805139000-74b80c400000 ---p 00000000 00:00 0 
74b80c400000-74b813fec000 r--s 00000000 103:04 12327755                  /nix/store/j5n2kxk19rgrrkb5z1w310sy7dkvlhgj-openjdk-headless-17.0.20.1+1/lib/openjdk/lib/modules
74b813fec000-74b813ff2000 r--s 00000000 103:04 3424666                   /home/costeer/.gradle/caches/8.13/transforms/a1abd87eddf4ea4c88c2471864c2e54a/transformed/layoutlib-runtime-15.2.3-linux/data/fonts/NotoSansThaiUI-Regular.ttf
74b813ff2000-74b813ff9000 r--s 00000000 103:04 3424579                   /home/costeer/.gradle/caches/8.13/transforms/a1abd87eddf4ea4c88c2471864c2e54a/transformed/layoutlib-runtime-15.2.3-linux/data/fonts/NotoSerifThai-Bold.ttf
74b813ff9000-74b814000000 r--s 00000000 103:04 3424502                   /home/costeer/.gradle/caches/8.13/transforms/a1abd87eddf4ea4c88c2471864c2e54a/transformed/layoutlib-runtime-15.2.3-linux/data/fonts/NotoSerifThai-Regular.ttf
74b814000000-74b8165f4000 rw-p 00000000 00:00 0 
74b8165f4000-74b818000000 ---p 00000000 00:00 0 
74b818000000-74b818005000 r--s 00000000 103:04 3424700                   /home/costeer/.gradle/caches/8.13/transforms/a1abd87eddf4ea4c88c2471864c2e54a/transformed/layoutlib-runtime-15.2.3-linux/data/fonts/NotoSansThai-Bold.ttf
74b818005000-74b81800b000 r--s 00000000 103:04 3424629                   /home/costeer/.gradle/caches/8.13/transforms/a1abd87eddf4ea4c88c2471864c2e54a/transformed/layoutlib-runtime-15.2.3-linux/data/fonts/NotoSansThai-Regular.ttf
74b81800b000-74b81801f000 r--s 00000000 103:04 3424596                   /home/costeer/.gradle/caches/8.13/transforms/a1abd87eddf4ea4c88c2471864c2e54a/transformed/layoutlib-runtime-15.2.3-linux/data/fonts/CutiveMono.ttf
74b81801f000-74b818023000 ---p 00000000 00:00 0 
74b818023000-74b81811f000 rw-p 00000000 00:00 0 
74b81811f000-74b818123000 ---p 00000000 00:00 0 
74b818123000-74b81821f000 rw-p 00000000 00:00 0 
74b81821f000-74b818223000 ---p 00000000 00:00 0 
74b818223000-74b81831f000 rw-p 00000000 00:00 0 
74b81831f000-74b818323000 ---p 00000000 00:00 0 
74b818323000-74b81841f000 rw-p 00000000 00:00 0 
74b81841f000-74b818423000 ---p 00000000 00:00 0 
74b818423000-74b81851f000 rw-p 00000000 00:00 0 
74b81851f000-74b818523000 ---p 00000000 00:00 0 
74b818523000-74b81861f000 rw-p 00000000 00:00 0 
74b81861f000-74b818623000 ---p 00000000 00:00 0 
74b818623000-74b818820000 rw-p 00000000 00:00 0 
74b818820000-74b818825000 r--p 00000000 103:04 12327666                  /nix/store/j5n2kxk19rgrrkb5z1w310sy7dkvlhgj-openjdk-headless-17.0.20.1+1/lib/openjdk/lib/libjsvml.so
74b818825000-74b818866000 r-xp 00005000 103:04 12327666                  /nix/store/j5n2kxk19rgrrkb5z1w310sy7dkvlhgj-openjdk-headless-17.0.20.1+1/lib/openjdk/lib/libjsvml.so
74b818866000-74b8188ef000 r--p 00046000 103:04 12327666                  /nix/store/j5n2kxk19rgrrkb5z1w310sy7dkvlhgj-openjdk-headless-17.0.20.1+1/lib/openjdk/lib/libjsvml.so
74b8188ef000-74b8188f0000 r--p 000ce000 103:04 12327666                  /nix/store/j5n2kxk19rgrrkb5z1w310sy7dkvlhgj-openjdk-headless-17.0.20.1+1/lib/openjdk/lib/libjsvml.so
74b8188f0000-74b8188f1000 rw-p 000cf000 103:04 12327666                  /nix/store/j5n2kxk19rgrrkb5z1w310sy7dkvlhgj-openjdk-headless-17.0.20.1+1/lib/openjdk/lib/libjsvml.so
74b8188f1000-74b818af3000 rw-p 00000000 00:00 0 
74b818af3000-74b8194fd000 rw-p 00000000 00:00 0 
74b8194fd000-74b819800000 rw-p 00000000 00:00 0 
74b819800000-74b8199e8000 rw-p 00000000 00:00 0 
74b8199e8000-74b819a6c000 ---p 00000000 00:00 0 
74b819a6c000-74b819a9c000 rw-p 00000000 00:00 0 
74b819a9c000-74b819be4000 ---p 00000000 00:00 0 
74b819be4000-74b819be8000 rw-p 00000000 00:00 0 
74b819be8000-74b819ff8000 ---p 00000000 00:00 0 
74b819ff8000-74b81a1e8000 rw-p 00000000 00:00 0 
74b81a1e8000-74b81a26c000 ---p 00000000 00:00 0 
74b81a26c000-74b81a29c000 rw-p 00000000 00:00 0 
74b81a29c000-74b81a3e4000 ---p 00000000 00:00 0 
74b81a3e4000-74b81a3e8000 rw-p 00000000 00:00 0 
74b81a3e8000-74b81a7f8000 ---p 00000000 00:00 0 
74b81a7f8000-74b81a800000 rw-p 00000000 00:00 0 
74b81a800000-74b81a802000 r--s 00000000 103:04 3424576                   /home/costeer/.gradle/caches/8.13/transforms/a1abd87eddf4ea4c88c2471864c2e54a/transformed/layoutlib-runtime-15.2.3-linux/data/fonts/NotoSansBuhid-Regular.ttf
74b81a802000-74b81a807000 r--s 00000000 103:04 3424719                   /home/costeer/.gradle/caches/8.13/transforms/a1abd87eddf4ea4c88c2471864c2e54a/transformed/layoutlib-runtime-15.2.3-linux/data/fonts/NotoSerifHebrew-Bold.ttf
74b81a807000-74b81a80c000 r--s 00000000 103:04 3424715                   /home/costeer/.gradle/caches/8.13/transforms/a1abd87eddf4ea4c88c2471864c2e54a/transformed/layoutlib-runtime-15.2.3-linux/data/fonts/NotoSerifHebrew-Regular.ttf
74b81a80c000-74b81a81a000 r--s 00000000 103:04 3424515                   /home/costeer/.gradle/caches/8.13/transforms/a1abd87eddf4ea4c88c2471864c2e54a/transformed/layoutlib-runtime-15.2.3-linux/data/fonts/ComingSoon.ttf
74b81a81a000-74b81a933000 rw-p 00000000 00:00 0 
74b81a933000-74b81a943000 ---p 00000000 00:00 0 
74b81a943000-74b81a94a000 rw-p 00000000 00:00 0 
74b81a94a000-74b81a972000 ---p 00000000 00:00 0 
74b81a972000-74b81a973000 rw-p 00000000 00:00 0 
74b81a973000-74b81a9f5000 ---p 00000000 00:00 0 
74b81a9f5000-74b81aa33000 rw-p 00000000 00:00 0 
74b81aa33000-74b81aa43000 ---p 00000000 00:00 0 
74b81aa43000-74b81aa4a000 rw-p 00000000 00:00 0 
74b81aa4a000-74b81aa72000 ---p 00000000 00:00 0 
74b81aa72000-74b81aa73000 rw-p 00000000 00:00 0 
74b81aa73000-74b81aaf5000 ---p 00000000 00:00 0 
74b81aaf5000-74b81ab33000 rw-p 00000000 00:00 0 
74b81ab33000-74b81ab43000 ---p 00000000 00:00 0 
74b81ab43000-74b81ab4a000 rw-p 00000000 00:00 0 
74b81ab4a000-74b81ab72000 ---p 00000000 00:00 0 
74b81ab72000-74b81ab73000 rw-p 00000000 00:00 0 
74b81ab73000-74b81abf5000 ---p 00000000 00:00 0 
74b81abf5000-74b81b600000 rw-p 00000000 00:00 0 
74b81b600000-74b81b6aa000 r--p 00000000 103:04 12977102                  /nix/store/3b7njvjfc2w5lhj1jklrsw4lq7nwypri-gcc-15.2.0-lib/lib/libstdc++.so.6.0.34
74b81b6aa000-74b81b7de000 r-xp 000aa000 103:04 12977102                  /nix/store/3b7njvjfc2w5lhj1jklrsw4lq7nwypri-gcc-15.2.0-lib/lib/libstdc++.so.6.0.34
74b81b7de000-74b81b86c000 r--p 001de000 103:04 12977102                  /nix/store/3b7njvjfc2w5lhj1jklrsw4lq7nwypri-gcc-15.2.0-lib/lib/libstdc++.so.6.0.34
74b81b86c000-74b81b87d000 r--p 0026b000 103:04 12977102                  /nix/store/3b7njvjfc2w5lhj1jklrsw4lq7nwypri-gcc-15.2.0-lib/lib/libstdc++.so.6.0.34
74b81b87d000-74b81b87e000 rw-p 0027c000 103:04 12977102                  /nix/store/3b7njvjfc2w5lhj1jklrsw4lq7nwypri-gcc-15.2.0-lib/lib/libstdc++.so.6.0.34
74b81b87e000-74b81b882000 rw-p 00000000 00:00 0 
74b81b882000-74b81b885000 r--s 00000000 103:04 3424577                   /home/costeer/.gradle/caches/8.13/transforms/a1abd87eddf4ea4c88c2471864c2e54a/transformed/layoutlib-runtime-15.2.3-linux/data/fonts/NotoSansAvestan-Regular.ttf
74b81b885000-74b81b88a000 r--s 00000000 103:04 3424688                   /home/costeer/.gradle/caches/8.13/transforms/a1abd87eddf4ea4c88c2471864c2e54a/transformed/layoutlib-runtime-15.2.3-linux/data/fonts/NotoSansHebrew-Bold.ttf
74b81b88a000-74b81b894000 r--s 00000000 103:04 3424635                   /home/costeer/.gradle/caches/8.13/transforms/a1abd87eddf4ea4c88c2471864c2e54a/transformed/layoutlib-runtime-15.2.3-linux/data/fonts/CarroisGothicSC-Regular.ttf
74b81b894000-74b81b896000 r--p 00000000 103:04 12327643                  /nix/store/j5n2kxk19rgrrkb5z1w310sy7dkvlhgj-openjdk-headless-17.0.20.1+1/lib/openjdk/lib/libinstrument.so
74b81b896000-74b81b89d000 r-xp 00002000 103:04 12327643                  /nix/store/j5n2kxk19rgrrkb5z1w310sy7dkvlhgj-openjdk-headless-17.0.20.1+1/lib/openjdk/lib/libinstrument.so
74b81b89d000-74b81b8a0000 r--p 00009000 103:04 12327643                  /nix/store/j5n2kxk19rgrrkb5z1w310sy7dkvlhgj-openjdk-headless-17.0.20.1+1/lib/openjdk/lib/libinstrument.so
74b81b8a0000-74b81b8a1000 r--p 0000b000 103:04 12327643                  /nix/store/j5n2kxk19rgrrkb5z1w310sy7dkvlhgj-openjdk-headless-17.0.20.1+1/lib/openjdk/lib/libinstrument.so
74b81b8a1000-74b81b8a2000 rw-p 0000c000 103:04 12327643                  /nix/store/j5n2kxk19rgrrkb5z1w310sy7dkvlhgj-openjdk-headless-17.0.20.1+1/lib/openjdk/lib/libinstrument.so
74b81b8a2000-74b81b8a3000 rw-p 0000f000 103:04 12327643                  /nix/store/j5n2kxk19rgrrkb5z1w310sy7dkvlhgj-openjdk-headless-17.0.20.1+1/lib/openjdk/lib/libinstrument.so
74b81b8a3000-74b81b91a000 rw-p 00000000 00:00 0 
74b81b91a000-74b81ba00000 ---p 00000000 00:00 0 
74b81ba00000-74b81bc55000 r--p 00000000 103:04 12327897                  /nix/store/j5n2kxk19rgrrkb5z1w310sy7dkvlhgj-openjdk-headless-17.0.20.1+1/lib/openjdk/lib/server/libjvm.so
74b81bc55000-74b81ca4b000 r-xp 00255000 103:04 12327897                  /nix/store/j5n2kxk19rgrrkb5z1w310sy7dkvlhgj-openjdk-headless-17.0.20.1+1/lib/openjdk/lib/server/libjvm.so
74b81ca4b000-74b81ccc7000 r--p 0104b000 103:04 12327897                  /nix/store/j5n2kxk19rgrrkb5z1w310sy7dkvlhgj-openjdk-headless-17.0.20.1+1/lib/openjdk/lib/server/libjvm.so
74b81ccc7000-74b81cd81000 r--p 012c6000 103:04 12327897                  /nix/store/j5n2kxk19rgrrkb5z1w310sy7dkvlhgj-openjdk-headless-17.0.20.1+1/lib/openjdk/lib/server/libjvm.so
74b81cd81000-74b81cdb6000 rw-p 01380000 103:04 12327897                  /nix/store/j5n2kxk19rgrrkb5z1w310sy7dkvlhgj-openjdk-headless-17.0.20.1+1/lib/openjdk/lib/server/libjvm.so
74b81cdb6000-74b81ce11000 rw-p 00000000 00:00 0 
74b81ce11000-74b81ce14000 rw-p 01796000 103:04 12327897                  /nix/store/j5n2kxk19rgrrkb5z1w310sy7dkvlhgj-openjdk-headless-17.0.20.1+1/lib/openjdk/lib/server/libjvm.so
74b81ce14000-74b81ce15000 r--s 00000000 103:04 3424441                   /home/costeer/.gradle/caches/8.13/transforms/a1abd87eddf4ea4c88c2471864c2e54a/transformed/layoutlib-runtime-15.2.3-linux/data/hyphen-data/hyph-as.hyb
74b81ce15000-74b81ce28000 rw-p 00000000 00:00 0 
74b81ce28000-74b81cf00000 ---p 00000000 00:00 0 
74b81cf00000-74b81cf04000 ---p 00000000 00:00 0 
74b81cf04000-74b81d000000 rw-p 00000000 00:00 0 
74b81d000000-74b81d028000 r--p 00000000 103:04 11946579                  /nix/store/rkiwrqh8g6gs5rws4bf1s3mrdcs15gm9-glibc-2.42-84/lib/libc.so.6
74b81d028000-74b81d1a9000 r-xp 00028000 103:04 11946579                  /nix/store/rkiwrqh8g6gs5rws4bf1s3mrdcs15gm9-glibc-2.42-84/lib/libc.so.6
74b81d1a9000-74b81d1f8000 r--p 001a9000 103:04 11946579                  /nix/store/rkiwrqh8g6gs5rws4bf1s3mrdcs15gm9-glibc-2.42-84/lib/libc.so.6
74b81d1f8000-74b81d1fc000 r--p 001f7000 103:04 11946579                  /nix/store/rkiwrqh8g6gs5rws4bf1s3mrdcs15gm9-glibc-2.42-84/lib/libc.so.6
74b81d1fc000-74b81d1fe000 rw-p 001fb000 103:04 11946579                  /nix/store/rkiwrqh8g6gs5rws4bf1s3mrdcs15gm9-glibc-2.42-84/lib/libc.so.6
74b81d1fe000-74b81d20b000 rw-p 00000000 00:00 0 
74b81d20b000-74b81d20d000 r--s 00000000 103:04 3424724                   /home/costeer/.gradle/caches/8.13/transforms/a1abd87eddf4ea4c88c2471864c2e54a/transformed/layoutlib-runtime-15.2.3-linux/data/fonts/NotoSansBuginese-Regular.ttf
74b81d20d000-74b81d212000 r--s 00000000 103:04 3424630                   /home/costeer/.gradle/caches/8.13/transforms/a1abd87eddf4ea4c88c2471864c2e54a/transformed/layoutlib-runtime-15.2.3-linux/data/fonts/NotoSansHebrew-Regular.ttf
74b81d212000-74b81d213000 r--p 00000000 103:04 12327640                  /nix/store/j5n2kxk19rgrrkb5z1w310sy7dkvlhgj-openjdk-headless-17.0.20.1+1/lib/openjdk/lib/libextnet.so
74b81d213000-74b81d214000 r-xp 00001000 103:04 12327640                  /nix/store/j5n2kxk19rgrrkb5z1w310sy7dkvlhgj-openjdk-headless-17.0.20.1+1/lib/openjdk/lib/libextnet.so
74b81d214000-74b81d215000 r--p 00002000 103:04 12327640                  /nix/store/j5n2kxk19rgrrkb5z1w310sy7dkvlhgj-openjdk-headless-17.0.20.1+1/lib/openjdk/lib/libextnet.so
74b81d215000-74b81d216000 r--p 00002000 103:04 12327640                  /nix/store/j5n2kxk19rgrrkb5z1w310sy7dkvlhgj-openjdk-headless-17.0.20.1+1/lib/openjdk/lib/libextnet.so
74b81d216000-74b81d217000 rw-p 00003000 103:04 12327640                  /nix/store/j5n2kxk19rgrrkb5z1w310sy7dkvlhgj-openjdk-headless-17.0.20.1+1/lib/openjdk/lib/libextnet.so
74b81d217000-74b81d218000 rw-p 00005000 103:04 12327640                  /nix/store/j5n2kxk19rgrrkb5z1w310sy7dkvlhgj-openjdk-headless-17.0.20.1+1/lib/openjdk/lib/libextnet.so
74b81d218000-74b81d21d000 r--p 00000000 103:04 12327737                  /nix/store/j5n2kxk19rgrrkb5z1w310sy7dkvlhgj-openjdk-headless-17.0.20.1+1/lib/openjdk/lib/libverify.so
74b81d21d000-74b81d225000 r-xp 00005000 103:04 12327737                  /nix/store/j5n2kxk19rgrrkb5z1w310sy7dkvlhgj-openjdk-headless-17.0.20.1+1/lib/openjdk/lib/libverify.so
74b81d225000-74b81d227000 r--p 0000d000 103:04 12327737                  /nix/store/j5n2kxk19rgrrkb5z1w310sy7dkvlhgj-openjdk-headless-17.0.20.1+1/lib/openjdk/lib/libverify.so
74b81d227000-74b81d229000 r--p 0000e000 103:04 12327737                  /nix/store/j5n2kxk19rgrrkb5z1w310sy7dkvlhgj-openjdk-headless-17.0.20.1+1/lib/openjdk/lib/libverify.so
74b81d229000-74b81d22a000 rw-p 00010000 103:04 12327737                  /nix/store/j5n2kxk19rgrrkb5z1w310sy7dkvlhgj-openjdk-headless-17.0.20.1+1/lib/openjdk/lib/libverify.so
74b81d22a000-74b81d22b000 rw-p 00012000 103:04 12327737                  /nix/store/j5n2kxk19rgrrkb5z1w310sy7dkvlhgj-openjdk-headless-17.0.20.1+1/lib/openjdk/lib/libverify.so
74b81d22b000-74b81d22e000 r--p 00000000 103:04 12327749                  /nix/store/j5n2kxk19rgrrkb5z1w310sy7dkvlhgj-openjdk-headless-17.0.20.1+1/lib/openjdk/lib/libzip.so
74b81d22e000-74b81d233000 r-xp 00003000 103:04 12327749                  /nix/store/j5n2kxk19rgrrkb5z1w310sy7dkvlhgj-openjdk-headless-17.0.20.1+1/lib/openjdk/lib/libzip.so
74b81d233000-74b81d235000 r--p 00008000 103:04 12327749                  /nix/store/j5n2kxk19rgrrkb5z1w310sy7dkvlhgj-openjdk-headless-17.0.20.1+1/lib/openjdk/lib/libzip.so
74b81d235000-74b81d236000 r--p 00009000 103:04 12327749                  /nix/store/j5n2kxk19rgrrkb5z1w310sy7dkvlhgj-openjdk-headless-17.0.20.1+1/lib/openjdk/lib/libzip.so
74b81d236000-74b81d237000 rw-p 0000a000 103:04 12327749                  /nix/store/j5n2kxk19rgrrkb5z1w310sy7dkvlhgj-openjdk-headless-17.0.20.1+1/lib/openjdk/lib/libzip.so
74b81d237000-74b81d238000 rw-p 0000d000 103:04 12327749                  /nix/store/j5n2kxk19rgrrkb5z1w310sy7dkvlhgj-openjdk-headless-17.0.20.1+1/lib/openjdk/lib/libzip.so
74b81d238000-74b81d23c000 r--p 00000000 103:04 12327702                  /nix/store/j5n2kxk19rgrrkb5z1w310sy7dkvlhgj-openjdk-headless-17.0.20.1+1/lib/openjdk/lib/libnet.so
74b81d23c000-74b81d24b000 r-xp 00004000 103:04 12327702                  /nix/store/j5n2kxk19rgrrkb5z1w310sy7dkvlhgj-openjdk-headless-17.0.20.1+1/lib/openjdk/lib/libnet.so
74b81d24b000-74b81d24f000 r--p 00013000 103:04 12327702                  /nix/store/j5n2kxk19rgrrkb5z1w310sy7dkvlhgj-openjdk-headless-17.0.20.1+1/lib/openjdk/lib/libnet.so
74b81d24f000-74b81d250000 r--p 00016000 103:04 12327702                  /nix/store/j5n2kxk19rgrrkb5z1w310sy7dkvlhgj-openjdk-headless-17.0.20.1+1/lib/openjdk/lib/libnet.so
74b81d250000-74b81d251000 rw-p 00017000 103:04 12327702                  /nix/store/j5n2kxk19rgrrkb5z1w310sy7dkvlhgj-openjdk-headless-17.0.20.1+1/lib/openjdk/lib/libnet.so
74b81d251000-74b81d253000 rw-p 0001c000 103:04 12327702                  /nix/store/j5n2kxk19rgrrkb5z1w310sy7dkvlhgj-openjdk-headless-17.0.20.1+1/lib/openjdk/lib/libnet.so
74b81d253000-74b81d25b000 r--p 00000000 103:04 12327706                  /nix/store/j5n2kxk19rgrrkb5z1w310sy7dkvlhgj-openjdk-headless-17.0.20.1+1/lib/openjdk/lib/libnio.so
74b81d25b000-74b81d264000 r-xp 00008000 103:04 12327706                  /nix/store/j5n2kxk19rgrrkb5z1w310sy7dkvlhgj-openjdk-headless-17.0.20.1+1/lib/openjdk/lib/libnio.so
74b81d264000-74b81d268000 r--p 00011000 103:04 12327706                  /nix/store/j5n2kxk19rgrrkb5z1w310sy7dkvlhgj-openjdk-headless-17.0.20.1+1/lib/openjdk/lib/libnio.so
74b81d268000-74b81d269000 r--p 00015000 103:04 12327706                  /nix/store/j5n2kxk19rgrrkb5z1w310sy7dkvlhgj-openjdk-headless-17.0.20.1+1/lib/openjdk/lib/libnio.so
74b81d269000-74b81d26a000 rw-p 00016000 103:04 12327706                  /nix/store/j5n2kxk19rgrrkb5z1w310sy7dkvlhgj-openjdk-headless-17.0.20.1+1/lib/openjdk/lib/libnio.so
74b81d26a000-74b81d26e000 rw-p 0001c000 103:04 12327706                  /nix/store/j5n2kxk19rgrrkb5z1w310sy7dkvlhgj-openjdk-headless-17.0.20.1+1/lib/openjdk/lib/libnio.so
74b81d26e000-74b81d295000 rw-p 00000000 00:00 0 
74b81d295000-74b81d29c000 ---p 00000000 00:00 0 
74b81d29c000-74b81d2aa000 r--p 00000000 103:04 12327654                  /nix/store/j5n2kxk19rgrrkb5z1w310sy7dkvlhgj-openjdk-headless-17.0.20.1+1/lib/openjdk/lib/libjava.so
74b81d2aa000-74b81d2bd000 r-xp 0000e000 103:04 12327654                  /nix/store/j5n2kxk19rgrrkb5z1w310sy7dkvlhgj-openjdk-headless-17.0.20.1+1/lib/openjdk/lib/libjava.so
74b81d2bd000-74b81d2c3000 r--p 00021000 103:04 12327654                  /nix/store/j5n2kxk19rgrrkb5z1w310sy7dkvlhgj-openjdk-headless-17.0.20.1+1/lib/openjdk/lib/libjava.so
74b81d2c3000-74b81d2c4000 r--p 00027000 103:04 12327654                  /nix/store/j5n2kxk19rgrrkb5z1w310sy7dkvlhgj-openjdk-headless-17.0.20.1+1/lib/openjdk/lib/libjava.so
74b81d2c4000-74b81d2c5000 rw-p 00028000 103:04 12327654                  /nix/store/j5n2kxk19rgrrkb5z1w310sy7dkvlhgj-openjdk-headless-17.0.20.1+1/lib/openjdk/lib/libjava.so
74b81d2c5000-74b81d2c6000 rw-p 00000000 00:00 0 
74b81d2c6000-74b81d2cc000 rw-p 00033000 103:04 12327654                  /nix/store/j5n2kxk19rgrrkb5z1w310sy7dkvlhgj-openjdk-headless-17.0.20.1+1/lib/openjdk/lib/libjava.so
74b81d2cc000-74b81d2d4000 rw-s 00000000 103:04 3181388                   /tmp/hsperfdata_costeer/51270
74b81d2d4000-74b81d2d5000 ---p 00000000 00:00 0 
74b81d2d5000-74b81d2d6000 r--p 00000000 00:00 0 
74b81d2d6000-74b81d2da000 r--p 00000000 103:04 12846417                  /nix/store/yf2c1gngi2dqvgni1rgvnixxc0d8di02-gcc-15.2.0-libgcc/lib/libgcc_s.so.1
74b81d2da000-74b81d2fd000 r-xp 00004000 103:04 12846417                  /nix/store/yf2c1gngi2dqvgni1rgvnixxc0d8di02-gcc-15.2.0-libgcc/lib/libgcc_s.so.1
74b81d2fd000-74b81d301000 r--p 00027000 103:04 12846417                  /nix/store/yf2c1gngi2dqvgni1rgvnixxc0d8di02-gcc-15.2.0-libgcc/lib/libgcc_s.so.1
74b81d301000-74b81d302000 r--p 0002b000 103:04 12846417                  /nix/store/yf2c1gngi2dqvgni1rgvnixxc0d8di02-gcc-15.2.0-libgcc/lib/libgcc_s.so.1
74b81d302000-74b81d303000 rw-p 0002c000 103:04 12846417                  /nix/store/yf2c1gngi2dqvgni1rgvnixxc0d8di02-gcc-15.2.0-libgcc/lib/libgcc_s.so.1
74b81d303000-74b81d314000 r--p 00000000 103:04 11946591                  /nix/store/rkiwrqh8g6gs5rws4bf1s3mrdcs15gm9-glibc-2.42-84/lib/libm.so.6
74b81d314000-74b81d399000 r-xp 00011000 103:04 11946591                  /nix/store/rkiwrqh8g6gs5rws4bf1s3mrdcs15gm9-glibc-2.42-84/lib/libm.so.6
74b81d399000-74b81d3f9000 r--p 00096000 103:04 11946591                  /nix/store/rkiwrqh8g6gs5rws4bf1s3mrdcs15gm9-glibc-2.42-84/lib/libm.so.6
74b81d3f9000-74b81d3fa000 r--p 000f5000 103:04 11946591                  /nix/store/rkiwrqh8g6gs5rws4bf1s3mrdcs15gm9-glibc-2.42-84/lib/libm.so.6
74b81d3fa000-74b81d3fb000 rw-p 000f6000 103:04 11946591                  /nix/store/rkiwrqh8g6gs5rws4bf1s3mrdcs15gm9-glibc-2.42-84/lib/libm.so.6
74b81d3fb000-74b81d3fc000 r--p 00000000 103:04 11946614                  /nix/store/rkiwrqh8g6gs5rws4bf1s3mrdcs15gm9-glibc-2.42-84/lib/librt.so.1
74b81d3fc000-74b81d3fd000 r-xp 00001000 103:04 11946614                  /nix/store/rkiwrqh8g6gs5rws4bf1s3mrdcs15gm9-glibc-2.42-84/lib/librt.so.1
74b81d3fd000-74b81d3fe000 r--p 00002000 103:04 11946614                  /nix/store/rkiwrqh8g6gs5rws4bf1s3mrdcs15gm9-glibc-2.42-84/lib/librt.so.1
74b81d3fe000-74b81d3ff000 r--p 00002000 103:04 11946614                  /nix/store/rkiwrqh8g6gs5rws4bf1s3mrdcs15gm9-glibc-2.42-84/lib/librt.so.1
74b81d3ff000-74b81d400000 rw-p 00003000 103:04 11946614                  /nix/store/rkiwrqh8g6gs5rws4bf1s3mrdcs15gm9-glibc-2.42-84/lib/librt.so.1
74b81d400000-74b81d405000 rw-p 00000000 00:00 0 
74b81d405000-74b81d406000 r--p 00000000 103:04 11946589                  /nix/store/rkiwrqh8g6gs5rws4bf1s3mrdcs15gm9-glibc-2.42-84/lib/libdl.so.2
74b81d406000-74b81d407000 r-xp 00001000 103:04 11946589                  /nix/store/rkiwrqh8g6gs5rws4bf1s3mrdcs15gm9-glibc-2.42-84/lib/libdl.so.2
74b81d407000-74b81d408000 r--p 00002000 103:04 11946589                  /nix/store/rkiwrqh8g6gs5rws4bf1s3mrdcs15gm9-glibc-2.42-84/lib/libdl.so.2
74b81d408000-74b81d409000 r--p 00002000 103:04 11946589                  /nix/store/rkiwrqh8g6gs5rws4bf1s3mrdcs15gm9-glibc-2.42-84/lib/libdl.so.2
74b81d409000-74b81d40a000 rw-p 00003000 103:04 11946589                  /nix/store/rkiwrqh8g6gs5rws4bf1s3mrdcs15gm9-glibc-2.42-84/lib/libdl.so.2
74b81d40a000-74b81d40b000 r--p 00000000 103:04 11946607                  /nix/store/rkiwrqh8g6gs5rws4bf1s3mrdcs15gm9-glibc-2.42-84/lib/libpthread.so.0
74b81d40b000-74b81d40c000 r-xp 00001000 103:04 11946607                  /nix/store/rkiwrqh8g6gs5rws4bf1s3mrdcs15gm9-glibc-2.42-84/lib/libpthread.so.0
74b81d40c000-74b81d40d000 r--p 00002000 103:04 11946607                  /nix/store/rkiwrqh8g6gs5rws4bf1s3mrdcs15gm9-glibc-2.42-84/lib/libpthread.so.0
74b81d40d000-74b81d40e000 r--p 00002000 103:04 11946607                  /nix/store/rkiwrqh8g6gs5rws4bf1s3mrdcs15gm9-glibc-2.42-84/lib/libpthread.so.0
74b81d40e000-74b81d40f000 rw-p 00003000 103:04 11946607                  /nix/store/rkiwrqh8g6gs5rws4bf1s3mrdcs15gm9-glibc-2.42-84/lib/libpthread.so.0
74b81d40f000-74b81d410000 ---p 00000000 00:00 0 
74b81d410000-74b81d412000 r--p 00000000 103:04 12327661                  /nix/store/j5n2kxk19rgrrkb5z1w310sy7dkvlhgj-openjdk-headless-17.0.20.1+1/lib/openjdk/lib/libjimage.so
74b81d412000-74b81d415000 r-xp 00002000 103:04 12327661                  /nix/store/j5n2kxk19rgrrkb5z1w310sy7dkvlhgj-openjdk-headless-17.0.20.1+1/lib/openjdk/lib/libjimage.so
74b81d415000-74b81d416000 r--p 00005000 103:04 12327661                  /nix/store/j5n2kxk19rgrrkb5z1w310sy7dkvlhgj-openjdk-headless-17.0.20.1+1/lib/openjdk/lib/libjimage.so
74b81d416000-74b81d417000 r--p 00006000 103:04 12327661                  /nix/store/j5n2kxk19rgrrkb5z1w310sy7dkvlhgj-openjdk-headless-17.0.20.1+1/lib/openjdk/lib/libjimage.so
74b81d417000-74b81d418000 rw-p 00007000 103:04 12327661                  /nix/store/j5n2kxk19rgrrkb5z1w310sy7dkvlhgj-openjdk-headless-17.0.20.1+1/lib/openjdk/lib/libjimage.so
74b81d418000-74b81d419000 rw-p 0000a000 103:04 12327661                  /nix/store/j5n2kxk19rgrrkb5z1w310sy7dkvlhgj-openjdk-headless-17.0.20.1+1/lib/openjdk/lib/libjimage.so
74b81d419000-74b81d41c000 r--p 00000000 103:04 12327663                  /nix/store/j5n2kxk19rgrrkb5z1w310sy7dkvlhgj-openjdk-headless-17.0.20.1+1/lib/openjdk/lib/libjli.so
74b81d41c000-74b81d426000 r-xp 00003000 103:04 12327663                  /nix/store/j5n2kxk19rgrrkb5z1w310sy7dkvlhgj-openjdk-headless-17.0.20.1+1/lib/openjdk/lib/libjli.so
74b81d426000-74b81d429000 r--p 0000d000 103:04 12327663                  /nix/store/j5n2kxk19rgrrkb5z1w310sy7dkvlhgj-openjdk-headless-17.0.20.1+1/lib/openjdk/lib/libjli.so
74b81d429000-74b81d42a000 r--p 00010000 103:04 12327663                  /nix/store/j5n2kxk19rgrrkb5z1w310sy7dkvlhgj-openjdk-headless-17.0.20.1+1/lib/openjdk/lib/libjli.so
74b81d42a000-74b81d42b000 rw-p 00011000 103:04 12327663                  /nix/store/j5n2kxk19rgrrkb5z1w310sy7dkvlhgj-openjdk-headless-17.0.20.1+1/lib/openjdk/lib/libjli.so
74b81d42b000-74b81d42e000 r--p 00000000 103:04 12976823                  /nix/store/yq335q9gkpbpm9z7vzfcfngydldpj6q4-zlib-1.3.2/lib/libz.so.1.3.2
74b81d42e000-74b81d442000 r-xp 00003000 103:04 12976823                  /nix/store/yq335q9gkpbpm9z7vzfcfngydldpj6q4-zlib-1.3.2/lib/libz.so.1.3.2
74b81d442000-74b81d448000 r--p 00017000 103:04 12976823                  /nix/store/yq335q9gkpbpm9z7vzfcfngydldpj6q4-zlib-1.3.2/lib/libz.so.1.3.2
74b81d448000-74b81d449000 r--p 0001c000 103:04 12976823                  /nix/store/yq335q9gkpbpm9z7vzfcfngydldpj6q4-zlib-1.3.2/lib/libz.so.1.3.2
74b81d449000-74b81d44a000 rw-p 0001d000 103:04 12976823                  /nix/store/yq335q9gkpbpm9z7vzfcfngydldpj6q4-zlib-1.3.2/lib/libz.so.1.3.2
74b81d44a000-74b81d44c000 rw-p 00000000 00:00 0 
74b81d44c000-74b81d450000 r--p 00000000 00:00 0                          [vvar]
74b81d450000-74b81d452000 r--p 00000000 00:00 0                          [vvar_vclock]
74b81d452000-74b81d454000 r-xp 00000000 00:00 0                          [vdso]
74b81d454000-74b81d455000 r--p 00000000 103:04 11946571                  /nix/store/rkiwrqh8g6gs5rws4bf1s3mrdcs15gm9-glibc-2.42-84/lib/ld-linux-x86-64.so.2
74b81d455000-74b81d480000 r-xp 00001000 103:04 11946571                  /nix/store/rkiwrqh8g6gs5rws4bf1s3mrdcs15gm9-glibc-2.42-84/lib/ld-linux-x86-64.so.2
74b81d480000-74b81d48b000 r--p 0002c000 103:04 11946571                  /nix/store/rkiwrqh8g6gs5rws4bf1s3mrdcs15gm9-glibc-2.42-84/lib/ld-linux-x86-64.so.2
74b81d48b000-74b81d48d000 r--p 00037000 103:04 11946571                  /nix/store/rkiwrqh8g6gs5rws4bf1s3mrdcs15gm9-glibc-2.42-84/lib/ld-linux-x86-64.so.2
74b81d48d000-74b81d48e000 rw-p 00039000 103:04 11946571                  /nix/store/rkiwrqh8g6gs5rws4bf1s3mrdcs15gm9-glibc-2.42-84/lib/ld-linux-x86-64.so.2
74b81d48e000-74b81d48f000 rw-p 00000000 00:00 0 
7ffdcc886000-7ffdcc8aa000 rw-p 00000000 00:00 0                          [stack]
ffffffffff600000-ffffffffff601000 --xp 00000000 00:00 0                  [vsyscall]


VM Arguments:
jvm_args: -Djava.awt.headless=true -Djava.library.path=/home/costeer/.cache/appimage-run/8dc1fccdabc2ed3a59a3944cc772ef11931b9351401c0963ed305d5f96e3cdf4/usr/lib:/home/costeer/git/quicklauncher/modules/layout/core/src/testDebug/jniLibs:/home/costeer/git/quicklauncher/modules/layout/core/src/test/jniLibs -Dorg.gradle.internal.worker.tmpdir=/home/costeer/git/quicklauncher/modules/layout/core/build/tmp/testDebugUnitTest/work -Dpaparazzi.artifacts.cache.dir=/home/costeer/.gradle -Dpaparazzi.build.dir=/home/costeer/git/quicklauncher/modules/layout/core/build -Dpaparazzi.layoutlib.resources.root=/home/costeer/.gradle/caches/8.13/transforms/8ec8d0cdb52975cdac90d64157769820/transformed/layoutlib-resources-15.2.3 -Dpaparazzi.layoutlib.runtime.root=/home/costeer/.gradle/caches/8.13/transforms/a1abd87eddf4ea4c88c2471864c2e54a/transformed/layoutlib-runtime-15.2.3-linux -Dpaparazzi.project.dir=/home/costeer/git/quicklauncher/modules/layout/core -Dpaparazzi.report.dir=/home/costeer/git/quicklauncher/modules/layout/core/build/reports/paparazzi/debug -Dpaparazzi.snapshot.dir=/home/costeer/git/quicklauncher/modules/layout/core/src/test/snapshots -Dpaparazzi.test.record=false -Dpaparazzi.test.resources=/home/costeer/git/quicklauncher/modules/layout/core/build/intermediates/paparazzi/debug/resources.json -Dpaparazzi.test.verify=false --add-opens=java.base/java.io=ALL-UNNAMED -Xmx512m -Dfile.encoding=UTF-8 -Duser.country -Duser.language=en -Duser.variant -ea 
java_command: worker.org.gradle.process.internal.worker.GradleWorkerMain 'Gradle Test Executor 42'
java_class_path (initial): /home/costeer/.gradle/caches/8.13/workerMain/gradle-worker.jar:/home/costeer/git/quicklauncher/modules/layout/core/build/intermediates/unit_test_config_directory/debugUnitTest/generateDebugUnitTestConfig/out:/home/costeer/git/quicklauncher/modules/layout/core/build/intermediates/classes/debugUnitTest/transformDebugUnitTestClassesWithAsm/jars/0.jar:/home/costeer/git/quicklauncher/modules/layout/core/build/intermediates/classes/debugUnitTest/transformDebugUnitTestClassesWithAsm/dirs:/home/costeer/git/quicklauncher/modules/layout/core/build/intermediates/java_res/debugUnitTest/processDebugUnitTestJavaRes/out:/home/costeer/.gradle/caches/8.13/transforms/98f555bcda619c734d2ce1de262a5619/transformed/classes.jar:/home/costeer/.gradle/caches/8.13/transforms/d6b7aa859a3bb02fff55cae2ba0a3294/transformed/paparazzi-2.0.0-alpha02.jar:/home/costeer/.gradle/caches/8.13/transforms/ca2400454fc00136806bd7dc5e7d202e/transformed/junit-4.13.2.jar:/home/costeer/.gradle/caches/8.13/transforms/fff4790d3bbf925f3e932e21eec138fe/transformed/fakes.jar:/home/costeer/.gradle/caches/8.13/transforms/61fdb198e112650ce7ff7b967b43250d/transformed/contracts.jar:/home/costeer/.gradle/caches/8.13/transforms/a984fa9b1e7075e5117563754afdfdba/transformed/sdk-common-31.10.1.jar:/home/costeer/.gradle/caches/8.13/transforms/604c38d36bac3d1b219bb408124ee67e/transformed/sdklib-31.10.1.jar:/home/costeer/.gradle/caches/8.13/transforms/1ba1dfb37852c6a6385552c7fa0f1658/transformed/layoutlib-api-31.11.0-rc02.jar:/home/costeer/.gradle/caches/8.13/transforms/5013bbffce4fe8a48b9b6a8865c425e3/transformed/contribution.jar:/home/costeer/.gradle/caches/8.13/transforms/d2a6ef1f70c40e1e440bfa96755f8689/transformed/ui.jar:/home/costeer/.gradle/caches/8.13/transforms/8e9fd2259bccb90c29a7c52504192f58/transformed/material3-runtime.jar:/home/costeer/.gradle/caches/8.13/transforms/2c600cd36d528c6a8c5f1efcc2af5ee4/transformed/animation-core-runtime.jar:/home/costeer/.gradle/caches/8.13/transforms/598b4f
Launcher Type: SUN_STANDARD

[Global flags]
     intx CICompilerCount                          = 4                                         {product} {ergonomic}
     uint ConcGCThreads                            = 3                                         {product} {ergonomic}
     uint G1ConcRefinementThreads                  = 10                                        {product} {ergonomic}
   size_t G1HeapRegionSize                         = 1048576                                   {product} {ergonomic}
    uintx GCDrainStackTargetSize                   = 64                                        {product} {ergonomic}
   size_t InitialHeapSize                          = 262144000                                 {product} {ergonomic}
   size_t MarkStackSize                            = 4194304                                   {product} {ergonomic}
   size_t MaxHeapSize                              = 536870912                                 {product} {command line}
   size_t MaxNewSize                               = 321912832                                 {product} {ergonomic}
   size_t MinHeapDeltaBytes                        = 1048576                                   {product} {ergonomic}
   size_t MinHeapSize                              = 8388608                                   {product} {ergonomic}
    uintx NonNMethodCodeHeapSize                   = 5839372                                {pd product} {ergonomic}
    uintx NonProfiledCodeHeapSize                  = 122909434                              {pd product} {ergonomic}
    uintx ProfiledCodeHeapSize                     = 122909434                              {pd product} {ergonomic}
    uintx ReservedCodeCacheSize                    = 251658240                              {pd product} {ergonomic}
     bool SegmentedCodeCache                       = true                                      {product} {ergonomic}
   size_t SoftMaxHeapSize                          = 536870912                              {manageable} {ergonomic}
     bool UseCompressedClassPointers               = true                           {product lp64_product} {ergonomic}
     bool UseCompressedOops                        = true                           {product lp64_product} {ergonomic}
     bool UseG1GC                                  = true                                      {product} {ergonomic}

Logging:
Log output configuration:
 #0: stdout all=warning uptime,level,tags
 #1: stderr all=off uptime,level,tags

Environment Variables:
JAVA_HOME=/nix/store/j5n2kxk19rgrrkb5z1w310sy7dkvlhgj-openjdk-headless-17.0.20.1+1/lib/openjdk
PATH=/nix/store/j5n2kxk19rgrrkb5z1w310sy7dkvlhgj-openjdk-headless-17.0.20.1+1/lib/openjdk/bin:/home/costeer/.cache/quicklauncher-android-sdk/platform-tools:/home/costeer/.local/bin:/home/costeer/bin:/home/costeer/.cargo/bin:/home/costeer/.nix-profile/bin:/home/costeer/.local/state/nix/profile/bin:/etc/profiles/per-user/costeer/bin:/run/wrappers/bin:/run/current-system/sw/bin:/home/costeer/.codex/tmp/arg0/codex-arg0O2rnxk:/nix/store/zc6fy62c341aibk36p4ywff7rf9wn4wx-ripgrep-15.2.0/bin:/nix/store/v24sx9l1jmvvia3z8iznrd7jwhvc8kcf-bubblewrap-0.11.2/bin:/home/costeer/.t3/userdata/device/bin:/home/costeer/.cache/appimage-run/8dc1fccdabc2ed3a59a3944cc772ef11931b9351401c0963ed305d5f96e3cdf4:/home/costeer/.cache/appimage-run/8dc1fccdabc2ed3a59a3944cc772ef11931b9351401c0963ed305d5f96e3cdf4/usr/sbin:/nix/store/yisa2lg79zcvgk4ck4yr6r0lz6j63hs3-bash-interactive-5.3p9/bin:/nix/store/63wdfxcylc7rzym8iwhv84yppg8gj3vv-binutils-2.46/bin:/nix/store/61685rbaxmpigwi3z23i33sv3jyfl70q-coreutils-9.11/bin:/nix/store/l048yqk8sv2lpz14ww39bqc3vzcmlz6m-gawk-5.4.1/bin:/nix/store/dcb4510gbbkd7kg59m97ampjf4dhi43a-libarchive-3.8.9/bin:/nix/store/xdjv3i61fcnbgzk5ml63w3z3m8c4g0p1-pv-1.10.5/bin:/nix/store/24lz9z364d9dymy8izf99av7j2vmw753-squashfs-4.7.5/bin:/usr/bin:/usr/sbin:/nix/store/viadyk3hg56ib6vky4cm3sb2y3n305aw-nodejs-24.19.0/bin:/nix/store/2dzir0i44c70w1n5iazj9mbv2lnzwl03-vicinae-0.23.2/bin:/nix/store/rcdh962vp1xhsv30wp86qi29bbyjiw6k-flatpak-1.16.6/bin:/nix/store/khnfirshq5j299s6sfj0laxj0vr7gaa6-systemd-260.2/bin:/nix/store/6d9hq89y1d3973dnw231x6mvm9k7y6rf-uwsm-0.26.4/bin:/nix/store/kql2l4nafrby8ghb3klj5n8arhd2v61h-util-linux-2.42.2-bin/bin:/nix/store/iqbwcih63p34ma7ymzp9g2sildl650aw-newt-0.52.24/bin:/nix/store/i26gxxjkkgmgbcvd3w40rjm76qhcc9fj-libnotify-0.8.8/bin:/nix/store/qaf88ijkrzm2928y1irgizz88mnd93gc-python3-3.13.15-env/bin:/nix/store/f3h5rjppq3xkr2cwp0ara5q096bndnjm-dmenu-5.4/bin:/home/costeer/usr/bin
LD_LIBRARY_PATH=/home/costeer/.cache/appimage-run/8dc1fccdabc2ed3a59a3944cc772ef11931b9351401c0963ed305d5f96e3cdf4/usr/lib
SHELL=/run/current-system/sw/bin/zsh
DISPLAY=:0
LANG=en_US.UTF-8
LC_ALL=C.UTF-8
LC_CTYPE=C.UTF-8
LC_NUMERIC=de_DE.UTF-8
LC_TIME=de_DE.UTF-8
TERM=linux

Active Locale:
LC_ALL=LC_CTYPE=C.UTF-8;LC_NUMERIC=en_US.UTF-8;LC_TIME=C.UTF-8;LC_COLLATE=C.UTF-8;LC_MONETARY=C.UTF-8;LC_MESSAGES=C.UTF-8;LC_PAPER=C.UTF-8;LC_NAME=C.UTF-8;LC_ADDRESS=C.UTF-8;LC_TELEPHONE=C.UTF-8;LC_MEASUREMENT=C.UTF-8;LC_IDENTIFICATION=C.UTF-8
LC_COLLATE=C.UTF-8
LC_CTYPE=C.UTF-8
LC_MESSAGES=C.UTF-8
LC_MONETARY=C.UTF-8
LC_NUMERIC=en_US.UTF-8
LC_TIME=C.UTF-8

Signal Handlers:
   SIGSEGV: crash_handler in libjvm.so, mask=11100100010111111101111111111110, flags=SA_RESTART|SA_SIGINFO, unblocked
    SIGBUS: crash_handler in libjvm.so, mask=11100100010111111101111111111110, flags=SA_RESTART|SA_SIGINFO, unblocked
    SIGFPE: crash_handler in libjvm.so, mask=11100100010111111101111111111110, flags=SA_RESTART|SA_SIGINFO, unblocked
   SIGPIPE: javaSignalHandler in libjvm.so, mask=11100100010111111101111111111110, flags=SA_RESTART|SA_SIGINFO, blocked
   SIGXFSZ: javaSignalHandler in libjvm.so, mask=11100100010111111101111111111110, flags=SA_RESTART|SA_SIGINFO, blocked
    SIGILL: crash_handler in libjvm.so, mask=11100100010111111101111111111110, flags=SA_RESTART|SA_SIGINFO, unblocked
   SIGUSR2: SR_handler in libjvm.so, mask=00100000000000000000000000000000, flags=SA_RESTART|SA_SIGINFO, blocked
    SIGHUP: UserHandler in libjvm.so, mask=11100100010111111101111111111110, flags=SA_RESTART|SA_SIGINFO, blocked
    SIGINT: UserHandler in libjvm.so, mask=11100100010111111101111111111110, flags=SA_RESTART|SA_SIGINFO, blocked
   SIGTERM: UserHandler in libjvm.so, mask=11100100010111111101111111111110, flags=SA_RESTART|SA_SIGINFO, blocked
   SIGQUIT: UserHandler in libjvm.so, mask=11100100010111111101111111111110, flags=SA_RESTART|SA_SIGINFO, blocked
   SIGTRAP: crash_handler in libjvm.so, mask=11100100010111111101111111111110, flags=SA_RESTART|SA_SIGINFO, unblocked


Periodic native trim disabled


---------------  S Y S T E M  ---------------

OS:
ANSI_COLOR="0;38;2;126;186;228"
BUG_REPORT_URL="https://github.com/NixOS/nixpkgs/issues"
BUILD_ID="26.05.20260905.6713828"
CPE_NAME="cpe:/o:nixos:nixos:26.05"
DEFAULT_HOSTNAME=nixos
DOCUMENTATION_URL="https://nixos.org/learn.html"
HOME_URL="https://nixos.org/"
ID=nixos
ID_LIKE=""
IMAGE_ID=""
IMAGE_VERSION=""
LOGO="nix-snowflake"
NAME=NixOS
PRETTY_NAME="NixOS 26.05 (Yarara)"
SUPPORT_END="2026-12-31"
SUPPORT_URL="https://nixos.org/community.html"
VARIANT=""
VARIANT_ID=""
VENDOR_NAME=NixOS
VENDOR_URL="https://nixos.org/"
VERSION="26.05 (Yarara)"
VERSION_CODENAME=yarara
VERSION_ID="26.05"
uname: Linux 6.18.49 #1-NixOS SMP PREEMPT_DYNAMIC Wed Sep  2 12:31:51 UTC 2026 x86_64
OS uptime: 0 days 1:04 hours
libc: glibc 2.42 NPTL 2.42 
rlimit (soft/hard): STACK 8192k/infinity , CORE infinity/infinity , NPROC 63502/63502 , NOFILE 524288/524288 , AS infinity/infinity , CPU infinity/infinity , DATA infinity/infinity , FSIZE infinity/infinity , MEMLOCK 8192k/8192k
load average: 24.34 14.66 7.64

/proc/meminfo:
MemTotal:       16298320 kB
MemFree:          720504 kB
MemAvailable:    4215284 kB
Buffers:          246180 kB
Cached:          3242940 kB
SwapCached:         3280 kB
Active:         11414100 kB
Inactive:        2280540 kB
Active(anon):    9741972 kB
Inactive(anon):   555192 kB
Active(file):    1672128 kB
Inactive(file):  1725348 kB
Unevictable:       20820 kB
Mlocked:           20812 kB
SwapTotal:       8148988 kB
SwapFree:        7207520 kB
Zswap:                 0 kB
Zswapped:              0 kB
Dirty:            151240 kB
Writeback:           112 kB
AnonPages:      10225464 kB
Mapped:           669904 kB
Shmem:             78276 kB
KReclaimable:     435008 kB
Slab:             708588 kB
SReclaimable:     435008 kB
SUnreclaim:       273580 kB
KernelStack:       22576 kB
PageTables:        55008 kB
SecPageTables:      4044 kB
NFS_Unstable:          0 kB
Bounce:                0 kB
WritebackTmp:          0 kB
CommitLimit:    16298148 kB
Committed_AS:   20975488 kB
VmallocTotal:   34359738367 kB
VmallocUsed:      253636 kB
VmallocChunk:          0 kB
Percpu:            12192 kB
HardwareCorrupted:     0 kB
AnonHugePages:         0 kB
ShmemHugePages:        0 kB
ShmemPmdMapped:        0 kB
FileHugePages:    268288 kB
FilePmdMapped:         0 kB
CmaTotal:              0 kB
CmaFree:               0 kB
Unaccepted:            0 kB
Balloon:               0 kB
HugePages_Total:       0
HugePages_Free:        0
HugePages_Rsvd:        0
HugePages_Surp:        0
Hugepagesize:       2048 kB
Hugetlb:               0 kB
DirectMap4k:     1370276 kB
DirectMap2M:    14280704 kB
DirectMap1G:     1048576 kB

/sys/kernel/mm/transparent_hugepage/enabled: always [madvise] never
/sys/kernel/mm/transparent_hugepage/hpage_pmd_size: 2097152
/sys/kernel/mm/transparent_hugepage/defrag (defrag/compaction efforts parameter): always defer defer+madvise [madvise] never

Process Memory:
Virtual Size: 4934432K (peak: 4999968K)
Resident Set Size: 410468K (peak: 410468K) (anon: 361180K, file: 49288K, shmem: 0K)
Swapped out: 0K
C-Heap outstanding allocations: 150188K, retained: 19587K
glibc malloc tunables: (default)

/proc/sys/kernel/threads-max (system-wide limit on the number of threads): 127005
/proc/sys/vm/max_map_count (maximum number of memory map areas a process may have): 1048576
/proc/sys/vm/swappiness (control to define how aggressively the kernel swaps out anonymous memory): 10
/proc/sys/kernel/pid_max (system-wide limit on number of process identifiers): 4194304

container (cgroup) information:
container_type: cgroupv2
cpu_cpuset_cpus: not supported
cpu_memory_nodes: not supported
active_processor_count: 12
cpu_quota: not supported
cpu_period: not supported
cpu_shares: not supported
memory_limit_in_bytes: unlimited
memory_and_swap_limit_in_bytes: unlimited
memory_soft_limit_in_bytes: 0
memory_usage_in_bytes: 12811848 k
memory_max_usage_in_bytes: not supported
rss_usage_in_bytes: 9682548 k
cache_usage_in_bytes: 2809440 k
memory_swap_current_in_bytes: 317280 k
memory_swap_max_limit_in_bytes: unlimited
maximum number of tasks: 19050
current number of tasks: 825

Steal ticks since vm start: 0
Steal ticks percentage since vm start:  0.000

CPU: total 12 (initial active 12) (12 cores per cpu, 2 threads per core) family 23 model 113 stepping 0 microcode 0x8701034, cx8, cmov, fxsr, ht, mmx, 3dnowpref, sse, sse2, sse3, ssse3, sse4a, sse4.1, sse4.2, popcnt, lzcnt, tsc, tscinvbit, avx, avx2, aes, clmul, bmi1, bmi2, adx, sha, fma, vzeroupper, clflush, clflushopt
CPU Model and flags from /proc/cpuinfo:
model name	: AMD Ryzen 5 3600 6-Core Processor
flags		: fpu vme de pse tsc msr pae mce cx8 apic sep mtrr pge mca cmov pat pse36 clflush mmx fxsr sse sse2 ht syscall nx mmxext fxsr_opt pdpe1gb rdtscp lm constant_tsc rep_good nopl xtopology nonstop_tsc cpuid extd_apicid aperfmperf rapl pni pclmulqdq monitor ssse3 fma cx16 sse4_1 sse4_2 x2apic movbe popcnt aes xsave avx f16c rdrand lahf_lm cmp_legacy svm extapic cr8_legacy abm sse4a misalignsse 3dnowprefetch osvw ibs skinit wdt tce topoext perfctr_core perfctr_nb bpext perfctr_llc mwaitx cpb cat_l3 cdp_l3 hw_pstate ssbd mba ibpb stibp vmmcall fsgsbase bmi1 avx2 smep bmi2 cqm rdt_a rdseed adx smap clflushopt clwb sha_ni xsaveopt xsavec xgetbv1 cqm_llc cqm_occup_llc cqm_mbm_total cqm_mbm_local clzero irperf xsaveerptr rdpru wbnoinvd arat npt lbrv svm_lock nrip_save tsc_scale vmcb_clean flushbyasid decodeassists pausefilter pfthreshold avic v_vmsave_vmload vgif v_spec_ctrl umip rdpid overflow_recov succor smca sev sev_es

Online cpus: 0-11
Offline cpus: 
BIOS frequency limitation: <Not Available>
Frequency switch latency (ns): 0
Available cpu frequencies: <Not Available>
Current governor: performance
Core performance/turbo boost: 1

Memory: 4k page, physical 16298320k(720504k free), swap 8148988k(7207520k free)
Page Sizes: 4k

vm_info: OpenJDK 64-Bit Server VM (17.0.20.1+1-nixos) for linux-amd64 JRE (17.0.20.1+1-nixos), built on Aug 29 2026 06:56:36 by "" with gcc 15.2.0

END.
